WIDTH=32;
DEPTH=32768;

ADDRESS_RADIX=HEX;
DATA_RADIX=HEX;

CONTENT BEGIN
    0000 : 34000000;
    0001 : 40000000;
    0002 : 82004000;
    0003 : 78000001;
    0004 : 4020FFFF;
    0005 : 80304200;
    0006 : 82034100;
    0007 : 43220001;
    0008 : 5C200002;
    0009 : 58000005;
    000A : 00000000;
    000B : 00000000;
    000C : 00000000;
    000D : 00000000;
    000E : 00000000;
    000F : 00000000;
    0010 : 00000000;
    0011 : 00000000;
    0012 : 00000000;
    0013 : 00000000;
    0014 : 00000000;
    0015 : 00000000;
    0016 : 00000000;
    0017 : 00000000;
    0018 : 00000000;
    0019 : 00000000;
    001A : 00000000;
    001B : 00000000;
    001C : 00000000;
    001D : 00000000;
    001E : 00000000;
    001F : 00000000;
    0020 : 00000000;
    0021 : 00000000;
    0022 : 00000000;
    0023 : 00000000;
    0024 : 00000000;
    0025 : 00000000;
    0026 : 00000000;
    0027 : 00000000;
    0028 : 00000000;
    0029 : 00000000;
    002A : 00000000;
    002B : 00000000;
    002C : 00000000;
    002D : 00000000;
    002E : 00000000;
    002F : 00000000;
    0030 : 00000000;
    0031 : 00000000;
    0032 : 00000000;
    0033 : 00000000;
    0034 : 00000000;
    0035 : 00000000;
    0036 : 00000000;
    0037 : 00000000;
    0038 : 00000000;
    0039 : 00000000;
    003A : 00000000;
    003B : 00000000;
    003C : 00000000;
    003D : 00000000;
    003E : 00000000;
    003F : 00000000;
    0040 : 00000000;
    0041 : 00000000;
    0042 : 00000000;
    0043 : 00000000;
    0044 : 00000000;
    0045 : 00000000;
    0046 : 00000000;
    0047 : 00000000;
    0048 : 00000000;
    0049 : 00000000;
    004A : 00000000;
    004B : 00000000;
    004C : 00000000;
    004D : 00000000;
    004E : 00000000;
    004F : 00000000;
    0050 : 00000000;
    0051 : 00000000;
    0052 : 00000000;
    0053 : 00000000;
    0054 : 00000000;
    0055 : 00000000;
    0056 : 00000000;
    0057 : 00000000;
    0058 : 00000000;
    0059 : 00000000;
    005A : 00000000;
    005B : 00000000;
    005C : 00000000;
    005D : 00000000;
    005E : 00000000;
    005F : 00000000;
    0060 : 00000000;
    0061 : 00000000;
    0062 : 00000000;
    0063 : 00000000;
    0064 : 00000000;
    0065 : 00000000;
    0066 : 00000000;
    0067 : 00000000;
    0068 : 00000000;
    0069 : 00000000;
    006A : 00000000;
    006B : 00000000;
    006C : 00000000;
    006D : 00000000;
    006E : 00000000;
    006F : 00000000;
    0070 : 00000000;
    0071 : 00000000;
    0072 : 00000000;
    0073 : 00000000;
    0074 : 00000000;
    0075 : 00000000;
    0076 : 00000000;
    0077 : 00000000;
    0078 : 00000000;
    0079 : 00000000;
    007A : 00000000;
    007B : 00000000;
    007C : 00000000;
    007D : 00000000;
    007E : 00000000;
    007F : 00000000;
    0080 : 00000000;
    0081 : 00000000;
    0082 : 00000000;
    0083 : 00000000;
    0084 : 00000000;
    0085 : 00000000;
    0086 : 00000000;
    0087 : 00000000;
    0088 : 00000000;
    0089 : 00000000;
    008A : 00000000;
    008B : 00000000;
    008C : 00000000;
    008D : 00000000;
    008E : 00000000;
    008F : 00000000;
    0090 : 00000000;
    0091 : 00000000;
    0092 : 00000000;
    0093 : 00000000;
    0094 : 00000000;
    0095 : 00000000;
    0096 : 00000000;
    0097 : 00000000;
    0098 : 00000000;
    0099 : 00000000;
    009A : 00000000;
    009B : 00000000;
    009C : 00000000;
    009D : 00000000;
    009E : 00000000;
    009F : 00000000;
    00A0 : 00000000;
    00A1 : 00000000;
    00A2 : 00000000;
    00A3 : 00000000;
    00A4 : 00000000;
    00A5 : 00000000;
    00A6 : 00000000;
    00A7 : 00000000;
    00A8 : 00000000;
    00A9 : 00000000;
    00AA : 00000000;
    00AB : 00000000;
    00AC : 00000000;
    00AD : 00000000;
    00AE : 00000000;
    00AF : 00000000;
    00B0 : 00000000;
    00B1 : 00000000;
    00B2 : 00000000;
    00B3 : 00000000;
    00B4 : 00000000;
    00B5 : 00000000;
    00B6 : 00000000;
    00B7 : 00000000;
    00B8 : 00000000;
    00B9 : 00000000;
    00BA : 00000000;
    00BB : 00000000;
    00BC : 00000000;
    00BD : 00000000;
    00BE : 00000000;
    00BF : 00000000;
    00C0 : 00000000;
    00C1 : 00000000;
    00C2 : 00000000;
    00C3 : 00000000;
    00C4 : 00000000;
    00C5 : 00000000;
    00C6 : 00000000;
    00C7 : 00000000;
    00C8 : 00000000;
    00C9 : 00000000;
    00CA : 00000000;
    00CB : 00000000;
    00CC : 00000000;
    00CD : 00000000;
    00CE : 00000000;
    00CF : 00000000;
    00D0 : 00000000;
    00D1 : 00000000;
    00D2 : 00000000;
    00D3 : 00000000;
    00D4 : 00000000;
    00D5 : 00000000;
    00D6 : 00000000;
    00D7 : 00000000;
    00D8 : 00000000;
    00D9 : 00000000;
    00DA : 00000000;
    00DB : 00000000;
    00DC : 00000000;
    00DD : 00000000;
    00DE : 00000000;
    00DF : 00000000;
    00E0 : 00000000;
    00E1 : 00000000;
    00E2 : 00000000;
    00E3 : 00000000;
    00E4 : 00000000;
    00E5 : 00000000;
    00E6 : 00000000;
    00E7 : 00000000;
    00E8 : 00000000;
    00E9 : 00000000;
    00EA : 00000000;
    00EB : 00000000;
    00EC : 00000000;
    00ED : 00000000;
    00EE : 00000000;
    00EF : 00000000;
    00F0 : 00000000;
    00F1 : 00000000;
    00F2 : 00000000;
    00F3 : 00000000;
    00F4 : 00000000;
    00F5 : 00000000;
    00F6 : 00000000;
    00F7 : 00000000;
    00F8 : 00000000;
    00F9 : 00000000;
    00FA : 00000000;
    00FB : 00000000;
    00FC : 00000000;
    00FD : 00000000;
    00FE : 00000000;
    00FF : 00000000;
    0100 : 00000000;
    0101 : 00000000;
    0102 : 00000000;
    0103 : 00000000;
    0104 : 00000000;
    0105 : 00000000;
    0106 : 00000000;
    0107 : 00000000;
    0108 : 00000000;
    0109 : 00000000;
    010A : 00000000;
    010B : 00000000;
    010C : 00000000;
    010D : 00000000;
    010E : 00000000;
    010F : 00000000;
    0110 : 00000000;
    0111 : 00000000;
    0112 : 00000000;
    0113 : 00000000;
    0114 : 00000000;
    0115 : 00000000;
    0116 : 00000000;
    0117 : 00000000;
    0118 : 00000000;
    0119 : 00000000;
    011A : 00000000;
    011B : 00000000;
    011C : 00000000;
    011D : 00000000;
    011E : 00000000;
    011F : 00000000;
    0120 : 00000000;
    0121 : 00000000;
    0122 : 00000000;
    0123 : 00000000;
    0124 : 00000000;
    0125 : 00000000;
    0126 : 00000000;
    0127 : 00000000;
    0128 : 00000000;
    0129 : 00000000;
    012A : 00000000;
    012B : 00000000;
    012C : 00000000;
    012D : 00000000;
    012E : 00000000;
    012F : 00000000;
    0130 : 00000000;
    0131 : 00000000;
    0132 : 00000000;
    0133 : 00000000;
    0134 : 00000000;
    0135 : 00000000;
    0136 : 00000000;
    0137 : 00000000;
    0138 : 00000000;
    0139 : 00000000;
    013A : 00000000;
    013B : 00000000;
    013C : 00000000;
    013D : 00000000;
    013E : 00000000;
    013F : 00000000;
    0140 : 00000000;
    0141 : 00000000;
    0142 : 00000000;
    0143 : 00000000;
    0144 : 00000000;
    0145 : 00000000;
    0146 : 00000000;
    0147 : 00000000;
    0148 : 00000000;
    0149 : 00000000;
    014A : 00000000;
    014B : 00000000;
    014C : 00000000;
    014D : 00000000;
    014E : 00000000;
    014F : 00000000;
    0150 : 00000000;
    0151 : 00000000;
    0152 : 00000000;
    0153 : 00000000;
    0154 : 00000000;
    0155 : 00000000;
    0156 : 00000000;
    0157 : 00000000;
    0158 : 00000000;
    0159 : 00000000;
    015A : 00000000;
    015B : 00000000;
    015C : 00000000;
    015D : 00000000;
    015E : 00000000;
    015F : 00000000;
    0160 : 00000000;
    0161 : 00000000;
    0162 : 00000000;
    0163 : 00000000;
    0164 : 00000000;
    0165 : 00000000;
    0166 : 00000000;
    0167 : 00000000;
    0168 : 00000000;
    0169 : 00000000;
    016A : 00000000;
    016B : 00000000;
    016C : 00000000;
    016D : 00000000;
    016E : 00000000;
    016F : 00000000;
    0170 : 00000000;
    0171 : 00000000;
    0172 : 00000000;
    0173 : 00000000;
    0174 : 00000000;
    0175 : 00000000;
    0176 : 00000000;
    0177 : 00000000;
    0178 : 00000000;
    0179 : 00000000;
    017A : 00000000;
    017B : 00000000;
    017C : 00000000;
    017D : 00000000;
    017E : 00000000;
    017F : 00000000;
    0180 : 00000000;
    0181 : 00000000;
    0182 : 00000000;
    0183 : 00000000;
    0184 : 00000000;
    0185 : 00000000;
    0186 : 00000000;
    0187 : 00000000;
    0188 : 00000000;
    0189 : 00000000;
    018A : 00000000;
    018B : 00000000;
    018C : 00000000;
    018D : 00000000;
    018E : 00000000;
    018F : 00000000;
    0190 : 00000000;
    0191 : 00000000;
    0192 : 00000000;
    0193 : 00000000;
    0194 : 00000000;
    0195 : 00000000;
    0196 : 00000000;
    0197 : 00000000;
    0198 : 00000000;
    0199 : 00000000;
    019A : 00000000;
    019B : 00000000;
    019C : 00000000;
    019D : 00000000;
    019E : 00000000;
    019F : 00000000;
    01A0 : 00000000;
    01A1 : 00000000;
    01A2 : 00000000;
    01A3 : 00000000;
    01A4 : 00000000;
    01A5 : 00000000;
    01A6 : 00000000;
    01A7 : 00000000;
    01A8 : 00000000;
    01A9 : 00000000;
    01AA : 00000000;
    01AB : 00000000;
    01AC : 00000000;
    01AD : 00000000;
    01AE : 00000000;
    01AF : 00000000;
    01B0 : 00000000;
    01B1 : 00000000;
    01B2 : 00000000;
    01B3 : 00000000;
    01B4 : 00000000;
    01B5 : 00000000;
    01B6 : 00000000;
    01B7 : 00000000;
    01B8 : 00000000;
    01B9 : 00000000;
    01BA : 00000000;
    01BB : 00000000;
    01BC : 00000000;
    01BD : 00000000;
    01BE : 00000000;
    01BF : 00000000;
    01C0 : 00000000;
    01C1 : 00000000;
    01C2 : 00000000;
    01C3 : 00000000;
    01C4 : 00000000;
    01C5 : 00000000;
    01C6 : 00000000;
    01C7 : 00000000;
    01C8 : 00000000;
    01C9 : 00000000;
    01CA : 00000000;
    01CB : 00000000;
    01CC : 00000000;
    01CD : 00000000;
    01CE : 00000000;
    01CF : 00000000;
    01D0 : 00000000;
    01D1 : 00000000;
    01D2 : 00000000;
    01D3 : 00000000;
    01D4 : 00000000;
    01D5 : 00000000;
    01D6 : 00000000;
    01D7 : 00000000;
    01D8 : 00000000;
    01D9 : 00000000;
    01DA : 00000000;
    01DB : 00000000;
    01DC : 00000000;
    01DD : 00000000;
    01DE : 00000000;
    01DF : 00000000;
    01E0 : 00000000;
    01E1 : 00000000;
    01E2 : 00000000;
    01E3 : 00000000;
    01E4 : 00000000;
    01E5 : 00000000;
    01E6 : 00000000;
    01E7 : 00000000;
    01E8 : 00000000;
    01E9 : 00000000;
    01EA : 00000000;
    01EB : 00000000;
    01EC : 00000000;
    01ED : 00000000;
    01EE : 00000000;
    01EF : 00000000;
    01F0 : 00000000;
    01F1 : 00000000;
    01F2 : 00000000;
    01F3 : 00000000;
    01F4 : 00000000;
    01F5 : 00000000;
    01F6 : 00000000;
    01F7 : 00000000;
    01F8 : 00000000;
    01F9 : 00000000;
    01FA : 00000000;
    01FB : 00000000;
    01FC : 00000000;
    01FD : 00000000;
    01FE : 00000000;
    01FF : 00000000;
    0200 : 00000000;
    0201 : 00000000;
    0202 : 00000000;
    0203 : 00000000;
    0204 : 00000000;
    0205 : 00000000;
    0206 : 00000000;
    0207 : 00000000;
    0208 : 00000000;
    0209 : 00000000;
    020A : 00000000;
    020B : 00000000;
    020C : 00000000;
    020D : 00000000;
    020E : 00000000;
    020F : 00000000;
    0210 : 00000000;
    0211 : 00000000;
    0212 : 00000000;
    0213 : 00000000;
    0214 : 00000000;
    0215 : 00000000;
    0216 : 00000000;
    0217 : 00000000;
    0218 : 00000000;
    0219 : 00000000;
    021A : 00000000;
    021B : 00000000;
    021C : 00000000;
    021D : 00000000;
    021E : 00000000;
    021F : 00000000;
    0220 : 00000000;
    0221 : 00000000;
    0222 : 00000000;
    0223 : 00000000;
    0224 : 00000000;
    0225 : 00000000;
    0226 : 00000000;
    0227 : 00000000;
    0228 : 00000000;
    0229 : 00000000;
    022A : 00000000;
    022B : 00000000;
    022C : 00000000;
    022D : 00000000;
    022E : 00000000;
    022F : 00000000;
    0230 : 00000000;
    0231 : 00000000;
    0232 : 00000000;
    0233 : 00000000;
    0234 : 00000000;
    0235 : 00000000;
    0236 : 00000000;
    0237 : 00000000;
    0238 : 00000000;
    0239 : 00000000;
    023A : 00000000;
    023B : 00000000;
    023C : 00000000;
    023D : 00000000;
    023E : 00000000;
    023F : 00000000;
    0240 : 00000000;
    0241 : 00000000;
    0242 : 00000000;
    0243 : 00000000;
    0244 : 00000000;
    0245 : 00000000;
    0246 : 00000000;
    0247 : 00000000;
    0248 : 00000000;
    0249 : 00000000;
    024A : 00000000;
    024B : 00000000;
    024C : 00000000;
    024D : 00000000;
    024E : 00000000;
    024F : 00000000;
    0250 : 00000000;
    0251 : 00000000;
    0252 : 00000000;
    0253 : 00000000;
    0254 : 00000000;
    0255 : 00000000;
    0256 : 00000000;
    0257 : 00000000;
    0258 : 00000000;
    0259 : 00000000;
    025A : 00000000;
    025B : 00000000;
    025C : 00000000;
    025D : 00000000;
    025E : 00000000;
    025F : 00000000;
    0260 : 00000000;
    0261 : 00000000;
    0262 : 00000000;
    0263 : 00000000;
    0264 : 00000000;
    0265 : 00000000;
    0266 : 00000000;
    0267 : 00000000;
    0268 : 00000000;
    0269 : 00000000;
    026A : 00000000;
    026B : 00000000;
    026C : 00000000;
    026D : 00000000;
    026E : 00000000;
    026F : 00000000;
    0270 : 00000000;
    0271 : 00000000;
    0272 : 00000000;
    0273 : 00000000;
    0274 : 00000000;
    0275 : 00000000;
    0276 : 00000000;
    0277 : 00000000;
    0278 : 00000000;
    0279 : 00000000;
    027A : 00000000;
    027B : 00000000;
    027C : 00000000;
    027D : 00000000;
    027E : 00000000;
    027F : 00000000;
    0280 : 00000000;
    0281 : 00000000;
    0282 : 00000000;
    0283 : 00000000;
    0284 : 00000000;
    0285 : 00000000;
    0286 : 00000000;
    0287 : 00000000;
    0288 : 00000000;
    0289 : 00000000;
    028A : 00000000;
    028B : 00000000;
    028C : 00000000;
    028D : 00000000;
    028E : 00000000;
    028F : 00000000;
    0290 : 00000000;
    0291 : 00000000;
    0292 : 00000000;
    0293 : 00000000;
    0294 : 00000000;
    0295 : 00000000;
    0296 : 00000000;
    0297 : 00000000;
    0298 : 00000000;
    0299 : 00000000;
    029A : 00000000;
    029B : 00000000;
    029C : 00000000;
    029D : 00000000;
    029E : 00000000;
    029F : 00000000;
    02A0 : 00000000;
    02A1 : 00000000;
    02A2 : 00000000;
    02A3 : 00000000;
    02A4 : 00000000;
    02A5 : 00000000;
    02A6 : 00000000;
    02A7 : 00000000;
    02A8 : 00000000;
    02A9 : 00000000;
    02AA : 00000000;
    02AB : 00000000;
    02AC : 00000000;
    02AD : 00000000;
    02AE : 00000000;
    02AF : 00000000;
    02B0 : 00000000;
    02B1 : 00000000;
    02B2 : 00000000;
    02B3 : 00000000;
    02B4 : 00000000;
    02B5 : 00000000;
    02B6 : 00000000;
    02B7 : 00000000;
    02B8 : 00000000;
    02B9 : 00000000;
    02BA : 00000000;
    02BB : 00000000;
    02BC : 00000000;
    02BD : 00000000;
    02BE : 00000000;
    02BF : 00000000;
    02C0 : 00000000;
    02C1 : 00000000;
    02C2 : 00000000;
    02C3 : 00000000;
    02C4 : 00000000;
    02C5 : 00000000;
    02C6 : 00000000;
    02C7 : 00000000;
    02C8 : 00000000;
    02C9 : 00000000;
    02CA : 00000000;
    02CB : 00000000;
    02CC : 00000000;
    02CD : 00000000;
    02CE : 00000000;
    02CF : 00000000;
    02D0 : 00000000;
    02D1 : 00000000;
    02D2 : 00000000;
    02D3 : 00000000;
    02D4 : 00000000;
    02D5 : 00000000;
    02D6 : 00000000;
    02D7 : 00000000;
    02D8 : 00000000;
    02D9 : 00000000;
    02DA : 00000000;
    02DB : 00000000;
    02DC : 00000000;
    02DD : 00000000;
    02DE : 00000000;
    02DF : 00000000;
    02E0 : 00000000;
    02E1 : 00000000;
    02E2 : 00000000;
    02E3 : 00000000;
    02E4 : 00000000;
    02E5 : 00000000;
    02E6 : 00000000;
    02E7 : 00000000;
    02E8 : 00000000;
    02E9 : 00000000;
    02EA : 00000000;
    02EB : 00000000;
    02EC : 00000000;
    02ED : 00000000;
    02EE : 00000000;
    02EF : 00000000;
    02F0 : 00000000;
    02F1 : 00000000;
    02F2 : 00000000;
    02F3 : 00000000;
    02F4 : 00000000;
    02F5 : 00000000;
    02F6 : 00000000;
    02F7 : 00000000;
    02F8 : 00000000;
    02F9 : 00000000;
    02FA : 00000000;
    02FB : 00000000;
    02FC : 00000000;
    02FD : 00000000;
    02FE : 00000000;
    02FF : 00000000;
    0300 : 00000000;
    0301 : 00000000;
    0302 : 00000000;
    0303 : 00000000;
    0304 : 00000000;
    0305 : 00000000;
    0306 : 00000000;
    0307 : 00000000;
    0308 : 00000000;
    0309 : 00000000;
    030A : 00000000;
    030B : 00000000;
    030C : 00000000;
    030D : 00000000;
    030E : 00000000;
    030F : 00000000;
    0310 : 00000000;
    0311 : 00000000;
    0312 : 00000000;
    0313 : 00000000;
    0314 : 00000000;
    0315 : 00000000;
    0316 : 00000000;
    0317 : 00000000;
    0318 : 00000000;
    0319 : 00000000;
    031A : 00000000;
    031B : 00000000;
    031C : 00000000;
    031D : 00000000;
    031E : 00000000;
    031F : 00000000;
    0320 : 00000000;
    0321 : 00000000;
    0322 : 00000000;
    0323 : 00000000;
    0324 : 00000000;
    0325 : 00000000;
    0326 : 00000000;
    0327 : 00000000;
    0328 : 00000000;
    0329 : 00000000;
    032A : 00000000;
    032B : 00000000;
    032C : 00000000;
    032D : 00000000;
    032E : 00000000;
    032F : 00000000;
    0330 : 00000000;
    0331 : 00000000;
    0332 : 00000000;
    0333 : 00000000;
    0334 : 00000000;
    0335 : 00000000;
    0336 : 00000000;
    0337 : 00000000;
    0338 : 00000000;
    0339 : 00000000;
    033A : 00000000;
    033B : 00000000;
    033C : 00000000;
    033D : 00000000;
    033E : 00000000;
    033F : 00000000;
    0340 : 00000000;
    0341 : 00000000;
    0342 : 00000000;
    0343 : 00000000;
    0344 : 00000000;
    0345 : 00000000;
    0346 : 00000000;
    0347 : 00000000;
    0348 : 00000000;
    0349 : 00000000;
    034A : 00000000;
    034B : 00000000;
    034C : 00000000;
    034D : 00000000;
    034E : 00000000;
    034F : 00000000;
    0350 : 00000000;
    0351 : 00000000;
    0352 : 00000000;
    0353 : 00000000;
    0354 : 00000000;
    0355 : 00000000;
    0356 : 00000000;
    0357 : 00000000;
    0358 : 00000000;
    0359 : 00000000;
    035A : 00000000;
    035B : 00000000;
    035C : 00000000;
    035D : 00000000;
    035E : 00000000;
    035F : 00000000;
    0360 : 00000000;
    0361 : 00000000;
    0362 : 00000000;
    0363 : 00000000;
    0364 : 00000000;
    0365 : 00000000;
    0366 : 00000000;
    0367 : 00000000;
    0368 : 00000000;
    0369 : 00000000;
    036A : 00000000;
    036B : 00000000;
    036C : 00000000;
    036D : 00000000;
    036E : 00000000;
    036F : 00000000;
    0370 : 00000000;
    0371 : 00000000;
    0372 : 00000000;
    0373 : 00000000;
    0374 : 00000000;
    0375 : 00000000;
    0376 : 00000000;
    0377 : 00000000;
    0378 : 00000000;
    0379 : 00000000;
    037A : 00000000;
    037B : 00000000;
    037C : 00000000;
    037D : 00000000;
    037E : 00000000;
    037F : 00000000;
    0380 : 00000000;
    0381 : 00000000;
    0382 : 00000000;
    0383 : 00000000;
    0384 : 00000000;
    0385 : 00000000;
    0386 : 00000000;
    0387 : 00000000;
    0388 : 00000000;
    0389 : 00000000;
    038A : 00000000;
    038B : 00000000;
    038C : 00000000;
    038D : 00000000;
    038E : 00000000;
    038F : 00000000;
    0390 : 00000000;
    0391 : 00000000;
    0392 : 00000000;
    0393 : 00000000;
    0394 : 00000000;
    0395 : 00000000;
    0396 : 00000000;
    0397 : 00000000;
    0398 : 00000000;
    0399 : 00000000;
    039A : 00000000;
    039B : 00000000;
    039C : 00000000;
    039D : 00000000;
    039E : 00000000;
    039F : 00000000;
    03A0 : 00000000;
    03A1 : 00000000;
    03A2 : 00000000;
    03A3 : 00000000;
    03A4 : 00000000;
    03A5 : 00000000;
    03A6 : 00000000;
    03A7 : 00000000;
    03A8 : 00000000;
    03A9 : 00000000;
    03AA : 00000000;
    03AB : 00000000;
    03AC : 00000000;
    03AD : 00000000;
    03AE : 00000000;
    03AF : 00000000;
    03B0 : 00000000;
    03B1 : 00000000;
    03B2 : 00000000;
    03B3 : 00000000;
    03B4 : 00000000;
    03B5 : 00000000;
    03B6 : 00000000;
    03B7 : 00000000;
    03B8 : 00000000;
    03B9 : 00000000;
    03BA : 00000000;
    03BB : 00000000;
    03BC : 00000000;
    03BD : 00000000;
    03BE : 00000000;
    03BF : 00000000;
    03C0 : 00000000;
    03C1 : 00000000;
    03C2 : 00000000;
    03C3 : 00000000;
    03C4 : 00000000;
    03C5 : 00000000;
    03C6 : 00000000;
    03C7 : 00000000;
    03C8 : 00000000;
    03C9 : 00000000;
    03CA : 00000000;
    03CB : 00000000;
    03CC : 00000000;
    03CD : 00000000;
    03CE : 00000000;
    03CF : 00000000;
    03D0 : 00000000;
    03D1 : 00000000;
    03D2 : 00000000;
    03D3 : 00000000;
    03D4 : 00000000;
    03D5 : 00000000;
    03D6 : 00000000;
    03D7 : 00000000;
    03D8 : 00000000;
    03D9 : 00000000;
    03DA : 00000000;
    03DB : 00000000;
    03DC : 00000000;
    03DD : 00000000;
    03DE : 00000000;
    03DF : 00000000;
    03E0 : 00000000;
    03E1 : 00000000;
    03E2 : 00000000;
    03E3 : 00000000;
    03E4 : 00000000;
    03E5 : 00000000;
    03E6 : 00000000;
    03E7 : 00000000;
    03E8 : 00000000;
    03E9 : 00000000;
    03EA : 00000000;
    03EB : 00000000;
    03EC : 00000000;
    03ED : 00000000;
    03EE : 00000000;
    03EF : 00000000;
    03F0 : 00000000;
    03F1 : 00000000;
    03F2 : 00000000;
    03F3 : 00000000;
    03F4 : 00000000;
    03F5 : 00000000;
    03F6 : 00000000;
    03F7 : 00000000;
    03F8 : 00000000;
    03F9 : 00000000;
    03FA : 00000000;
    03FB : 00000000;
    03FC : 00000000;
    03FD : 00000000;
    03FE : 00000000;
    03FF : 00000000;
    0400 : 00000000;
    0401 : 00000000;
    0402 : 00000000;
    0403 : 00000000;
    0404 : 00000000;
    0405 : 00000000;
    0406 : 00000000;
    0407 : 00000000;
    0408 : 00000000;
    0409 : 00000000;
    040A : 00000000;
    040B : 00000000;
    040C : 00000000;
    040D : 00000000;
    040E : 00000000;
    040F : 00000000;
    0410 : 00000000;
    0411 : 00000000;
    0412 : 00000000;
    0413 : 00000000;
    0414 : 00000000;
    0415 : 00000000;
    0416 : 00000000;
    0417 : 00000000;
    0418 : 00000000;
    0419 : 00000000;
    041A : 00000000;
    041B : 00000000;
    041C : 00000000;
    041D : 00000000;
    041E : 00000000;
    041F : 00000000;
    0420 : 00000000;
    0421 : 00000000;
    0422 : 00000000;
    0423 : 00000000;
    0424 : 00000000;
    0425 : 00000000;
    0426 : 00000000;
    0427 : 00000000;
    0428 : 00000000;
    0429 : 00000000;
    042A : 00000000;
    042B : 00000000;
    042C : 00000000;
    042D : 00000000;
    042E : 00000000;
    042F : 00000000;
    0430 : 00000000;
    0431 : 00000000;
    0432 : 00000000;
    0433 : 00000000;
    0434 : 00000000;
    0435 : 00000000;
    0436 : 00000000;
    0437 : 00000000;
    0438 : 00000000;
    0439 : 00000000;
    043A : 00000000;
    043B : 00000000;
    043C : 00000000;
    043D : 00000000;
    043E : 00000000;
    043F : 00000000;
    0440 : 00000000;
    0441 : 00000000;
    0442 : 00000000;
    0443 : 00000000;
    0444 : 00000000;
    0445 : 00000000;
    0446 : 00000000;
    0447 : 00000000;
    0448 : 00000000;
    0449 : 00000000;
    044A : 00000000;
    044B : 00000000;
    044C : 00000000;
    044D : 00000000;
    044E : 00000000;
    044F : 00000000;
    0450 : 00000000;
    0451 : 00000000;
    0452 : 00000000;
    0453 : 00000000;
    0454 : 00000000;
    0455 : 00000000;
    0456 : 00000000;
    0457 : 00000000;
    0458 : 00000000;
    0459 : 00000000;
    045A : 00000000;
    045B : 00000000;
    045C : 00000000;
    045D : 00000000;
    045E : 00000000;
    045F : 00000000;
    0460 : 00000000;
    0461 : 00000000;
    0462 : 00000000;
    0463 : 00000000;
    0464 : 00000000;
    0465 : 00000000;
    0466 : 00000000;
    0467 : 00000000;
    0468 : 00000000;
    0469 : 00000000;
    046A : 00000000;
    046B : 00000000;
    046C : 00000000;
    046D : 00000000;
    046E : 00000000;
    046F : 00000000;
    0470 : 00000000;
    0471 : 00000000;
    0472 : 00000000;
    0473 : 00000000;
    0474 : 00000000;
    0475 : 00000000;
    0476 : 00000000;
    0477 : 00000000;
    0478 : 00000000;
    0479 : 00000000;
    047A : 00000000;
    047B : 00000000;
    047C : 00000000;
    047D : 00000000;
    047E : 00000000;
    047F : 00000000;
    0480 : 00000000;
    0481 : 00000000;
    0482 : 00000000;
    0483 : 00000000;
    0484 : 00000000;
    0485 : 00000000;
    0486 : 00000000;
    0487 : 00000000;
    0488 : 00000000;
    0489 : 00000000;
    048A : 00000000;
    048B : 00000000;
    048C : 00000000;
    048D : 00000000;
    048E : 00000000;
    048F : 00000000;
    0490 : 00000000;
    0491 : 00000000;
    0492 : 00000000;
    0493 : 00000000;
    0494 : 00000000;
    0495 : 00000000;
    0496 : 00000000;
    0497 : 00000000;
    0498 : 00000000;
    0499 : 00000000;
    049A : 00000000;
    049B : 00000000;
    049C : 00000000;
    049D : 00000000;
    049E : 00000000;
    049F : 00000000;
    04A0 : 00000000;
    04A1 : 00000000;
    04A2 : 00000000;
    04A3 : 00000000;
    04A4 : 00000000;
    04A5 : 00000000;
    04A6 : 00000000;
    04A7 : 00000000;
    04A8 : 00000000;
    04A9 : 00000000;
    04AA : 00000000;
    04AB : 00000000;
    04AC : 00000000;
    04AD : 00000000;
    04AE : 00000000;
    04AF : 00000000;
    04B0 : 00000000;
    04B1 : 00000000;
    04B2 : 00000000;
    04B3 : 00000000;
    04B4 : 00000000;
    04B5 : 00000000;
    04B6 : 00000000;
    04B7 : 00000000;
    04B8 : 00000000;
    04B9 : 00000000;
    04BA : 00000000;
    04BB : 00000000;
    04BC : 00000000;
    04BD : 00000000;
    04BE : 00000000;
    04BF : 00000000;
    04C0 : 00000000;
    04C1 : 00000000;
    04C2 : 00000000;
    04C3 : 00000000;
    04C4 : 00000000;
    04C5 : 00000000;
    04C6 : 00000000;
    04C7 : 00000000;
    04C8 : 00000000;
    04C9 : 00000000;
    04CA : 00000000;
    04CB : 00000000;
    04CC : 00000000;
    04CD : 00000000;
    04CE : 00000000;
    04CF : 00000000;
    04D0 : 00000000;
    04D1 : 00000000;
    04D2 : 00000000;
    04D3 : 00000000;
    04D4 : 00000000;
    04D5 : 00000000;
    04D6 : 00000000;
    04D7 : 00000000;
    04D8 : 00000000;
    04D9 : 00000000;
    04DA : 00000000;
    04DB : 00000000;
    04DC : 00000000;
    04DD : 00000000;
    04DE : 00000000;
    04DF : 00000000;
    04E0 : 00000000;
    04E1 : 00000000;
    04E2 : 00000000;
    04E3 : 00000000;
    04E4 : 00000000;
    04E5 : 00000000;
    04E6 : 00000000;
    04E7 : 00000000;
    04E8 : 00000000;
    04E9 : 00000000;
    04EA : 00000000;
    04EB : 00000000;
    04EC : 00000000;
    04ED : 00000000;
    04EE : 00000000;
    04EF : 00000000;
    04F0 : 00000000;
    04F1 : 00000000;
    04F2 : 00000000;
    04F3 : 00000000;
    04F4 : 00000000;
    04F5 : 00000000;
    04F6 : 00000000;
    04F7 : 00000000;
    04F8 : 00000000;
    04F9 : 00000000;
    04FA : 00000000;
    04FB : 00000000;
    04FC : 00000000;
    04FD : 00000000;
    04FE : 00000000;
    04FF : 00000000;
    0500 : 00000000;
    0501 : 00000000;
    0502 : 00000000;
    0503 : 00000000;
    0504 : 00000000;
    0505 : 00000000;
    0506 : 00000000;
    0507 : 00000000;
    0508 : 00000000;
    0509 : 00000000;
    050A : 00000000;
    050B : 00000000;
    050C : 00000000;
    050D : 00000000;
    050E : 00000000;
    050F : 00000000;
    0510 : 00000000;
    0511 : 00000000;
    0512 : 00000000;
    0513 : 00000000;
    0514 : 00000000;
    0515 : 00000000;
    0516 : 00000000;
    0517 : 00000000;
    0518 : 00000000;
    0519 : 00000000;
    051A : 00000000;
    051B : 00000000;
    051C : 00000000;
    051D : 00000000;
    051E : 00000000;
    051F : 00000000;
    0520 : 00000000;
    0521 : 00000000;
    0522 : 00000000;
    0523 : 00000000;
    0524 : 00000000;
    0525 : 00000000;
    0526 : 00000000;
    0527 : 00000000;
    0528 : 00000000;
    0529 : 00000000;
    052A : 00000000;
    052B : 00000000;
    052C : 00000000;
    052D : 00000000;
    052E : 00000000;
    052F : 00000000;
    0530 : 00000000;
    0531 : 00000000;
    0532 : 00000000;
    0533 : 00000000;
    0534 : 00000000;
    0535 : 00000000;
    0536 : 00000000;
    0537 : 00000000;
    0538 : 00000000;
    0539 : 00000000;
    053A : 00000000;
    053B : 00000000;
    053C : 00000000;
    053D : 00000000;
    053E : 00000000;
    053F : 00000000;
    0540 : 00000000;
    0541 : 00000000;
    0542 : 00000000;
    0543 : 00000000;
    0544 : 00000000;
    0545 : 00000000;
    0546 : 00000000;
    0547 : 00000000;
    0548 : 00000000;
    0549 : 00000000;
    054A : 00000000;
    054B : 00000000;
    054C : 00000000;
    054D : 00000000;
    054E : 00000000;
    054F : 00000000;
    0550 : 00000000;
    0551 : 00000000;
    0552 : 00000000;
    0553 : 00000000;
    0554 : 00000000;
    0555 : 00000000;
    0556 : 00000000;
    0557 : 00000000;
    0558 : 00000000;
    0559 : 00000000;
    055A : 00000000;
    055B : 00000000;
    055C : 00000000;
    055D : 00000000;
    055E : 00000000;
    055F : 00000000;
    0560 : 00000000;
    0561 : 00000000;
    0562 : 00000000;
    0563 : 00000000;
    0564 : 00000000;
    0565 : 00000000;
    0566 : 00000000;
    0567 : 00000000;
    0568 : 00000000;
    0569 : 00000000;
    056A : 00000000;
    056B : 00000000;
    056C : 00000000;
    056D : 00000000;
    056E : 00000000;
    056F : 00000000;
    0570 : 00000000;
    0571 : 00000000;
    0572 : 00000000;
    0573 : 00000000;
    0574 : 00000000;
    0575 : 00000000;
    0576 : 00000000;
    0577 : 00000000;
    0578 : 00000000;
    0579 : 00000000;
    057A : 00000000;
    057B : 00000000;
    057C : 00000000;
    057D : 00000000;
    057E : 00000000;
    057F : 00000000;
    0580 : 00000000;
    0581 : 00000000;
    0582 : 00000000;
    0583 : 00000000;
    0584 : 00000000;
    0585 : 00000000;
    0586 : 00000000;
    0587 : 00000000;
    0588 : 00000000;
    0589 : 00000000;
    058A : 00000000;
    058B : 00000000;
    058C : 00000000;
    058D : 00000000;
    058E : 00000000;
    058F : 00000000;
    0590 : 00000000;
    0591 : 00000000;
    0592 : 00000000;
    0593 : 00000000;
    0594 : 00000000;
    0595 : 00000000;
    0596 : 00000000;
    0597 : 00000000;
    0598 : 00000000;
    0599 : 00000000;
    059A : 00000000;
    059B : 00000000;
    059C : 00000000;
    059D : 00000000;
    059E : 00000000;
    059F : 00000000;
    05A0 : 00000000;
    05A1 : 00000000;
    05A2 : 00000000;
    05A3 : 00000000;
    05A4 : 00000000;
    05A5 : 00000000;
    05A6 : 00000000;
    05A7 : 00000000;
    05A8 : 00000000;
    05A9 : 00000000;
    05AA : 00000000;
    05AB : 00000000;
    05AC : 00000000;
    05AD : 00000000;
    05AE : 00000000;
    05AF : 00000000;
    05B0 : 00000000;
    05B1 : 00000000;
    05B2 : 00000000;
    05B3 : 00000000;
    05B4 : 00000000;
    05B5 : 00000000;
    05B6 : 00000000;
    05B7 : 00000000;
    05B8 : 00000000;
    05B9 : 00000000;
    05BA : 00000000;
    05BB : 00000000;
    05BC : 00000000;
    05BD : 00000000;
    05BE : 00000000;
    05BF : 00000000;
    05C0 : 00000000;
    05C1 : 00000000;
    05C2 : 00000000;
    05C3 : 00000000;
    05C4 : 00000000;
    05C5 : 00000000;
    05C6 : 00000000;
    05C7 : 00000000;
    05C8 : 00000000;
    05C9 : 00000000;
    05CA : 00000000;
    05CB : 00000000;
    05CC : 00000000;
    05CD : 00000000;
    05CE : 00000000;
    05CF : 00000000;
    05D0 : 00000000;
    05D1 : 00000000;
    05D2 : 00000000;
    05D3 : 00000000;
    05D4 : 00000000;
    05D5 : 00000000;
    05D6 : 00000000;
    05D7 : 00000000;
    05D8 : 00000000;
    05D9 : 00000000;
    05DA : 00000000;
    05DB : 00000000;
    05DC : 00000000;
    05DD : 00000000;
    05DE : 00000000;
    05DF : 00000000;
    05E0 : 00000000;
    05E1 : 00000000;
    05E2 : 00000000;
    05E3 : 00000000;
    05E4 : 00000000;
    05E5 : 00000000;
    05E6 : 00000000;
    05E7 : 00000000;
    05E8 : 00000000;
    05E9 : 00000000;
    05EA : 00000000;
    05EB : 00000000;
    05EC : 00000000;
    05ED : 00000000;
    05EE : 00000000;
    05EF : 00000000;
    05F0 : 00000000;
    05F1 : 00000000;
    05F2 : 00000000;
    05F3 : 00000000;
    05F4 : 00000000;
    05F5 : 00000000;
    05F6 : 00000000;
    05F7 : 00000000;
    05F8 : 00000000;
    05F9 : 00000000;
    05FA : 00000000;
    05FB : 00000000;
    05FC : 00000000;
    05FD : 00000000;
    05FE : 00000000;
    05FF : 00000000;
    0600 : 00000000;
    0601 : 00000000;
    0602 : 00000000;
    0603 : 00000000;
    0604 : 00000000;
    0605 : 00000000;
    0606 : 00000000;
    0607 : 00000000;
    0608 : 00000000;
    0609 : 00000000;
    060A : 00000000;
    060B : 00000000;
    060C : 00000000;
    060D : 00000000;
    060E : 00000000;
    060F : 00000000;
    0610 : 00000000;
    0611 : 00000000;
    0612 : 00000000;
    0613 : 00000000;
    0614 : 00000000;
    0615 : 00000000;
    0616 : 00000000;
    0617 : 00000000;
    0618 : 00000000;
    0619 : 00000000;
    061A : 00000000;
    061B : 00000000;
    061C : 00000000;
    061D : 00000000;
    061E : 00000000;
    061F : 00000000;
    0620 : 00000000;
    0621 : 00000000;
    0622 : 00000000;
    0623 : 00000000;
    0624 : 00000000;
    0625 : 00000000;
    0626 : 00000000;
    0627 : 00000000;
    0628 : 00000000;
    0629 : 00000000;
    062A : 00000000;
    062B : 00000000;
    062C : 00000000;
    062D : 00000000;
    062E : 00000000;
    062F : 00000000;
    0630 : 00000000;
    0631 : 00000000;
    0632 : 00000000;
    0633 : 00000000;
    0634 : 00000000;
    0635 : 00000000;
    0636 : 00000000;
    0637 : 00000000;
    0638 : 00000000;
    0639 : 00000000;
    063A : 00000000;
    063B : 00000000;
    063C : 00000000;
    063D : 00000000;
    063E : 00000000;
    063F : 00000000;
    0640 : 00000000;
    0641 : 00000000;
    0642 : 00000000;
    0643 : 00000000;
    0644 : 00000000;
    0645 : 00000000;
    0646 : 00000000;
    0647 : 00000000;
    0648 : 00000000;
    0649 : 00000000;
    064A : 00000000;
    064B : 00000000;
    064C : 00000000;
    064D : 00000000;
    064E : 00000000;
    064F : 00000000;
    0650 : 00000000;
    0651 : 00000000;
    0652 : 00000000;
    0653 : 00000000;
    0654 : 00000000;
    0655 : 00000000;
    0656 : 00000000;
    0657 : 00000000;
    0658 : 00000000;
    0659 : 00000000;
    065A : 00000000;
    065B : 00000000;
    065C : 00000000;
    065D : 00000000;
    065E : 00000000;
    065F : 00000000;
    0660 : 00000000;
    0661 : 00000000;
    0662 : 00000000;
    0663 : 00000000;
    0664 : 00000000;
    0665 : 00000000;
    0666 : 00000000;
    0667 : 00000000;
    0668 : 00000000;
    0669 : 00000000;
    066A : 00000000;
    066B : 00000000;
    066C : 00000000;
    066D : 00000000;
    066E : 00000000;
    066F : 00000000;
    0670 : 00000000;
    0671 : 00000000;
    0672 : 00000000;
    0673 : 00000000;
    0674 : 00000000;
    0675 : 00000000;
    0676 : 00000000;
    0677 : 00000000;
    0678 : 00000000;
    0679 : 00000000;
    067A : 00000000;
    067B : 00000000;
    067C : 00000000;
    067D : 00000000;
    067E : 00000000;
    067F : 00000000;
    0680 : 00000000;
    0681 : 00000000;
    0682 : 00000000;
    0683 : 00000000;
    0684 : 00000000;
    0685 : 00000000;
    0686 : 00000000;
    0687 : 00000000;
    0688 : 00000000;
    0689 : 00000000;
    068A : 00000000;
    068B : 00000000;
    068C : 00000000;
    068D : 00000000;
    068E : 00000000;
    068F : 00000000;
    0690 : 00000000;
    0691 : 00000000;
    0692 : 00000000;
    0693 : 00000000;
    0694 : 00000000;
    0695 : 00000000;
    0696 : 00000000;
    0697 : 00000000;
    0698 : 00000000;
    0699 : 00000000;
    069A : 00000000;
    069B : 00000000;
    069C : 00000000;
    069D : 00000000;
    069E : 00000000;
    069F : 00000000;
    06A0 : 00000000;
    06A1 : 00000000;
    06A2 : 00000000;
    06A3 : 00000000;
    06A4 : 00000000;
    06A5 : 00000000;
    06A6 : 00000000;
    06A7 : 00000000;
    06A8 : 00000000;
    06A9 : 00000000;
    06AA : 00000000;
    06AB : 00000000;
    06AC : 00000000;
    06AD : 00000000;
    06AE : 00000000;
    06AF : 00000000;
    06B0 : 00000000;
    06B1 : 00000000;
    06B2 : 00000000;
    06B3 : 00000000;
    06B4 : 00000000;
    06B5 : 00000000;
    06B6 : 00000000;
    06B7 : 00000000;
    06B8 : 00000000;
    06B9 : 00000000;
    06BA : 00000000;
    06BB : 00000000;
    06BC : 00000000;
    06BD : 00000000;
    06BE : 00000000;
    06BF : 00000000;
    06C0 : 00000000;
    06C1 : 00000000;
    06C2 : 00000000;
    06C3 : 00000000;
    06C4 : 00000000;
    06C5 : 00000000;
    06C6 : 00000000;
    06C7 : 00000000;
    06C8 : 00000000;
    06C9 : 00000000;
    06CA : 00000000;
    06CB : 00000000;
    06CC : 00000000;
    06CD : 00000000;
    06CE : 00000000;
    06CF : 00000000;
    06D0 : 00000000;
    06D1 : 00000000;
    06D2 : 00000000;
    06D3 : 00000000;
    06D4 : 00000000;
    06D5 : 00000000;
    06D6 : 00000000;
    06D7 : 00000000;
    06D8 : 00000000;
    06D9 : 00000000;
    06DA : 00000000;
    06DB : 00000000;
    06DC : 00000000;
    06DD : 00000000;
    06DE : 00000000;
    06DF : 00000000;
    06E0 : 00000000;
    06E1 : 00000000;
    06E2 : 00000000;
    06E3 : 00000000;
    06E4 : 00000000;
    06E5 : 00000000;
    06E6 : 00000000;
    06E7 : 00000000;
    06E8 : 00000000;
    06E9 : 00000000;
    06EA : 00000000;
    06EB : 00000000;
    06EC : 00000000;
    06ED : 00000000;
    06EE : 00000000;
    06EF : 00000000;
    06F0 : 00000000;
    06F1 : 00000000;
    06F2 : 00000000;
    06F3 : 00000000;
    06F4 : 00000000;
    06F5 : 00000000;
    06F6 : 00000000;
    06F7 : 00000000;
    06F8 : 00000000;
    06F9 : 00000000;
    06FA : 00000000;
    06FB : 00000000;
    06FC : 00000000;
    06FD : 00000000;
    06FE : 00000000;
    06FF : 00000000;
    0700 : 00000000;
    0701 : 00000000;
    0702 : 00000000;
    0703 : 00000000;
    0704 : 00000000;
    0705 : 00000000;
    0706 : 00000000;
    0707 : 00000000;
    0708 : 00000000;
    0709 : 00000000;
    070A : 00000000;
    070B : 00000000;
    070C : 00000000;
    070D : 00000000;
    070E : 00000000;
    070F : 00000000;
    0710 : 00000000;
    0711 : 00000000;
    0712 : 00000000;
    0713 : 00000000;
    0714 : 00000000;
    0715 : 00000000;
    0716 : 00000000;
    0717 : 00000000;
    0718 : 00000000;
    0719 : 00000000;
    071A : 00000000;
    071B : 00000000;
    071C : 00000000;
    071D : 00000000;
    071E : 00000000;
    071F : 00000000;
    0720 : 00000000;
    0721 : 00000000;
    0722 : 00000000;
    0723 : 00000000;
    0724 : 00000000;
    0725 : 00000000;
    0726 : 00000000;
    0727 : 00000000;
    0728 : 00000000;
    0729 : 00000000;
    072A : 00000000;
    072B : 00000000;
    072C : 00000000;
    072D : 00000000;
    072E : 00000000;
    072F : 00000000;
    0730 : 00000000;
    0731 : 00000000;
    0732 : 00000000;
    0733 : 00000000;
    0734 : 00000000;
    0735 : 00000000;
    0736 : 00000000;
    0737 : 00000000;
    0738 : 00000000;
    0739 : 00000000;
    073A : 00000000;
    073B : 00000000;
    073C : 00000000;
    073D : 00000000;
    073E : 00000000;
    073F : 00000000;
    0740 : 00000000;
    0741 : 00000000;
    0742 : 00000000;
    0743 : 00000000;
    0744 : 00000000;
    0745 : 00000000;
    0746 : 00000000;
    0747 : 00000000;
    0748 : 00000000;
    0749 : 00000000;
    074A : 00000000;
    074B : 00000000;
    074C : 00000000;
    074D : 00000000;
    074E : 00000000;
    074F : 00000000;
    0750 : 00000000;
    0751 : 00000000;
    0752 : 00000000;
    0753 : 00000000;
    0754 : 00000000;
    0755 : 00000000;
    0756 : 00000000;
    0757 : 00000000;
    0758 : 00000000;
    0759 : 00000000;
    075A : 00000000;
    075B : 00000000;
    075C : 00000000;
    075D : 00000000;
    075E : 00000000;
    075F : 00000000;
    0760 : 00000000;
    0761 : 00000000;
    0762 : 00000000;
    0763 : 00000000;
    0764 : 00000000;
    0765 : 00000000;
    0766 : 00000000;
    0767 : 00000000;
    0768 : 00000000;
    0769 : 00000000;
    076A : 00000000;
    076B : 00000000;
    076C : 00000000;
    076D : 00000000;
    076E : 00000000;
    076F : 00000000;
    0770 : 00000000;
    0771 : 00000000;
    0772 : 00000000;
    0773 : 00000000;
    0774 : 00000000;
    0775 : 00000000;
    0776 : 00000000;
    0777 : 00000000;
    0778 : 00000000;
    0779 : 00000000;
    077A : 00000000;
    077B : 00000000;
    077C : 00000000;
    077D : 00000000;
    077E : 00000000;
    077F : 00000000;
    0780 : 00000000;
    0781 : 00000000;
    0782 : 00000000;
    0783 : 00000000;
    0784 : 00000000;
    0785 : 00000000;
    0786 : 00000000;
    0787 : 00000000;
    0788 : 00000000;
    0789 : 00000000;
    078A : 00000000;
    078B : 00000000;
    078C : 00000000;
    078D : 00000000;
    078E : 00000000;
    078F : 00000000;
    0790 : 00000000;
    0791 : 00000000;
    0792 : 00000000;
    0793 : 00000000;
    0794 : 00000000;
    0795 : 00000000;
    0796 : 00000000;
    0797 : 00000000;
    0798 : 00000000;
    0799 : 00000000;
    079A : 00000000;
    079B : 00000000;
    079C : 00000000;
    079D : 00000000;
    079E : 00000000;
    079F : 00000000;
    07A0 : 00000000;
    07A1 : 00000000;
    07A2 : 00000000;
    07A3 : 00000000;
    07A4 : 00000000;
    07A5 : 00000000;
    07A6 : 00000000;
    07A7 : 00000000;
    07A8 : 00000000;
    07A9 : 00000000;
    07AA : 00000000;
    07AB : 00000000;
    07AC : 00000000;
    07AD : 00000000;
    07AE : 00000000;
    07AF : 00000000;
    07B0 : 00000000;
    07B1 : 00000000;
    07B2 : 00000000;
    07B3 : 00000000;
    07B4 : 00000000;
    07B5 : 00000000;
    07B6 : 00000000;
    07B7 : 00000000;
    07B8 : 00000000;
    07B9 : 00000000;
    07BA : 00000000;
    07BB : 00000000;
    07BC : 00000000;
    07BD : 00000000;
    07BE : 00000000;
    07BF : 00000000;
    07C0 : 00000000;
    07C1 : 00000000;
    07C2 : 00000000;
    07C3 : 00000000;
    07C4 : 00000000;
    07C5 : 00000000;
    07C6 : 00000000;
    07C7 : 00000000;
    07C8 : 00000000;
    07C9 : 00000000;
    07CA : 00000000;
    07CB : 00000000;
    07CC : 00000000;
    07CD : 00000000;
    07CE : 00000000;
    07CF : 00000000;
    07D0 : 00000000;
    07D1 : 00000000;
    07D2 : 00000000;
    07D3 : 00000000;
    07D4 : 00000000;
    07D5 : 00000000;
    07D6 : 00000000;
    07D7 : 00000000;
    07D8 : 00000000;
    07D9 : 00000000;
    07DA : 00000000;
    07DB : 00000000;
    07DC : 00000000;
    07DD : 00000000;
    07DE : 00000000;
    07DF : 00000000;
    07E0 : 00000000;
    07E1 : 00000000;
    07E2 : 00000000;
    07E3 : 00000000;
    07E4 : 00000000;
    07E5 : 00000000;
    07E6 : 00000000;
    07E7 : 00000000;
    07E8 : 00000000;
    07E9 : 00000000;
    07EA : 00000000;
    07EB : 00000000;
    07EC : 00000000;
    07ED : 00000000;
    07EE : 00000000;
    07EF : 00000000;
    07F0 : 00000000;
    07F1 : 00000000;
    07F2 : 00000000;
    07F3 : 00000000;
    07F4 : 00000000;
    07F5 : 00000000;
    07F6 : 00000000;
    07F7 : 00000000;
    07F8 : 00000000;
    07F9 : 00000000;
    07FA : 00000000;
    07FB : 00000000;
    07FC : 00000000;
    07FD : 00000000;
    07FE : 00000000;
    07FF : 00000000;
    0800 : 00000000;
    0801 : 00000000;
    0802 : 00000000;
    0803 : 00000000;
    0804 : 00000000;
    0805 : 00000000;
    0806 : 00000000;
    0807 : 00000000;
    0808 : 00000000;
    0809 : 00000000;
    080A : 00000000;
    080B : 00000000;
    080C : 00000000;
    080D : 00000000;
    080E : 00000000;
    080F : 00000000;
    0810 : 00000000;
    0811 : 00000000;
    0812 : 00000000;
    0813 : 00000000;
    0814 : 00000000;
    0815 : 00000000;
    0816 : 00000000;
    0817 : 00000000;
    0818 : 00000000;
    0819 : 00000000;
    081A : 00000000;
    081B : 00000000;
    081C : 00000000;
    081D : 00000000;
    081E : 00000000;
    081F : 00000000;
    0820 : 00000000;
    0821 : 00000000;
    0822 : 00000000;
    0823 : 00000000;
    0824 : 00000000;
    0825 : 00000000;
    0826 : 00000000;
    0827 : 00000000;
    0828 : 00000000;
    0829 : 00000000;
    082A : 00000000;
    082B : 00000000;
    082C : 00000000;
    082D : 00000000;
    082E : 00000000;
    082F : 00000000;
    0830 : 00000000;
    0831 : 00000000;
    0832 : 00000000;
    0833 : 00000000;
    0834 : 00000000;
    0835 : 00000000;
    0836 : 00000000;
    0837 : 00000000;
    0838 : 00000000;
    0839 : 00000000;
    083A : 00000000;
    083B : 00000000;
    083C : 00000000;
    083D : 00000000;
    083E : 00000000;
    083F : 00000000;
    0840 : 00000000;
    0841 : 00000000;
    0842 : 00000000;
    0843 : 00000000;
    0844 : 00000000;
    0845 : 00000000;
    0846 : 00000000;
    0847 : 00000000;
    0848 : 00000000;
    0849 : 00000000;
    084A : 00000000;
    084B : 00000000;
    084C : 00000000;
    084D : 00000000;
    084E : 00000000;
    084F : 00000000;
    0850 : 00000000;
    0851 : 00000000;
    0852 : 00000000;
    0853 : 00000000;
    0854 : 00000000;
    0855 : 00000000;
    0856 : 00000000;
    0857 : 00000000;
    0858 : 00000000;
    0859 : 00000000;
    085A : 00000000;
    085B : 00000000;
    085C : 00000000;
    085D : 00000000;
    085E : 00000000;
    085F : 00000000;
    0860 : 00000000;
    0861 : 00000000;
    0862 : 00000000;
    0863 : 00000000;
    0864 : 00000000;
    0865 : 00000000;
    0866 : 00000000;
    0867 : 00000000;
    0868 : 00000000;
    0869 : 00000000;
    086A : 00000000;
    086B : 00000000;
    086C : 00000000;
    086D : 00000000;
    086E : 00000000;
    086F : 00000000;
    0870 : 00000000;
    0871 : 00000000;
    0872 : 00000000;
    0873 : 00000000;
    0874 : 00000000;
    0875 : 00000000;
    0876 : 00000000;
    0877 : 00000000;
    0878 : 00000000;
    0879 : 00000000;
    087A : 00000000;
    087B : 00000000;
    087C : 00000000;
    087D : 00000000;
    087E : 00000000;
    087F : 00000000;
    0880 : 00000000;
    0881 : 00000000;
    0882 : 00000000;
    0883 : 00000000;
    0884 : 00000000;
    0885 : 00000000;
    0886 : 00000000;
    0887 : 00000000;
    0888 : 00000000;
    0889 : 00000000;
    088A : 00000000;
    088B : 00000000;
    088C : 00000000;
    088D : 00000000;
    088E : 00000000;
    088F : 00000000;
    0890 : 00000000;
    0891 : 00000000;
    0892 : 00000000;
    0893 : 00000000;
    0894 : 00000000;
    0895 : 00000000;
    0896 : 00000000;
    0897 : 00000000;
    0898 : 00000000;
    0899 : 00000000;
    089A : 00000000;
    089B : 00000000;
    089C : 00000000;
    089D : 00000000;
    089E : 00000000;
    089F : 00000000;
    08A0 : 00000000;
    08A1 : 00000000;
    08A2 : 00000000;
    08A3 : 00000000;
    08A4 : 00000000;
    08A5 : 00000000;
    08A6 : 00000000;
    08A7 : 00000000;
    08A8 : 00000000;
    08A9 : 00000000;
    08AA : 00000000;
    08AB : 00000000;
    08AC : 00000000;
    08AD : 00000000;
    08AE : 00000000;
    08AF : 00000000;
    08B0 : 00000000;
    08B1 : 00000000;
    08B2 : 00000000;
    08B3 : 00000000;
    08B4 : 00000000;
    08B5 : 00000000;
    08B6 : 00000000;
    08B7 : 00000000;
    08B8 : 00000000;
    08B9 : 00000000;
    08BA : 00000000;
    08BB : 00000000;
    08BC : 00000000;
    08BD : 00000000;
    08BE : 00000000;
    08BF : 00000000;
    08C0 : 00000000;
    08C1 : 00000000;
    08C2 : 00000000;
    08C3 : 00000000;
    08C4 : 00000000;
    08C5 : 00000000;
    08C6 : 00000000;
    08C7 : 00000000;
    08C8 : 00000000;
    08C9 : 00000000;
    08CA : 00000000;
    08CB : 00000000;
    08CC : 00000000;
    08CD : 00000000;
    08CE : 00000000;
    08CF : 00000000;
    08D0 : 00000000;
    08D1 : 00000000;
    08D2 : 00000000;
    08D3 : 00000000;
    08D4 : 00000000;
    08D5 : 00000000;
    08D6 : 00000000;
    08D7 : 00000000;
    08D8 : 00000000;
    08D9 : 00000000;
    08DA : 00000000;
    08DB : 00000000;
    08DC : 00000000;
    08DD : 00000000;
    08DE : 00000000;
    08DF : 00000000;
    08E0 : 00000000;
    08E1 : 00000000;
    08E2 : 00000000;
    08E3 : 00000000;
    08E4 : 00000000;
    08E5 : 00000000;
    08E6 : 00000000;
    08E7 : 00000000;
    08E8 : 00000000;
    08E9 : 00000000;
    08EA : 00000000;
    08EB : 00000000;
    08EC : 00000000;
    08ED : 00000000;
    08EE : 00000000;
    08EF : 00000000;
    08F0 : 00000000;
    08F1 : 00000000;
    08F2 : 00000000;
    08F3 : 00000000;
    08F4 : 00000000;
    08F5 : 00000000;
    08F6 : 00000000;
    08F7 : 00000000;
    08F8 : 00000000;
    08F9 : 00000000;
    08FA : 00000000;
    08FB : 00000000;
    08FC : 00000000;
    08FD : 00000000;
    08FE : 00000000;
    08FF : 00000000;
    0900 : 00000000;
    0901 : 00000000;
    0902 : 00000000;
    0903 : 00000000;
    0904 : 00000000;
    0905 : 00000000;
    0906 : 00000000;
    0907 : 00000000;
    0908 : 00000000;
    0909 : 00000000;
    090A : 00000000;
    090B : 00000000;
    090C : 00000000;
    090D : 00000000;
    090E : 00000000;
    090F : 00000000;
    0910 : 00000000;
    0911 : 00000000;
    0912 : 00000000;
    0913 : 00000000;
    0914 : 00000000;
    0915 : 00000000;
    0916 : 00000000;
    0917 : 00000000;
    0918 : 00000000;
    0919 : 00000000;
    091A : 00000000;
    091B : 00000000;
    091C : 00000000;
    091D : 00000000;
    091E : 00000000;
    091F : 00000000;
    0920 : 00000000;
    0921 : 00000000;
    0922 : 00000000;
    0923 : 00000000;
    0924 : 00000000;
    0925 : 00000000;
    0926 : 00000000;
    0927 : 00000000;
    0928 : 00000000;
    0929 : 00000000;
    092A : 00000000;
    092B : 00000000;
    092C : 00000000;
    092D : 00000000;
    092E : 00000000;
    092F : 00000000;
    0930 : 00000000;
    0931 : 00000000;
    0932 : 00000000;
    0933 : 00000000;
    0934 : 00000000;
    0935 : 00000000;
    0936 : 00000000;
    0937 : 00000000;
    0938 : 00000000;
    0939 : 00000000;
    093A : 00000000;
    093B : 00000000;
    093C : 00000000;
    093D : 00000000;
    093E : 00000000;
    093F : 00000000;
    0940 : 00000000;
    0941 : 00000000;
    0942 : 00000000;
    0943 : 00000000;
    0944 : 00000000;
    0945 : 00000000;
    0946 : 00000000;
    0947 : 00000000;
    0948 : 00000000;
    0949 : 00000000;
    094A : 00000000;
    094B : 00000000;
    094C : 00000000;
    094D : 00000000;
    094E : 00000000;
    094F : 00000000;
    0950 : 00000000;
    0951 : 00000000;
    0952 : 00000000;
    0953 : 00000000;
    0954 : 00000000;
    0955 : 00000000;
    0956 : 00000000;
    0957 : 00000000;
    0958 : 00000000;
    0959 : 00000000;
    095A : 00000000;
    095B : 00000000;
    095C : 00000000;
    095D : 00000000;
    095E : 00000000;
    095F : 00000000;
    0960 : 00000000;
    0961 : 00000000;
    0962 : 00000000;
    0963 : 00000000;
    0964 : 00000000;
    0965 : 00000000;
    0966 : 00000000;
    0967 : 00000000;
    0968 : 00000000;
    0969 : 00000000;
    096A : 00000000;
    096B : 00000000;
    096C : 00000000;
    096D : 00000000;
    096E : 00000000;
    096F : 00000000;
    0970 : 00000000;
    0971 : 00000000;
    0972 : 00000000;
    0973 : 00000000;
    0974 : 00000000;
    0975 : 00000000;
    0976 : 00000000;
    0977 : 00000000;
    0978 : 00000000;
    0979 : 00000000;
    097A : 00000000;
    097B : 00000000;
    097C : 00000000;
    097D : 00000000;
    097E : 00000000;
    097F : 00000000;
    0980 : 00000000;
    0981 : 00000000;
    0982 : 00000000;
    0983 : 00000000;
    0984 : 00000000;
    0985 : 00000000;
    0986 : 00000000;
    0987 : 00000000;
    0988 : 00000000;
    0989 : 00000000;
    098A : 00000000;
    098B : 00000000;
    098C : 00000000;
    098D : 00000000;
    098E : 00000000;
    098F : 00000000;
    0990 : 00000000;
    0991 : 00000000;
    0992 : 00000000;
    0993 : 00000000;
    0994 : 00000000;
    0995 : 00000000;
    0996 : 00000000;
    0997 : 00000000;
    0998 : 00000000;
    0999 : 00000000;
    099A : 00000000;
    099B : 00000000;
    099C : 00000000;
    099D : 00000000;
    099E : 00000000;
    099F : 00000000;
    09A0 : 00000000;
    09A1 : 00000000;
    09A2 : 00000000;
    09A3 : 00000000;
    09A4 : 00000000;
    09A5 : 00000000;
    09A6 : 00000000;
    09A7 : 00000000;
    09A8 : 00000000;
    09A9 : 00000000;
    09AA : 00000000;
    09AB : 00000000;
    09AC : 00000000;
    09AD : 00000000;
    09AE : 00000000;
    09AF : 00000000;
    09B0 : 00000000;
    09B1 : 00000000;
    09B2 : 00000000;
    09B3 : 00000000;
    09B4 : 00000000;
    09B5 : 00000000;
    09B6 : 00000000;
    09B7 : 00000000;
    09B8 : 00000000;
    09B9 : 00000000;
    09BA : 00000000;
    09BB : 00000000;
    09BC : 00000000;
    09BD : 00000000;
    09BE : 00000000;
    09BF : 00000000;
    09C0 : 00000000;
    09C1 : 00000000;
    09C2 : 00000000;
    09C3 : 00000000;
    09C4 : 00000000;
    09C5 : 00000000;
    09C6 : 00000000;
    09C7 : 00000000;
    09C8 : 00000000;
    09C9 : 00000000;
    09CA : 00000000;
    09CB : 00000000;
    09CC : 00000000;
    09CD : 00000000;
    09CE : 00000000;
    09CF : 00000000;
    09D0 : 00000000;
    09D1 : 00000000;
    09D2 : 00000000;
    09D3 : 00000000;
    09D4 : 00000000;
    09D5 : 00000000;
    09D6 : 00000000;
    09D7 : 00000000;
    09D8 : 00000000;
    09D9 : 00000000;
    09DA : 00000000;
    09DB : 00000000;
    09DC : 00000000;
    09DD : 00000000;
    09DE : 00000000;
    09DF : 00000000;
    09E0 : 00000000;
    09E1 : 00000000;
    09E2 : 00000000;
    09E3 : 00000000;
    09E4 : 00000000;
    09E5 : 00000000;
    09E6 : 00000000;
    09E7 : 00000000;
    09E8 : 00000000;
    09E9 : 00000000;
    09EA : 00000000;
    09EB : 00000000;
    09EC : 00000000;
    09ED : 00000000;
    09EE : 00000000;
    09EF : 00000000;
    09F0 : 00000000;
    09F1 : 00000000;
    09F2 : 00000000;
    09F3 : 00000000;
    09F4 : 00000000;
    09F5 : 00000000;
    09F6 : 00000000;
    09F7 : 00000000;
    09F8 : 00000000;
    09F9 : 00000000;
    09FA : 00000000;
    09FB : 00000000;
    09FC : 00000000;
    09FD : 00000000;
    09FE : 00000000;
    09FF : 00000000;
    0A00 : 00000000;
    0A01 : 00000000;
    0A02 : 00000000;
    0A03 : 00000000;
    0A04 : 00000000;
    0A05 : 00000000;
    0A06 : 00000000;
    0A07 : 00000000;
    0A08 : 00000000;
    0A09 : 00000000;
    0A0A : 00000000;
    0A0B : 00000000;
    0A0C : 00000000;
    0A0D : 00000000;
    0A0E : 00000000;
    0A0F : 00000000;
    0A10 : 00000000;
    0A11 : 00000000;
    0A12 : 00000000;
    0A13 : 00000000;
    0A14 : 00000000;
    0A15 : 00000000;
    0A16 : 00000000;
    0A17 : 00000000;
    0A18 : 00000000;
    0A19 : 00000000;
    0A1A : 00000000;
    0A1B : 00000000;
    0A1C : 00000000;
    0A1D : 00000000;
    0A1E : 00000000;
    0A1F : 00000000;
    0A20 : 00000000;
    0A21 : 00000000;
    0A22 : 00000000;
    0A23 : 00000000;
    0A24 : 00000000;
    0A25 : 00000000;
    0A26 : 00000000;
    0A27 : 00000000;
    0A28 : 00000000;
    0A29 : 00000000;
    0A2A : 00000000;
    0A2B : 00000000;
    0A2C : 00000000;
    0A2D : 00000000;
    0A2E : 00000000;
    0A2F : 00000000;
    0A30 : 00000000;
    0A31 : 00000000;
    0A32 : 00000000;
    0A33 : 00000000;
    0A34 : 00000000;
    0A35 : 00000000;
    0A36 : 00000000;
    0A37 : 00000000;
    0A38 : 00000000;
    0A39 : 00000000;
    0A3A : 00000000;
    0A3B : 00000000;
    0A3C : 00000000;
    0A3D : 00000000;
    0A3E : 00000000;
    0A3F : 00000000;
    0A40 : 00000000;
    0A41 : 00000000;
    0A42 : 00000000;
    0A43 : 00000000;
    0A44 : 00000000;
    0A45 : 00000000;
    0A46 : 00000000;
    0A47 : 00000000;
    0A48 : 00000000;
    0A49 : 00000000;
    0A4A : 00000000;
    0A4B : 00000000;
    0A4C : 00000000;
    0A4D : 00000000;
    0A4E : 00000000;
    0A4F : 00000000;
    0A50 : 00000000;
    0A51 : 00000000;
    0A52 : 00000000;
    0A53 : 00000000;
    0A54 : 00000000;
    0A55 : 00000000;
    0A56 : 00000000;
    0A57 : 00000000;
    0A58 : 00000000;
    0A59 : 00000000;
    0A5A : 00000000;
    0A5B : 00000000;
    0A5C : 00000000;
    0A5D : 00000000;
    0A5E : 00000000;
    0A5F : 00000000;
    0A60 : 00000000;
    0A61 : 00000000;
    0A62 : 00000000;
    0A63 : 00000000;
    0A64 : 00000000;
    0A65 : 00000000;
    0A66 : 00000000;
    0A67 : 00000000;
    0A68 : 00000000;
    0A69 : 00000000;
    0A6A : 00000000;
    0A6B : 00000000;
    0A6C : 00000000;
    0A6D : 00000000;
    0A6E : 00000000;
    0A6F : 00000000;
    0A70 : 00000000;
    0A71 : 00000000;
    0A72 : 00000000;
    0A73 : 00000000;
    0A74 : 00000000;
    0A75 : 00000000;
    0A76 : 00000000;
    0A77 : 00000000;
    0A78 : 00000000;
    0A79 : 00000000;
    0A7A : 00000000;
    0A7B : 00000000;
    0A7C : 00000000;
    0A7D : 00000000;
    0A7E : 00000000;
    0A7F : 00000000;
    0A80 : 00000000;
    0A81 : 00000000;
    0A82 : 00000000;
    0A83 : 00000000;
    0A84 : 00000000;
    0A85 : 00000000;
    0A86 : 00000000;
    0A87 : 00000000;
    0A88 : 00000000;
    0A89 : 00000000;
    0A8A : 00000000;
    0A8B : 00000000;
    0A8C : 00000000;
    0A8D : 00000000;
    0A8E : 00000000;
    0A8F : 00000000;
    0A90 : 00000000;
    0A91 : 00000000;
    0A92 : 00000000;
    0A93 : 00000000;
    0A94 : 00000000;
    0A95 : 00000000;
    0A96 : 00000000;
    0A97 : 00000000;
    0A98 : 00000000;
    0A99 : 00000000;
    0A9A : 00000000;
    0A9B : 00000000;
    0A9C : 00000000;
    0A9D : 00000000;
    0A9E : 00000000;
    0A9F : 00000000;
    0AA0 : 00000000;
    0AA1 : 00000000;
    0AA2 : 00000000;
    0AA3 : 00000000;
    0AA4 : 00000000;
    0AA5 : 00000000;
    0AA6 : 00000000;
    0AA7 : 00000000;
    0AA8 : 00000000;
    0AA9 : 00000000;
    0AAA : 00000000;
    0AAB : 00000000;
    0AAC : 00000000;
    0AAD : 00000000;
    0AAE : 00000000;
    0AAF : 00000000;
    0AB0 : 00000000;
    0AB1 : 00000000;
    0AB2 : 00000000;
    0AB3 : 00000000;
    0AB4 : 00000000;
    0AB5 : 00000000;
    0AB6 : 00000000;
    0AB7 : 00000000;
    0AB8 : 00000000;
    0AB9 : 00000000;
    0ABA : 00000000;
    0ABB : 00000000;
    0ABC : 00000000;
    0ABD : 00000000;
    0ABE : 00000000;
    0ABF : 00000000;
    0AC0 : 00000000;
    0AC1 : 00000000;
    0AC2 : 00000000;
    0AC3 : 00000000;
    0AC4 : 00000000;
    0AC5 : 00000000;
    0AC6 : 00000000;
    0AC7 : 00000000;
    0AC8 : 00000000;
    0AC9 : 00000000;
    0ACA : 00000000;
    0ACB : 00000000;
    0ACC : 00000000;
    0ACD : 00000000;
    0ACE : 00000000;
    0ACF : 00000000;
    0AD0 : 00000000;
    0AD1 : 00000000;
    0AD2 : 00000000;
    0AD3 : 00000000;
    0AD4 : 00000000;
    0AD5 : 00000000;
    0AD6 : 00000000;
    0AD7 : 00000000;
    0AD8 : 00000000;
    0AD9 : 00000000;
    0ADA : 00000000;
    0ADB : 00000000;
    0ADC : 00000000;
    0ADD : 00000000;
    0ADE : 00000000;
    0ADF : 00000000;
    0AE0 : 00000000;
    0AE1 : 00000000;
    0AE2 : 00000000;
    0AE3 : 00000000;
    0AE4 : 00000000;
    0AE5 : 00000000;
    0AE6 : 00000000;
    0AE7 : 00000000;
    0AE8 : 00000000;
    0AE9 : 00000000;
    0AEA : 00000000;
    0AEB : 00000000;
    0AEC : 00000000;
    0AED : 00000000;
    0AEE : 00000000;
    0AEF : 00000000;
    0AF0 : 00000000;
    0AF1 : 00000000;
    0AF2 : 00000000;
    0AF3 : 00000000;
    0AF4 : 00000000;
    0AF5 : 00000000;
    0AF6 : 00000000;
    0AF7 : 00000000;
    0AF8 : 00000000;
    0AF9 : 00000000;
    0AFA : 00000000;
    0AFB : 00000000;
    0AFC : 00000000;
    0AFD : 00000000;
    0AFE : 00000000;
    0AFF : 00000000;
    0B00 : 00000000;
    0B01 : 00000000;
    0B02 : 00000000;
    0B03 : 00000000;
    0B04 : 00000000;
    0B05 : 00000000;
    0B06 : 00000000;
    0B07 : 00000000;
    0B08 : 00000000;
    0B09 : 00000000;
    0B0A : 00000000;
    0B0B : 00000000;
    0B0C : 00000000;
    0B0D : 00000000;
    0B0E : 00000000;
    0B0F : 00000000;
    0B10 : 00000000;
    0B11 : 00000000;
    0B12 : 00000000;
    0B13 : 00000000;
    0B14 : 00000000;
    0B15 : 00000000;
    0B16 : 00000000;
    0B17 : 00000000;
    0B18 : 00000000;
    0B19 : 00000000;
    0B1A : 00000000;
    0B1B : 00000000;
    0B1C : 00000000;
    0B1D : 00000000;
    0B1E : 00000000;
    0B1F : 00000000;
    0B20 : 00000000;
    0B21 : 00000000;
    0B22 : 00000000;
    0B23 : 00000000;
    0B24 : 00000000;
    0B25 : 00000000;
    0B26 : 00000000;
    0B27 : 00000000;
    0B28 : 00000000;
    0B29 : 00000000;
    0B2A : 00000000;
    0B2B : 00000000;
    0B2C : 00000000;
    0B2D : 00000000;
    0B2E : 00000000;
    0B2F : 00000000;
    0B30 : 00000000;
    0B31 : 00000000;
    0B32 : 00000000;
    0B33 : 00000000;
    0B34 : 00000000;
    0B35 : 00000000;
    0B36 : 00000000;
    0B37 : 00000000;
    0B38 : 00000000;
    0B39 : 00000000;
    0B3A : 00000000;
    0B3B : 00000000;
    0B3C : 00000000;
    0B3D : 00000000;
    0B3E : 00000000;
    0B3F : 00000000;
    0B40 : 00000000;
    0B41 : 00000000;
    0B42 : 00000000;
    0B43 : 00000000;
    0B44 : 00000000;
    0B45 : 00000000;
    0B46 : 00000000;
    0B47 : 00000000;
    0B48 : 00000000;
    0B49 : 00000000;
    0B4A : 00000000;
    0B4B : 00000000;
    0B4C : 00000000;
    0B4D : 00000000;
    0B4E : 00000000;
    0B4F : 00000000;
    0B50 : 00000000;
    0B51 : 00000000;
    0B52 : 00000000;
    0B53 : 00000000;
    0B54 : 00000000;
    0B55 : 00000000;
    0B56 : 00000000;
    0B57 : 00000000;
    0B58 : 00000000;
    0B59 : 00000000;
    0B5A : 00000000;
    0B5B : 00000000;
    0B5C : 00000000;
    0B5D : 00000000;
    0B5E : 00000000;
    0B5F : 00000000;
    0B60 : 00000000;
    0B61 : 00000000;
    0B62 : 00000000;
    0B63 : 00000000;
    0B64 : 00000000;
    0B65 : 00000000;
    0B66 : 00000000;
    0B67 : 00000000;
    0B68 : 00000000;
    0B69 : 00000000;
    0B6A : 00000000;
    0B6B : 00000000;
    0B6C : 00000000;
    0B6D : 00000000;
    0B6E : 00000000;
    0B6F : 00000000;
    0B70 : 00000000;
    0B71 : 00000000;
    0B72 : 00000000;
    0B73 : 00000000;
    0B74 : 00000000;
    0B75 : 00000000;
    0B76 : 00000000;
    0B77 : 00000000;
    0B78 : 00000000;
    0B79 : 00000000;
    0B7A : 00000000;
    0B7B : 00000000;
    0B7C : 00000000;
    0B7D : 00000000;
    0B7E : 00000000;
    0B7F : 00000000;
    0B80 : 00000000;
    0B81 : 00000000;
    0B82 : 00000000;
    0B83 : 00000000;
    0B84 : 00000000;
    0B85 : 00000000;
    0B86 : 00000000;
    0B87 : 00000000;
    0B88 : 00000000;
    0B89 : 00000000;
    0B8A : 00000000;
    0B8B : 00000000;
    0B8C : 00000000;
    0B8D : 00000000;
    0B8E : 00000000;
    0B8F : 00000000;
    0B90 : 00000000;
    0B91 : 00000000;
    0B92 : 00000000;
    0B93 : 00000000;
    0B94 : 00000000;
    0B95 : 00000000;
    0B96 : 00000000;
    0B97 : 00000000;
    0B98 : 00000000;
    0B99 : 00000000;
    0B9A : 00000000;
    0B9B : 00000000;
    0B9C : 00000000;
    0B9D : 00000000;
    0B9E : 00000000;
    0B9F : 00000000;
    0BA0 : 00000000;
    0BA1 : 00000000;
    0BA2 : 00000000;
    0BA3 : 00000000;
    0BA4 : 00000000;
    0BA5 : 00000000;
    0BA6 : 00000000;
    0BA7 : 00000000;
    0BA8 : 00000000;
    0BA9 : 00000000;
    0BAA : 00000000;
    0BAB : 00000000;
    0BAC : 00000000;
    0BAD : 00000000;
    0BAE : 00000000;
    0BAF : 00000000;
    0BB0 : 00000000;
    0BB1 : 00000000;
    0BB2 : 00000000;
    0BB3 : 00000000;
    0BB4 : 00000000;
    0BB5 : 00000000;
    0BB6 : 00000000;
    0BB7 : 00000000;
    0BB8 : 00000000;
    0BB9 : 00000000;
    0BBA : 00000000;
    0BBB : 00000000;
    0BBC : 00000000;
    0BBD : 00000000;
    0BBE : 00000000;
    0BBF : 00000000;
    0BC0 : 00000000;
    0BC1 : 00000000;
    0BC2 : 00000000;
    0BC3 : 00000000;
    0BC4 : 00000000;
    0BC5 : 00000000;
    0BC6 : 00000000;
    0BC7 : 00000000;
    0BC8 : 00000000;
    0BC9 : 00000000;
    0BCA : 00000000;
    0BCB : 00000000;
    0BCC : 00000000;
    0BCD : 00000000;
    0BCE : 00000000;
    0BCF : 00000000;
    0BD0 : 00000000;
    0BD1 : 00000000;
    0BD2 : 00000000;
    0BD3 : 00000000;
    0BD4 : 00000000;
    0BD5 : 00000000;
    0BD6 : 00000000;
    0BD7 : 00000000;
    0BD8 : 00000000;
    0BD9 : 00000000;
    0BDA : 00000000;
    0BDB : 00000000;
    0BDC : 00000000;
    0BDD : 00000000;
    0BDE : 00000000;
    0BDF : 00000000;
    0BE0 : 00000000;
    0BE1 : 00000000;
    0BE2 : 00000000;
    0BE3 : 00000000;
    0BE4 : 00000000;
    0BE5 : 00000000;
    0BE6 : 00000000;
    0BE7 : 00000000;
    0BE8 : 00000000;
    0BE9 : 00000000;
    0BEA : 00000000;
    0BEB : 00000000;
    0BEC : 00000000;
    0BED : 00000000;
    0BEE : 00000000;
    0BEF : 00000000;
    0BF0 : 00000000;
    0BF1 : 00000000;
    0BF2 : 00000000;
    0BF3 : 00000000;
    0BF4 : 00000000;
    0BF5 : 00000000;
    0BF6 : 00000000;
    0BF7 : 00000000;
    0BF8 : 00000000;
    0BF9 : 00000000;
    0BFA : 00000000;
    0BFB : 00000000;
    0BFC : 00000000;
    0BFD : 00000000;
    0BFE : 00000000;
    0BFF : 00000000;
    0C00 : 00000000;
    0C01 : 00000000;
    0C02 : 00000000;
    0C03 : 00000000;
    0C04 : 00000000;
    0C05 : 00000000;
    0C06 : 00000000;
    0C07 : 00000000;
    0C08 : 00000000;
    0C09 : 00000000;
    0C0A : 00000000;
    0C0B : 00000000;
    0C0C : 00000000;
    0C0D : 00000000;
    0C0E : 00000000;
    0C0F : 00000000;
    0C10 : 00000000;
    0C11 : 00000000;
    0C12 : 00000000;
    0C13 : 00000000;
    0C14 : 00000000;
    0C15 : 00000000;
    0C16 : 00000000;
    0C17 : 00000000;
    0C18 : 00000000;
    0C19 : 00000000;
    0C1A : 00000000;
    0C1B : 00000000;
    0C1C : 00000000;
    0C1D : 00000000;
    0C1E : 00000000;
    0C1F : 00000000;
    0C20 : 00000000;
    0C21 : 00000000;
    0C22 : 00000000;
    0C23 : 00000000;
    0C24 : 00000000;
    0C25 : 00000000;
    0C26 : 00000000;
    0C27 : 00000000;
    0C28 : 00000000;
    0C29 : 00000000;
    0C2A : 00000000;
    0C2B : 00000000;
    0C2C : 00000000;
    0C2D : 00000000;
    0C2E : 00000000;
    0C2F : 00000000;
    0C30 : 00000000;
    0C31 : 00000000;
    0C32 : 00000000;
    0C33 : 00000000;
    0C34 : 00000000;
    0C35 : 00000000;
    0C36 : 00000000;
    0C37 : 00000000;
    0C38 : 00000000;
    0C39 : 00000000;
    0C3A : 00000000;
    0C3B : 00000000;
    0C3C : 00000000;
    0C3D : 00000000;
    0C3E : 00000000;
    0C3F : 00000000;
    0C40 : 00000000;
    0C41 : 00000000;
    0C42 : 00000000;
    0C43 : 00000000;
    0C44 : 00000000;
    0C45 : 00000000;
    0C46 : 00000000;
    0C47 : 00000000;
    0C48 : 00000000;
    0C49 : 00000000;
    0C4A : 00000000;
    0C4B : 00000000;
    0C4C : 00000000;
    0C4D : 00000000;
    0C4E : 00000000;
    0C4F : 00000000;
    0C50 : 00000000;
    0C51 : 00000000;
    0C52 : 00000000;
    0C53 : 00000000;
    0C54 : 00000000;
    0C55 : 00000000;
    0C56 : 00000000;
    0C57 : 00000000;
    0C58 : 00000000;
    0C59 : 00000000;
    0C5A : 00000000;
    0C5B : 00000000;
    0C5C : 00000000;
    0C5D : 00000000;
    0C5E : 00000000;
    0C5F : 00000000;
    0C60 : 00000000;
    0C61 : 00000000;
    0C62 : 00000000;
    0C63 : 00000000;
    0C64 : 00000000;
    0C65 : 00000000;
    0C66 : 00000000;
    0C67 : 00000000;
    0C68 : 00000000;
    0C69 : 00000000;
    0C6A : 00000000;
    0C6B : 00000000;
    0C6C : 00000000;
    0C6D : 00000000;
    0C6E : 00000000;
    0C6F : 00000000;
    0C70 : 00000000;
    0C71 : 00000000;
    0C72 : 00000000;
    0C73 : 00000000;
    0C74 : 00000000;
    0C75 : 00000000;
    0C76 : 00000000;
    0C77 : 00000000;
    0C78 : 00000000;
    0C79 : 00000000;
    0C7A : 00000000;
    0C7B : 00000000;
    0C7C : 00000000;
    0C7D : 00000000;
    0C7E : 00000000;
    0C7F : 00000000;
    0C80 : 00000000;
    0C81 : 00000000;
    0C82 : 00000000;
    0C83 : 00000000;
    0C84 : 00000000;
    0C85 : 00000000;
    0C86 : 00000000;
    0C87 : 00000000;
    0C88 : 00000000;
    0C89 : 00000000;
    0C8A : 00000000;
    0C8B : 00000000;
    0C8C : 00000000;
    0C8D : 00000000;
    0C8E : 00000000;
    0C8F : 00000000;
    0C90 : 00000000;
    0C91 : 00000000;
    0C92 : 00000000;
    0C93 : 00000000;
    0C94 : 00000000;
    0C95 : 00000000;
    0C96 : 00000000;
    0C97 : 00000000;
    0C98 : 00000000;
    0C99 : 00000000;
    0C9A : 00000000;
    0C9B : 00000000;
    0C9C : 00000000;
    0C9D : 00000000;
    0C9E : 00000000;
    0C9F : 00000000;
    0CA0 : 00000000;
    0CA1 : 00000000;
    0CA2 : 00000000;
    0CA3 : 00000000;
    0CA4 : 00000000;
    0CA5 : 00000000;
    0CA6 : 00000000;
    0CA7 : 00000000;
    0CA8 : 00000000;
    0CA9 : 00000000;
    0CAA : 00000000;
    0CAB : 00000000;
    0CAC : 00000000;
    0CAD : 00000000;
    0CAE : 00000000;
    0CAF : 00000000;
    0CB0 : 00000000;
    0CB1 : 00000000;
    0CB2 : 00000000;
    0CB3 : 00000000;
    0CB4 : 00000000;
    0CB5 : 00000000;
    0CB6 : 00000000;
    0CB7 : 00000000;
    0CB8 : 00000000;
    0CB9 : 00000000;
    0CBA : 00000000;
    0CBB : 00000000;
    0CBC : 00000000;
    0CBD : 00000000;
    0CBE : 00000000;
    0CBF : 00000000;
    0CC0 : 00000000;
    0CC1 : 00000000;
    0CC2 : 00000000;
    0CC3 : 00000000;
    0CC4 : 00000000;
    0CC5 : 00000000;
    0CC6 : 00000000;
    0CC7 : 00000000;
    0CC8 : 00000000;
    0CC9 : 00000000;
    0CCA : 00000000;
    0CCB : 00000000;
    0CCC : 00000000;
    0CCD : 00000000;
    0CCE : 00000000;
    0CCF : 00000000;
    0CD0 : 00000000;
    0CD1 : 00000000;
    0CD2 : 00000000;
    0CD3 : 00000000;
    0CD4 : 00000000;
    0CD5 : 00000000;
    0CD6 : 00000000;
    0CD7 : 00000000;
    0CD8 : 00000000;
    0CD9 : 00000000;
    0CDA : 00000000;
    0CDB : 00000000;
    0CDC : 00000000;
    0CDD : 00000000;
    0CDE : 00000000;
    0CDF : 00000000;
    0CE0 : 00000000;
    0CE1 : 00000000;
    0CE2 : 00000000;
    0CE3 : 00000000;
    0CE4 : 00000000;
    0CE5 : 00000000;
    0CE6 : 00000000;
    0CE7 : 00000000;
    0CE8 : 00000000;
    0CE9 : 00000000;
    0CEA : 00000000;
    0CEB : 00000000;
    0CEC : 00000000;
    0CED : 00000000;
    0CEE : 00000000;
    0CEF : 00000000;
    0CF0 : 00000000;
    0CF1 : 00000000;
    0CF2 : 00000000;
    0CF3 : 00000000;
    0CF4 : 00000000;
    0CF5 : 00000000;
    0CF6 : 00000000;
    0CF7 : 00000000;
    0CF8 : 00000000;
    0CF9 : 00000000;
    0CFA : 00000000;
    0CFB : 00000000;
    0CFC : 00000000;
    0CFD : 00000000;
    0CFE : 00000000;
    0CFF : 00000000;
    0D00 : 00000000;
    0D01 : 00000000;
    0D02 : 00000000;
    0D03 : 00000000;
    0D04 : 00000000;
    0D05 : 00000000;
    0D06 : 00000000;
    0D07 : 00000000;
    0D08 : 00000000;
    0D09 : 00000000;
    0D0A : 00000000;
    0D0B : 00000000;
    0D0C : 00000000;
    0D0D : 00000000;
    0D0E : 00000000;
    0D0F : 00000000;
    0D10 : 00000000;
    0D11 : 00000000;
    0D12 : 00000000;
    0D13 : 00000000;
    0D14 : 00000000;
    0D15 : 00000000;
    0D16 : 00000000;
    0D17 : 00000000;
    0D18 : 00000000;
    0D19 : 00000000;
    0D1A : 00000000;
    0D1B : 00000000;
    0D1C : 00000000;
    0D1D : 00000000;
    0D1E : 00000000;
    0D1F : 00000000;
    0D20 : 00000000;
    0D21 : 00000000;
    0D22 : 00000000;
    0D23 : 00000000;
    0D24 : 00000000;
    0D25 : 00000000;
    0D26 : 00000000;
    0D27 : 00000000;
    0D28 : 00000000;
    0D29 : 00000000;
    0D2A : 00000000;
    0D2B : 00000000;
    0D2C : 00000000;
    0D2D : 00000000;
    0D2E : 00000000;
    0D2F : 00000000;
    0D30 : 00000000;
    0D31 : 00000000;
    0D32 : 00000000;
    0D33 : 00000000;
    0D34 : 00000000;
    0D35 : 00000000;
    0D36 : 00000000;
    0D37 : 00000000;
    0D38 : 00000000;
    0D39 : 00000000;
    0D3A : 00000000;
    0D3B : 00000000;
    0D3C : 00000000;
    0D3D : 00000000;
    0D3E : 00000000;
    0D3F : 00000000;
    0D40 : 00000000;
    0D41 : 00000000;
    0D42 : 00000000;
    0D43 : 00000000;
    0D44 : 00000000;
    0D45 : 00000000;
    0D46 : 00000000;
    0D47 : 00000000;
    0D48 : 00000000;
    0D49 : 00000000;
    0D4A : 00000000;
    0D4B : 00000000;
    0D4C : 00000000;
    0D4D : 00000000;
    0D4E : 00000000;
    0D4F : 00000000;
    0D50 : 00000000;
    0D51 : 00000000;
    0D52 : 00000000;
    0D53 : 00000000;
    0D54 : 00000000;
    0D55 : 00000000;
    0D56 : 00000000;
    0D57 : 00000000;
    0D58 : 00000000;
    0D59 : 00000000;
    0D5A : 00000000;
    0D5B : 00000000;
    0D5C : 00000000;
    0D5D : 00000000;
    0D5E : 00000000;
    0D5F : 00000000;
    0D60 : 00000000;
    0D61 : 00000000;
    0D62 : 00000000;
    0D63 : 00000000;
    0D64 : 00000000;
    0D65 : 00000000;
    0D66 : 00000000;
    0D67 : 00000000;
    0D68 : 00000000;
    0D69 : 00000000;
    0D6A : 00000000;
    0D6B : 00000000;
    0D6C : 00000000;
    0D6D : 00000000;
    0D6E : 00000000;
    0D6F : 00000000;
    0D70 : 00000000;
    0D71 : 00000000;
    0D72 : 00000000;
    0D73 : 00000000;
    0D74 : 00000000;
    0D75 : 00000000;
    0D76 : 00000000;
    0D77 : 00000000;
    0D78 : 00000000;
    0D79 : 00000000;
    0D7A : 00000000;
    0D7B : 00000000;
    0D7C : 00000000;
    0D7D : 00000000;
    0D7E : 00000000;
    0D7F : 00000000;
    0D80 : 00000000;
    0D81 : 00000000;
    0D82 : 00000000;
    0D83 : 00000000;
    0D84 : 00000000;
    0D85 : 00000000;
    0D86 : 00000000;
    0D87 : 00000000;
    0D88 : 00000000;
    0D89 : 00000000;
    0D8A : 00000000;
    0D8B : 00000000;
    0D8C : 00000000;
    0D8D : 00000000;
    0D8E : 00000000;
    0D8F : 00000000;
    0D90 : 00000000;
    0D91 : 00000000;
    0D92 : 00000000;
    0D93 : 00000000;
    0D94 : 00000000;
    0D95 : 00000000;
    0D96 : 00000000;
    0D97 : 00000000;
    0D98 : 00000000;
    0D99 : 00000000;
    0D9A : 00000000;
    0D9B : 00000000;
    0D9C : 00000000;
    0D9D : 00000000;
    0D9E : 00000000;
    0D9F : 00000000;
    0DA0 : 00000000;
    0DA1 : 00000000;
    0DA2 : 00000000;
    0DA3 : 00000000;
    0DA4 : 00000000;
    0DA5 : 00000000;
    0DA6 : 00000000;
    0DA7 : 00000000;
    0DA8 : 00000000;
    0DA9 : 00000000;
    0DAA : 00000000;
    0DAB : 00000000;
    0DAC : 00000000;
    0DAD : 00000000;
    0DAE : 00000000;
    0DAF : 00000000;
    0DB0 : 00000000;
    0DB1 : 00000000;
    0DB2 : 00000000;
    0DB3 : 00000000;
    0DB4 : 00000000;
    0DB5 : 00000000;
    0DB6 : 00000000;
    0DB7 : 00000000;
    0DB8 : 00000000;
    0DB9 : 00000000;
    0DBA : 00000000;
    0DBB : 00000000;
    0DBC : 00000000;
    0DBD : 00000000;
    0DBE : 00000000;
    0DBF : 00000000;
    0DC0 : 00000000;
    0DC1 : 00000000;
    0DC2 : 00000000;
    0DC3 : 00000000;
    0DC4 : 00000000;
    0DC5 : 00000000;
    0DC6 : 00000000;
    0DC7 : 00000000;
    0DC8 : 00000000;
    0DC9 : 00000000;
    0DCA : 00000000;
    0DCB : 00000000;
    0DCC : 00000000;
    0DCD : 00000000;
    0DCE : 00000000;
    0DCF : 00000000;
    0DD0 : 00000000;
    0DD1 : 00000000;
    0DD2 : 00000000;
    0DD3 : 00000000;
    0DD4 : 00000000;
    0DD5 : 00000000;
    0DD6 : 00000000;
    0DD7 : 00000000;
    0DD8 : 00000000;
    0DD9 : 00000000;
    0DDA : 00000000;
    0DDB : 00000000;
    0DDC : 00000000;
    0DDD : 00000000;
    0DDE : 00000000;
    0DDF : 00000000;
    0DE0 : 00000000;
    0DE1 : 00000000;
    0DE2 : 00000000;
    0DE3 : 00000000;
    0DE4 : 00000000;
    0DE5 : 00000000;
    0DE6 : 00000000;
    0DE7 : 00000000;
    0DE8 : 00000000;
    0DE9 : 00000000;
    0DEA : 00000000;
    0DEB : 00000000;
    0DEC : 00000000;
    0DED : 00000000;
    0DEE : 00000000;
    0DEF : 00000000;
    0DF0 : 00000000;
    0DF1 : 00000000;
    0DF2 : 00000000;
    0DF3 : 00000000;
    0DF4 : 00000000;
    0DF5 : 00000000;
    0DF6 : 00000000;
    0DF7 : 00000000;
    0DF8 : 00000000;
    0DF9 : 00000000;
    0DFA : 00000000;
    0DFB : 00000000;
    0DFC : 00000000;
    0DFD : 00000000;
    0DFE : 00000000;
    0DFF : 00000000;
    0E00 : 00000000;
    0E01 : 00000000;
    0E02 : 00000000;
    0E03 : 00000000;
    0E04 : 00000000;
    0E05 : 00000000;
    0E06 : 00000000;
    0E07 : 00000000;
    0E08 : 00000000;
    0E09 : 00000000;
    0E0A : 00000000;
    0E0B : 00000000;
    0E0C : 00000000;
    0E0D : 00000000;
    0E0E : 00000000;
    0E0F : 00000000;
    0E10 : 00000000;
    0E11 : 00000000;
    0E12 : 00000000;
    0E13 : 00000000;
    0E14 : 00000000;
    0E15 : 00000000;
    0E16 : 00000000;
    0E17 : 00000000;
    0E18 : 00000000;
    0E19 : 00000000;
    0E1A : 00000000;
    0E1B : 00000000;
    0E1C : 00000000;
    0E1D : 00000000;
    0E1E : 00000000;
    0E1F : 00000000;
    0E20 : 00000000;
    0E21 : 00000000;
    0E22 : 00000000;
    0E23 : 00000000;
    0E24 : 00000000;
    0E25 : 00000000;
    0E26 : 00000000;
    0E27 : 00000000;
    0E28 : 00000000;
    0E29 : 00000000;
    0E2A : 00000000;
    0E2B : 00000000;
    0E2C : 00000000;
    0E2D : 00000000;
    0E2E : 00000000;
    0E2F : 00000000;
    0E30 : 00000000;
    0E31 : 00000000;
    0E32 : 00000000;
    0E33 : 00000000;
    0E34 : 00000000;
    0E35 : 00000000;
    0E36 : 00000000;
    0E37 : 00000000;
    0E38 : 00000000;
    0E39 : 00000000;
    0E3A : 00000000;
    0E3B : 00000000;
    0E3C : 00000000;
    0E3D : 00000000;
    0E3E : 00000000;
    0E3F : 00000000;
    0E40 : 00000000;
    0E41 : 00000000;
    0E42 : 00000000;
    0E43 : 00000000;
    0E44 : 00000000;
    0E45 : 00000000;
    0E46 : 00000000;
    0E47 : 00000000;
    0E48 : 00000000;
    0E49 : 00000000;
    0E4A : 00000000;
    0E4B : 00000000;
    0E4C : 00000000;
    0E4D : 00000000;
    0E4E : 00000000;
    0E4F : 00000000;
    0E50 : 00000000;
    0E51 : 00000000;
    0E52 : 00000000;
    0E53 : 00000000;
    0E54 : 00000000;
    0E55 : 00000000;
    0E56 : 00000000;
    0E57 : 00000000;
    0E58 : 00000000;
    0E59 : 00000000;
    0E5A : 00000000;
    0E5B : 00000000;
    0E5C : 00000000;
    0E5D : 00000000;
    0E5E : 00000000;
    0E5F : 00000000;
    0E60 : 00000000;
    0E61 : 00000000;
    0E62 : 00000000;
    0E63 : 00000000;
    0E64 : 00000000;
    0E65 : 00000000;
    0E66 : 00000000;
    0E67 : 00000000;
    0E68 : 00000000;
    0E69 : 00000000;
    0E6A : 00000000;
    0E6B : 00000000;
    0E6C : 00000000;
    0E6D : 00000000;
    0E6E : 00000000;
    0E6F : 00000000;
    0E70 : 00000000;
    0E71 : 00000000;
    0E72 : 00000000;
    0E73 : 00000000;
    0E74 : 00000000;
    0E75 : 00000000;
    0E76 : 00000000;
    0E77 : 00000000;
    0E78 : 00000000;
    0E79 : 00000000;
    0E7A : 00000000;
    0E7B : 00000000;
    0E7C : 00000000;
    0E7D : 00000000;
    0E7E : 00000000;
    0E7F : 00000000;
    0E80 : 00000000;
    0E81 : 00000000;
    0E82 : 00000000;
    0E83 : 00000000;
    0E84 : 00000000;
    0E85 : 00000000;
    0E86 : 00000000;
    0E87 : 00000000;
    0E88 : 00000000;
    0E89 : 00000000;
    0E8A : 00000000;
    0E8B : 00000000;
    0E8C : 00000000;
    0E8D : 00000000;
    0E8E : 00000000;
    0E8F : 00000000;
    0E90 : 00000000;
    0E91 : 00000000;
    0E92 : 00000000;
    0E93 : 00000000;
    0E94 : 00000000;
    0E95 : 00000000;
    0E96 : 00000000;
    0E97 : 00000000;
    0E98 : 00000000;
    0E99 : 00000000;
    0E9A : 00000000;
    0E9B : 00000000;
    0E9C : 00000000;
    0E9D : 00000000;
    0E9E : 00000000;
    0E9F : 00000000;
    0EA0 : 00000000;
    0EA1 : 00000000;
    0EA2 : 00000000;
    0EA3 : 00000000;
    0EA4 : 00000000;
    0EA5 : 00000000;
    0EA6 : 00000000;
    0EA7 : 00000000;
    0EA8 : 00000000;
    0EA9 : 00000000;
    0EAA : 00000000;
    0EAB : 00000000;
    0EAC : 00000000;
    0EAD : 00000000;
    0EAE : 00000000;
    0EAF : 00000000;
    0EB0 : 00000000;
    0EB1 : 00000000;
    0EB2 : 00000000;
    0EB3 : 00000000;
    0EB4 : 00000000;
    0EB5 : 00000000;
    0EB6 : 00000000;
    0EB7 : 00000000;
    0EB8 : 00000000;
    0EB9 : 00000000;
    0EBA : 00000000;
    0EBB : 00000000;
    0EBC : 00000000;
    0EBD : 00000000;
    0EBE : 00000000;
    0EBF : 00000000;
    0EC0 : 00000000;
    0EC1 : 00000000;
    0EC2 : 00000000;
    0EC3 : 00000000;
    0EC4 : 00000000;
    0EC5 : 00000000;
    0EC6 : 00000000;
    0EC7 : 00000000;
    0EC8 : 00000000;
    0EC9 : 00000000;
    0ECA : 00000000;
    0ECB : 00000000;
    0ECC : 00000000;
    0ECD : 00000000;
    0ECE : 00000000;
    0ECF : 00000000;
    0ED0 : 00000000;
    0ED1 : 00000000;
    0ED2 : 00000000;
    0ED3 : 00000000;
    0ED4 : 00000000;
    0ED5 : 00000000;
    0ED6 : 00000000;
    0ED7 : 00000000;
    0ED8 : 00000000;
    0ED9 : 00000000;
    0EDA : 00000000;
    0EDB : 00000000;
    0EDC : 00000000;
    0EDD : 00000000;
    0EDE : 00000000;
    0EDF : 00000000;
    0EE0 : 00000000;
    0EE1 : 00000000;
    0EE2 : 00000000;
    0EE3 : 00000000;
    0EE4 : 00000000;
    0EE5 : 00000000;
    0EE6 : 00000000;
    0EE7 : 00000000;
    0EE8 : 00000000;
    0EE9 : 00000000;
    0EEA : 00000000;
    0EEB : 00000000;
    0EEC : 00000000;
    0EED : 00000000;
    0EEE : 00000000;
    0EEF : 00000000;
    0EF0 : 00000000;
    0EF1 : 00000000;
    0EF2 : 00000000;
    0EF3 : 00000000;
    0EF4 : 00000000;
    0EF5 : 00000000;
    0EF6 : 00000000;
    0EF7 : 00000000;
    0EF8 : 00000000;
    0EF9 : 00000000;
    0EFA : 00000000;
    0EFB : 00000000;
    0EFC : 00000000;
    0EFD : 00000000;
    0EFE : 00000000;
    0EFF : 00000000;
    0F00 : 00000000;
    0F01 : 00000000;
    0F02 : 00000000;
    0F03 : 00000000;
    0F04 : 00000000;
    0F05 : 00000000;
    0F06 : 00000000;
    0F07 : 00000000;
    0F08 : 00000000;
    0F09 : 00000000;
    0F0A : 00000000;
    0F0B : 00000000;
    0F0C : 00000000;
    0F0D : 00000000;
    0F0E : 00000000;
    0F0F : 00000000;
    0F10 : 00000000;
    0F11 : 00000000;
    0F12 : 00000000;
    0F13 : 00000000;
    0F14 : 00000000;
    0F15 : 00000000;
    0F16 : 00000000;
    0F17 : 00000000;
    0F18 : 00000000;
    0F19 : 00000000;
    0F1A : 00000000;
    0F1B : 00000000;
    0F1C : 00000000;
    0F1D : 00000000;
    0F1E : 00000000;
    0F1F : 00000000;
    0F20 : 00000000;
    0F21 : 00000000;
    0F22 : 00000000;
    0F23 : 00000000;
    0F24 : 00000000;
    0F25 : 00000000;
    0F26 : 00000000;
    0F27 : 00000000;
    0F28 : 00000000;
    0F29 : 00000000;
    0F2A : 00000000;
    0F2B : 00000000;
    0F2C : 00000000;
    0F2D : 00000000;
    0F2E : 00000000;
    0F2F : 00000000;
    0F30 : 00000000;
    0F31 : 00000000;
    0F32 : 00000000;
    0F33 : 00000000;
    0F34 : 00000000;
    0F35 : 00000000;
    0F36 : 00000000;
    0F37 : 00000000;
    0F38 : 00000000;
    0F39 : 00000000;
    0F3A : 00000000;
    0F3B : 00000000;
    0F3C : 00000000;
    0F3D : 00000000;
    0F3E : 00000000;
    0F3F : 00000000;
    0F40 : 00000000;
    0F41 : 00000000;
    0F42 : 00000000;
    0F43 : 00000000;
    0F44 : 00000000;
    0F45 : 00000000;
    0F46 : 00000000;
    0F47 : 00000000;
    0F48 : 00000000;
    0F49 : 00000000;
    0F4A : 00000000;
    0F4B : 00000000;
    0F4C : 00000000;
    0F4D : 00000000;
    0F4E : 00000000;
    0F4F : 00000000;
    0F50 : 00000000;
    0F51 : 00000000;
    0F52 : 00000000;
    0F53 : 00000000;
    0F54 : 00000000;
    0F55 : 00000000;
    0F56 : 00000000;
    0F57 : 00000000;
    0F58 : 00000000;
    0F59 : 00000000;
    0F5A : 00000000;
    0F5B : 00000000;
    0F5C : 00000000;
    0F5D : 00000000;
    0F5E : 00000000;
    0F5F : 00000000;
    0F60 : 00000000;
    0F61 : 00000000;
    0F62 : 00000000;
    0F63 : 00000000;
    0F64 : 00000000;
    0F65 : 00000000;
    0F66 : 00000000;
    0F67 : 00000000;
    0F68 : 00000000;
    0F69 : 00000000;
    0F6A : 00000000;
    0F6B : 00000000;
    0F6C : 00000000;
    0F6D : 00000000;
    0F6E : 00000000;
    0F6F : 00000000;
    0F70 : 00000000;
    0F71 : 00000000;
    0F72 : 00000000;
    0F73 : 00000000;
    0F74 : 00000000;
    0F75 : 00000000;
    0F76 : 00000000;
    0F77 : 00000000;
    0F78 : 00000000;
    0F79 : 00000000;
    0F7A : 00000000;
    0F7B : 00000000;
    0F7C : 00000000;
    0F7D : 00000000;
    0F7E : 00000000;
    0F7F : 00000000;
    0F80 : 00000000;
    0F81 : 00000000;
    0F82 : 00000000;
    0F83 : 00000000;
    0F84 : 00000000;
    0F85 : 00000000;
    0F86 : 00000000;
    0F87 : 00000000;
    0F88 : 00000000;
    0F89 : 00000000;
    0F8A : 00000000;
    0F8B : 00000000;
    0F8C : 00000000;
    0F8D : 00000000;
    0F8E : 00000000;
    0F8F : 00000000;
    0F90 : 00000000;
    0F91 : 00000000;
    0F92 : 00000000;
    0F93 : 00000000;
    0F94 : 00000000;
    0F95 : 00000000;
    0F96 : 00000000;
    0F97 : 00000000;
    0F98 : 00000000;
    0F99 : 00000000;
    0F9A : 00000000;
    0F9B : 00000000;
    0F9C : 00000000;
    0F9D : 00000000;
    0F9E : 00000000;
    0F9F : 00000000;
    0FA0 : 00000000;
    0FA1 : 00000000;
    0FA2 : 00000000;
    0FA3 : 00000000;
    0FA4 : 00000000;
    0FA5 : 00000000;
    0FA6 : 00000000;
    0FA7 : 00000000;
    0FA8 : 00000000;
    0FA9 : 00000000;
    0FAA : 00000000;
    0FAB : 00000000;
    0FAC : 00000000;
    0FAD : 00000000;
    0FAE : 00000000;
    0FAF : 00000000;
    0FB0 : 00000000;
    0FB1 : 00000000;
    0FB2 : 00000000;
    0FB3 : 00000000;
    0FB4 : 00000000;
    0FB5 : 00000000;
    0FB6 : 00000000;
    0FB7 : 00000000;
    0FB8 : 00000000;
    0FB9 : 00000000;
    0FBA : 00000000;
    0FBB : 00000000;
    0FBC : 00000000;
    0FBD : 00000000;
    0FBE : 00000000;
    0FBF : 00000000;
    0FC0 : 00000000;
    0FC1 : 00000000;
    0FC2 : 00000000;
    0FC3 : 00000000;
    0FC4 : 00000000;
    0FC5 : 00000000;
    0FC6 : 00000000;
    0FC7 : 00000000;
    0FC8 : 00000000;
    0FC9 : 00000000;
    0FCA : 00000000;
    0FCB : 00000000;
    0FCC : 00000000;
    0FCD : 00000000;
    0FCE : 00000000;
    0FCF : 00000000;
    0FD0 : 00000000;
    0FD1 : 00000000;
    0FD2 : 00000000;
    0FD3 : 00000000;
    0FD4 : 00000000;
    0FD5 : 00000000;
    0FD6 : 00000000;
    0FD7 : 00000000;
    0FD8 : 00000000;
    0FD9 : 00000000;
    0FDA : 00000000;
    0FDB : 00000000;
    0FDC : 00000000;
    0FDD : 00000000;
    0FDE : 00000000;
    0FDF : 00000000;
    0FE0 : 00000000;
    0FE1 : 00000000;
    0FE2 : 00000000;
    0FE3 : 00000000;
    0FE4 : 00000000;
    0FE5 : 00000000;
    0FE6 : 00000000;
    0FE7 : 00000000;
    0FE8 : 00000000;
    0FE9 : 00000000;
    0FEA : 00000000;
    0FEB : 00000000;
    0FEC : 00000000;
    0FED : 00000000;
    0FEE : 00000000;
    0FEF : 00000000;
    0FF0 : 00000000;
    0FF1 : 00000000;
    0FF2 : 00000000;
    0FF3 : 00000000;
    0FF4 : 00000000;
    0FF5 : 00000000;
    0FF6 : 00000000;
    0FF7 : 00000000;
    0FF8 : 00000000;
    0FF9 : 00000000;
    0FFA : 00000000;
    0FFB : 00000000;
    0FFC : 00000000;
    0FFD : 00000000;
    0FFE : 00000000;
    0FFF : 00000000;
    1000 : 00000000;
    1001 : 00000000;
    1002 : 00000000;
    1003 : 00000000;
    1004 : 00000000;
    1005 : 00000000;
    1006 : 00000000;
    1007 : 00000000;
    1008 : 00000000;
    1009 : 00000000;
    100A : 00000000;
    100B : 00000000;
    100C : 00000000;
    100D : 00000000;
    100E : 00000000;
    100F : 00000000;
    1010 : 00000000;
    1011 : 00000000;
    1012 : 00000000;
    1013 : 00000000;
    1014 : 00000000;
    1015 : 00000000;
    1016 : 00000000;
    1017 : 00000000;
    1018 : 00000000;
    1019 : 00000000;
    101A : 00000000;
    101B : 00000000;
    101C : 00000000;
    101D : 00000000;
    101E : 00000000;
    101F : 00000000;
    1020 : 00000000;
    1021 : 00000000;
    1022 : 00000000;
    1023 : 00000000;
    1024 : 00000000;
    1025 : 00000000;
    1026 : 00000000;
    1027 : 00000000;
    1028 : 00000000;
    1029 : 00000000;
    102A : 00000000;
    102B : 00000000;
    102C : 00000000;
    102D : 00000000;
    102E : 00000000;
    102F : 00000000;
    1030 : 00000000;
    1031 : 00000000;
    1032 : 00000000;
    1033 : 00000000;
    1034 : 00000000;
    1035 : 00000000;
    1036 : 00000000;
    1037 : 00000000;
    1038 : 00000000;
    1039 : 00000000;
    103A : 00000000;
    103B : 00000000;
    103C : 00000000;
    103D : 00000000;
    103E : 00000000;
    103F : 00000000;
    1040 : 00000000;
    1041 : 00000000;
    1042 : 00000000;
    1043 : 00000000;
    1044 : 00000000;
    1045 : 00000000;
    1046 : 00000000;
    1047 : 00000000;
    1048 : 00000000;
    1049 : 00000000;
    104A : 00000000;
    104B : 00000000;
    104C : 00000000;
    104D : 00000000;
    104E : 00000000;
    104F : 00000000;
    1050 : 00000000;
    1051 : 00000000;
    1052 : 00000000;
    1053 : 00000000;
    1054 : 00000000;
    1055 : 00000000;
    1056 : 00000000;
    1057 : 00000000;
    1058 : 00000000;
    1059 : 00000000;
    105A : 00000000;
    105B : 00000000;
    105C : 00000000;
    105D : 00000000;
    105E : 00000000;
    105F : 00000000;
    1060 : 00000000;
    1061 : 00000000;
    1062 : 00000000;
    1063 : 00000000;
    1064 : 00000000;
    1065 : 00000000;
    1066 : 00000000;
    1067 : 00000000;
    1068 : 00000000;
    1069 : 00000000;
    106A : 00000000;
    106B : 00000000;
    106C : 00000000;
    106D : 00000000;
    106E : 00000000;
    106F : 00000000;
    1070 : 00000000;
    1071 : 00000000;
    1072 : 00000000;
    1073 : 00000000;
    1074 : 00000000;
    1075 : 00000000;
    1076 : 00000000;
    1077 : 00000000;
    1078 : 00000000;
    1079 : 00000000;
    107A : 00000000;
    107B : 00000000;
    107C : 00000000;
    107D : 00000000;
    107E : 00000000;
    107F : 00000000;
    1080 : 00000000;
    1081 : 00000000;
    1082 : 00000000;
    1083 : 00000000;
    1084 : 00000000;
    1085 : 00000000;
    1086 : 00000000;
    1087 : 00000000;
    1088 : 00000000;
    1089 : 00000000;
    108A : 00000000;
    108B : 00000000;
    108C : 00000000;
    108D : 00000000;
    108E : 00000000;
    108F : 00000000;
    1090 : 00000000;
    1091 : 00000000;
    1092 : 00000000;
    1093 : 00000000;
    1094 : 00000000;
    1095 : 00000000;
    1096 : 00000000;
    1097 : 00000000;
    1098 : 00000000;
    1099 : 00000000;
    109A : 00000000;
    109B : 00000000;
    109C : 00000000;
    109D : 00000000;
    109E : 00000000;
    109F : 00000000;
    10A0 : 00000000;
    10A1 : 00000000;
    10A2 : 00000000;
    10A3 : 00000000;
    10A4 : 00000000;
    10A5 : 00000000;
    10A6 : 00000000;
    10A7 : 00000000;
    10A8 : 00000000;
    10A9 : 00000000;
    10AA : 00000000;
    10AB : 00000000;
    10AC : 00000000;
    10AD : 00000000;
    10AE : 00000000;
    10AF : 00000000;
    10B0 : 00000000;
    10B1 : 00000000;
    10B2 : 00000000;
    10B3 : 00000000;
    10B4 : 00000000;
    10B5 : 00000000;
    10B6 : 00000000;
    10B7 : 00000000;
    10B8 : 00000000;
    10B9 : 00000000;
    10BA : 00000000;
    10BB : 00000000;
    10BC : 00000000;
    10BD : 00000000;
    10BE : 00000000;
    10BF : 00000000;
    10C0 : 00000000;
    10C1 : 00000000;
    10C2 : 00000000;
    10C3 : 00000000;
    10C4 : 00000000;
    10C5 : 00000000;
    10C6 : 00000000;
    10C7 : 00000000;
    10C8 : 00000000;
    10C9 : 00000000;
    10CA : 00000000;
    10CB : 00000000;
    10CC : 00000000;
    10CD : 00000000;
    10CE : 00000000;
    10CF : 00000000;
    10D0 : 00000000;
    10D1 : 00000000;
    10D2 : 00000000;
    10D3 : 00000000;
    10D4 : 00000000;
    10D5 : 00000000;
    10D6 : 00000000;
    10D7 : 00000000;
    10D8 : 00000000;
    10D9 : 00000000;
    10DA : 00000000;
    10DB : 00000000;
    10DC : 00000000;
    10DD : 00000000;
    10DE : 00000000;
    10DF : 00000000;
    10E0 : 00000000;
    10E1 : 00000000;
    10E2 : 00000000;
    10E3 : 00000000;
    10E4 : 00000000;
    10E5 : 00000000;
    10E6 : 00000000;
    10E7 : 00000000;
    10E8 : 00000000;
    10E9 : 00000000;
    10EA : 00000000;
    10EB : 00000000;
    10EC : 00000000;
    10ED : 00000000;
    10EE : 00000000;
    10EF : 00000000;
    10F0 : 00000000;
    10F1 : 00000000;
    10F2 : 00000000;
    10F3 : 00000000;
    10F4 : 00000000;
    10F5 : 00000000;
    10F6 : 00000000;
    10F7 : 00000000;
    10F8 : 00000000;
    10F9 : 00000000;
    10FA : 00000000;
    10FB : 00000000;
    10FC : 00000000;
    10FD : 00000000;
    10FE : 00000000;
    10FF : 00000000;
    1100 : 00000000;
    1101 : 00000000;
    1102 : 00000000;
    1103 : 00000000;
    1104 : 00000000;
    1105 : 00000000;
    1106 : 00000000;
    1107 : 00000000;
    1108 : 00000000;
    1109 : 00000000;
    110A : 00000000;
    110B : 00000000;
    110C : 00000000;
    110D : 00000000;
    110E : 00000000;
    110F : 00000000;
    1110 : 00000000;
    1111 : 00000000;
    1112 : 00000000;
    1113 : 00000000;
    1114 : 00000000;
    1115 : 00000000;
    1116 : 00000000;
    1117 : 00000000;
    1118 : 00000000;
    1119 : 00000000;
    111A : 00000000;
    111B : 00000000;
    111C : 00000000;
    111D : 00000000;
    111E : 00000000;
    111F : 00000000;
    1120 : 00000000;
    1121 : 00000000;
    1122 : 00000000;
    1123 : 00000000;
    1124 : 00000000;
    1125 : 00000000;
    1126 : 00000000;
    1127 : 00000000;
    1128 : 00000000;
    1129 : 00000000;
    112A : 00000000;
    112B : 00000000;
    112C : 00000000;
    112D : 00000000;
    112E : 00000000;
    112F : 00000000;
    1130 : 00000000;
    1131 : 00000000;
    1132 : 00000000;
    1133 : 00000000;
    1134 : 00000000;
    1135 : 00000000;
    1136 : 00000000;
    1137 : 00000000;
    1138 : 00000000;
    1139 : 00000000;
    113A : 00000000;
    113B : 00000000;
    113C : 00000000;
    113D : 00000000;
    113E : 00000000;
    113F : 00000000;
    1140 : 00000000;
    1141 : 00000000;
    1142 : 00000000;
    1143 : 00000000;
    1144 : 00000000;
    1145 : 00000000;
    1146 : 00000000;
    1147 : 00000000;
    1148 : 00000000;
    1149 : 00000000;
    114A : 00000000;
    114B : 00000000;
    114C : 00000000;
    114D : 00000000;
    114E : 00000000;
    114F : 00000000;
    1150 : 00000000;
    1151 : 00000000;
    1152 : 00000000;
    1153 : 00000000;
    1154 : 00000000;
    1155 : 00000000;
    1156 : 00000000;
    1157 : 00000000;
    1158 : 00000000;
    1159 : 00000000;
    115A : 00000000;
    115B : 00000000;
    115C : 00000000;
    115D : 00000000;
    115E : 00000000;
    115F : 00000000;
    1160 : 00000000;
    1161 : 00000000;
    1162 : 00000000;
    1163 : 00000000;
    1164 : 00000000;
    1165 : 00000000;
    1166 : 00000000;
    1167 : 00000000;
    1168 : 00000000;
    1169 : 00000000;
    116A : 00000000;
    116B : 00000000;
    116C : 00000000;
    116D : 00000000;
    116E : 00000000;
    116F : 00000000;
    1170 : 00000000;
    1171 : 00000000;
    1172 : 00000000;
    1173 : 00000000;
    1174 : 00000000;
    1175 : 00000000;
    1176 : 00000000;
    1177 : 00000000;
    1178 : 00000000;
    1179 : 00000000;
    117A : 00000000;
    117B : 00000000;
    117C : 00000000;
    117D : 00000000;
    117E : 00000000;
    117F : 00000000;
    1180 : 00000000;
    1181 : 00000000;
    1182 : 00000000;
    1183 : 00000000;
    1184 : 00000000;
    1185 : 00000000;
    1186 : 00000000;
    1187 : 00000000;
    1188 : 00000000;
    1189 : 00000000;
    118A : 00000000;
    118B : 00000000;
    118C : 00000000;
    118D : 00000000;
    118E : 00000000;
    118F : 00000000;
    1190 : 00000000;
    1191 : 00000000;
    1192 : 00000000;
    1193 : 00000000;
    1194 : 00000000;
    1195 : 00000000;
    1196 : 00000000;
    1197 : 00000000;
    1198 : 00000000;
    1199 : 00000000;
    119A : 00000000;
    119B : 00000000;
    119C : 00000000;
    119D : 00000000;
    119E : 00000000;
    119F : 00000000;
    11A0 : 00000000;
    11A1 : 00000000;
    11A2 : 00000000;
    11A3 : 00000000;
    11A4 : 00000000;
    11A5 : 00000000;
    11A6 : 00000000;
    11A7 : 00000000;
    11A8 : 00000000;
    11A9 : 00000000;
    11AA : 00000000;
    11AB : 00000000;
    11AC : 00000000;
    11AD : 00000000;
    11AE : 00000000;
    11AF : 00000000;
    11B0 : 00000000;
    11B1 : 00000000;
    11B2 : 00000000;
    11B3 : 00000000;
    11B4 : 00000000;
    11B5 : 00000000;
    11B6 : 00000000;
    11B7 : 00000000;
    11B8 : 00000000;
    11B9 : 00000000;
    11BA : 00000000;
    11BB : 00000000;
    11BC : 00000000;
    11BD : 00000000;
    11BE : 00000000;
    11BF : 00000000;
    11C0 : 00000000;
    11C1 : 00000000;
    11C2 : 00000000;
    11C3 : 00000000;
    11C4 : 00000000;
    11C5 : 00000000;
    11C6 : 00000000;
    11C7 : 00000000;
    11C8 : 00000000;
    11C9 : 00000000;
    11CA : 00000000;
    11CB : 00000000;
    11CC : 00000000;
    11CD : 00000000;
    11CE : 00000000;
    11CF : 00000000;
    11D0 : 00000000;
    11D1 : 00000000;
    11D2 : 00000000;
    11D3 : 00000000;
    11D4 : 00000000;
    11D5 : 00000000;
    11D6 : 00000000;
    11D7 : 00000000;
    11D8 : 00000000;
    11D9 : 00000000;
    11DA : 00000000;
    11DB : 00000000;
    11DC : 00000000;
    11DD : 00000000;
    11DE : 00000000;
    11DF : 00000000;
    11E0 : 00000000;
    11E1 : 00000000;
    11E2 : 00000000;
    11E3 : 00000000;
    11E4 : 00000000;
    11E5 : 00000000;
    11E6 : 00000000;
    11E7 : 00000000;
    11E8 : 00000000;
    11E9 : 00000000;
    11EA : 00000000;
    11EB : 00000000;
    11EC : 00000000;
    11ED : 00000000;
    11EE : 00000000;
    11EF : 00000000;
    11F0 : 00000000;
    11F1 : 00000000;
    11F2 : 00000000;
    11F3 : 00000000;
    11F4 : 00000000;
    11F5 : 00000000;
    11F6 : 00000000;
    11F7 : 00000000;
    11F8 : 00000000;
    11F9 : 00000000;
    11FA : 00000000;
    11FB : 00000000;
    11FC : 00000000;
    11FD : 00000000;
    11FE : 00000000;
    11FF : 00000000;
    1200 : 00000000;
    1201 : 00000000;
    1202 : 00000000;
    1203 : 00000000;
    1204 : 00000000;
    1205 : 00000000;
    1206 : 00000000;
    1207 : 00000000;
    1208 : 00000000;
    1209 : 00000000;
    120A : 00000000;
    120B : 00000000;
    120C : 00000000;
    120D : 00000000;
    120E : 00000000;
    120F : 00000000;
    1210 : 00000000;
    1211 : 00000000;
    1212 : 00000000;
    1213 : 00000000;
    1214 : 00000000;
    1215 : 00000000;
    1216 : 00000000;
    1217 : 00000000;
    1218 : 00000000;
    1219 : 00000000;
    121A : 00000000;
    121B : 00000000;
    121C : 00000000;
    121D : 00000000;
    121E : 00000000;
    121F : 00000000;
    1220 : 00000000;
    1221 : 00000000;
    1222 : 00000000;
    1223 : 00000000;
    1224 : 00000000;
    1225 : 00000000;
    1226 : 00000000;
    1227 : 00000000;
    1228 : 00000000;
    1229 : 00000000;
    122A : 00000000;
    122B : 00000000;
    122C : 00000000;
    122D : 00000000;
    122E : 00000000;
    122F : 00000000;
    1230 : 00000000;
    1231 : 00000000;
    1232 : 00000000;
    1233 : 00000000;
    1234 : 00000000;
    1235 : 00000000;
    1236 : 00000000;
    1237 : 00000000;
    1238 : 00000000;
    1239 : 00000000;
    123A : 00000000;
    123B : 00000000;
    123C : 00000000;
    123D : 00000000;
    123E : 00000000;
    123F : 00000000;
    1240 : 00000000;
    1241 : 00000000;
    1242 : 00000000;
    1243 : 00000000;
    1244 : 00000000;
    1245 : 00000000;
    1246 : 00000000;
    1247 : 00000000;
    1248 : 00000000;
    1249 : 00000000;
    124A : 00000000;
    124B : 00000000;
    124C : 00000000;
    124D : 00000000;
    124E : 00000000;
    124F : 00000000;
    1250 : 00000000;
    1251 : 00000000;
    1252 : 00000000;
    1253 : 00000000;
    1254 : 00000000;
    1255 : 00000000;
    1256 : 00000000;
    1257 : 00000000;
    1258 : 00000000;
    1259 : 00000000;
    125A : 00000000;
    125B : 00000000;
    125C : 00000000;
    125D : 00000000;
    125E : 00000000;
    125F : 00000000;
    1260 : 00000000;
    1261 : 00000000;
    1262 : 00000000;
    1263 : 00000000;
    1264 : 00000000;
    1265 : 00000000;
    1266 : 00000000;
    1267 : 00000000;
    1268 : 00000000;
    1269 : 00000000;
    126A : 00000000;
    126B : 00000000;
    126C : 00000000;
    126D : 00000000;
    126E : 00000000;
    126F : 00000000;
    1270 : 00000000;
    1271 : 00000000;
    1272 : 00000000;
    1273 : 00000000;
    1274 : 00000000;
    1275 : 00000000;
    1276 : 00000000;
    1277 : 00000000;
    1278 : 00000000;
    1279 : 00000000;
    127A : 00000000;
    127B : 00000000;
    127C : 00000000;
    127D : 00000000;
    127E : 00000000;
    127F : 00000000;
    1280 : 00000000;
    1281 : 00000000;
    1282 : 00000000;
    1283 : 00000000;
    1284 : 00000000;
    1285 : 00000000;
    1286 : 00000000;
    1287 : 00000000;
    1288 : 00000000;
    1289 : 00000000;
    128A : 00000000;
    128B : 00000000;
    128C : 00000000;
    128D : 00000000;
    128E : 00000000;
    128F : 00000000;
    1290 : 00000000;
    1291 : 00000000;
    1292 : 00000000;
    1293 : 00000000;
    1294 : 00000000;
    1295 : 00000000;
    1296 : 00000000;
    1297 : 00000000;
    1298 : 00000000;
    1299 : 00000000;
    129A : 00000000;
    129B : 00000000;
    129C : 00000000;
    129D : 00000000;
    129E : 00000000;
    129F : 00000000;
    12A0 : 00000000;
    12A1 : 00000000;
    12A2 : 00000000;
    12A3 : 00000000;
    12A4 : 00000000;
    12A5 : 00000000;
    12A6 : 00000000;
    12A7 : 00000000;
    12A8 : 00000000;
    12A9 : 00000000;
    12AA : 00000000;
    12AB : 00000000;
    12AC : 00000000;
    12AD : 00000000;
    12AE : 00000000;
    12AF : 00000000;
    12B0 : 00000000;
    12B1 : 00000000;
    12B2 : 00000000;
    12B3 : 00000000;
    12B4 : 00000000;
    12B5 : 00000000;
    12B6 : 00000000;
    12B7 : 00000000;
    12B8 : 00000000;
    12B9 : 00000000;
    12BA : 00000000;
    12BB : 00000000;
    12BC : 00000000;
    12BD : 00000000;
    12BE : 00000000;
    12BF : 00000000;
    12C0 : 00000000;
    12C1 : 00000000;
    12C2 : 00000000;
    12C3 : 00000000;
    12C4 : 00000000;
    12C5 : 00000000;
    12C6 : 00000000;
    12C7 : 00000000;
    12C8 : 00000000;
    12C9 : 00000000;
    12CA : 00000000;
    12CB : 00000000;
    12CC : 00000000;
    12CD : 00000000;
    12CE : 00000000;
    12CF : 00000000;
    12D0 : 00000000;
    12D1 : 00000000;
    12D2 : 00000000;
    12D3 : 00000000;
    12D4 : 00000000;
    12D5 : 00000000;
    12D6 : 00000000;
    12D7 : 00000000;
    12D8 : 00000000;
    12D9 : 00000000;
    12DA : 00000000;
    12DB : 00000000;
    12DC : 00000000;
    12DD : 00000000;
    12DE : 00000000;
    12DF : 00000000;
    12E0 : 00000000;
    12E1 : 00000000;
    12E2 : 00000000;
    12E3 : 00000000;
    12E4 : 00000000;
    12E5 : 00000000;
    12E6 : 00000000;
    12E7 : 00000000;
    12E8 : 00000000;
    12E9 : 00000000;
    12EA : 00000000;
    12EB : 00000000;
    12EC : 00000000;
    12ED : 00000000;
    12EE : 00000000;
    12EF : 00000000;
    12F0 : 00000000;
    12F1 : 00000000;
    12F2 : 00000000;
    12F3 : 00000000;
    12F4 : 00000000;
    12F5 : 00000000;
    12F6 : 00000000;
    12F7 : 00000000;
    12F8 : 00000000;
    12F9 : 00000000;
    12FA : 00000000;
    12FB : 00000000;
    12FC : 00000000;
    12FD : 00000000;
    12FE : 00000000;
    12FF : 00000000;
    1300 : 00000000;
    1301 : 00000000;
    1302 : 00000000;
    1303 : 00000000;
    1304 : 00000000;
    1305 : 00000000;
    1306 : 00000000;
    1307 : 00000000;
    1308 : 00000000;
    1309 : 00000000;
    130A : 00000000;
    130B : 00000000;
    130C : 00000000;
    130D : 00000000;
    130E : 00000000;
    130F : 00000000;
    1310 : 00000000;
    1311 : 00000000;
    1312 : 00000000;
    1313 : 00000000;
    1314 : 00000000;
    1315 : 00000000;
    1316 : 00000000;
    1317 : 00000000;
    1318 : 00000000;
    1319 : 00000000;
    131A : 00000000;
    131B : 00000000;
    131C : 00000000;
    131D : 00000000;
    131E : 00000000;
    131F : 00000000;
    1320 : 00000000;
    1321 : 00000000;
    1322 : 00000000;
    1323 : 00000000;
    1324 : 00000000;
    1325 : 00000000;
    1326 : 00000000;
    1327 : 00000000;
    1328 : 00000000;
    1329 : 00000000;
    132A : 00000000;
    132B : 00000000;
    132C : 00000000;
    132D : 00000000;
    132E : 00000000;
    132F : 00000000;
    1330 : 00000000;
    1331 : 00000000;
    1332 : 00000000;
    1333 : 00000000;
    1334 : 00000000;
    1335 : 00000000;
    1336 : 00000000;
    1337 : 00000000;
    1338 : 00000000;
    1339 : 00000000;
    133A : 00000000;
    133B : 00000000;
    133C : 00000000;
    133D : 00000000;
    133E : 00000000;
    133F : 00000000;
    1340 : 00000000;
    1341 : 00000000;
    1342 : 00000000;
    1343 : 00000000;
    1344 : 00000000;
    1345 : 00000000;
    1346 : 00000000;
    1347 : 00000000;
    1348 : 00000000;
    1349 : 00000000;
    134A : 00000000;
    134B : 00000000;
    134C : 00000000;
    134D : 00000000;
    134E : 00000000;
    134F : 00000000;
    1350 : 00000000;
    1351 : 00000000;
    1352 : 00000000;
    1353 : 00000000;
    1354 : 00000000;
    1355 : 00000000;
    1356 : 00000000;
    1357 : 00000000;
    1358 : 00000000;
    1359 : 00000000;
    135A : 00000000;
    135B : 00000000;
    135C : 00000000;
    135D : 00000000;
    135E : 00000000;
    135F : 00000000;
    1360 : 00000000;
    1361 : 00000000;
    1362 : 00000000;
    1363 : 00000000;
    1364 : 00000000;
    1365 : 00000000;
    1366 : 00000000;
    1367 : 00000000;
    1368 : 00000000;
    1369 : 00000000;
    136A : 00000000;
    136B : 00000000;
    136C : 00000000;
    136D : 00000000;
    136E : 00000000;
    136F : 00000000;
    1370 : 00000000;
    1371 : 00000000;
    1372 : 00000000;
    1373 : 00000000;
    1374 : 00000000;
    1375 : 00000000;
    1376 : 00000000;
    1377 : 00000000;
    1378 : 00000000;
    1379 : 00000000;
    137A : 00000000;
    137B : 00000000;
    137C : 00000000;
    137D : 00000000;
    137E : 00000000;
    137F : 00000000;
    1380 : 00000000;
    1381 : 00000000;
    1382 : 00000000;
    1383 : 00000000;
    1384 : 00000000;
    1385 : 00000000;
    1386 : 00000000;
    1387 : 00000000;
    1388 : 00000000;
    1389 : 00000000;
    138A : 00000000;
    138B : 00000000;
    138C : 00000000;
    138D : 00000000;
    138E : 00000000;
    138F : 00000000;
    1390 : 00000000;
    1391 : 00000000;
    1392 : 00000000;
    1393 : 00000000;
    1394 : 00000000;
    1395 : 00000000;
    1396 : 00000000;
    1397 : 00000000;
    1398 : 00000000;
    1399 : 00000000;
    139A : 00000000;
    139B : 00000000;
    139C : 00000000;
    139D : 00000000;
    139E : 00000000;
    139F : 00000000;
    13A0 : 00000000;
    13A1 : 00000000;
    13A2 : 00000000;
    13A3 : 00000000;
    13A4 : 00000000;
    13A5 : 00000000;
    13A6 : 00000000;
    13A7 : 00000000;
    13A8 : 00000000;
    13A9 : 00000000;
    13AA : 00000000;
    13AB : 00000000;
    13AC : 00000000;
    13AD : 00000000;
    13AE : 00000000;
    13AF : 00000000;
    13B0 : 00000000;
    13B1 : 00000000;
    13B2 : 00000000;
    13B3 : 00000000;
    13B4 : 00000000;
    13B5 : 00000000;
    13B6 : 00000000;
    13B7 : 00000000;
    13B8 : 00000000;
    13B9 : 00000000;
    13BA : 00000000;
    13BB : 00000000;
    13BC : 00000000;
    13BD : 00000000;
    13BE : 00000000;
    13BF : 00000000;
    13C0 : 00000000;
    13C1 : 00000000;
    13C2 : 00000000;
    13C3 : 00000000;
    13C4 : 00000000;
    13C5 : 00000000;
    13C6 : 00000000;
    13C7 : 00000000;
    13C8 : 00000000;
    13C9 : 00000000;
    13CA : 00000000;
    13CB : 00000000;
    13CC : 00000000;
    13CD : 00000000;
    13CE : 00000000;
    13CF : 00000000;
    13D0 : 00000000;
    13D1 : 00000000;
    13D2 : 00000000;
    13D3 : 00000000;
    13D4 : 00000000;
    13D5 : 00000000;
    13D6 : 00000000;
    13D7 : 00000000;
    13D8 : 00000000;
    13D9 : 00000000;
    13DA : 00000000;
    13DB : 00000000;
    13DC : 00000000;
    13DD : 00000000;
    13DE : 00000000;
    13DF : 00000000;
    13E0 : 00000000;
    13E1 : 00000000;
    13E2 : 00000000;
    13E3 : 00000000;
    13E4 : 00000000;
    13E5 : 00000000;
    13E6 : 00000000;
    13E7 : 00000000;
    13E8 : 00000000;
    13E9 : 00000000;
    13EA : 00000000;
    13EB : 00000000;
    13EC : 00000000;
    13ED : 00000000;
    13EE : 00000000;
    13EF : 00000000;
    13F0 : 00000000;
    13F1 : 00000000;
    13F2 : 00000000;
    13F3 : 00000000;
    13F4 : 00000000;
    13F5 : 00000000;
    13F6 : 00000000;
    13F7 : 00000000;
    13F8 : 00000000;
    13F9 : 00000000;
    13FA : 00000000;
    13FB : 00000000;
    13FC : 00000000;
    13FD : 00000000;
    13FE : 00000000;
    13FF : 00000000;
    1400 : 00000000;
    1401 : 00000000;
    1402 : 00000000;
    1403 : 00000000;
    1404 : 00000000;
    1405 : 00000000;
    1406 : 00000000;
    1407 : 00000000;
    1408 : 00000000;
    1409 : 00000000;
    140A : 00000000;
    140B : 00000000;
    140C : 00000000;
    140D : 00000000;
    140E : 00000000;
    140F : 00000000;
    1410 : 00000000;
    1411 : 00000000;
    1412 : 00000000;
    1413 : 00000000;
    1414 : 00000000;
    1415 : 00000000;
    1416 : 00000000;
    1417 : 00000000;
    1418 : 00000000;
    1419 : 00000000;
    141A : 00000000;
    141B : 00000000;
    141C : 00000000;
    141D : 00000000;
    141E : 00000000;
    141F : 00000000;
    1420 : 00000000;
    1421 : 00000000;
    1422 : 00000000;
    1423 : 00000000;
    1424 : 00000000;
    1425 : 00000000;
    1426 : 00000000;
    1427 : 00000000;
    1428 : 00000000;
    1429 : 00000000;
    142A : 00000000;
    142B : 00000000;
    142C : 00000000;
    142D : 00000000;
    142E : 00000000;
    142F : 00000000;
    1430 : 00000000;
    1431 : 00000000;
    1432 : 00000000;
    1433 : 00000000;
    1434 : 00000000;
    1435 : 00000000;
    1436 : 00000000;
    1437 : 00000000;
    1438 : 00000000;
    1439 : 00000000;
    143A : 00000000;
    143B : 00000000;
    143C : 00000000;
    143D : 00000000;
    143E : 00000000;
    143F : 00000000;
    1440 : 00000000;
    1441 : 00000000;
    1442 : 00000000;
    1443 : 00000000;
    1444 : 00000000;
    1445 : 00000000;
    1446 : 00000000;
    1447 : 00000000;
    1448 : 00000000;
    1449 : 00000000;
    144A : 00000000;
    144B : 00000000;
    144C : 00000000;
    144D : 00000000;
    144E : 00000000;
    144F : 00000000;
    1450 : 00000000;
    1451 : 00000000;
    1452 : 00000000;
    1453 : 00000000;
    1454 : 00000000;
    1455 : 00000000;
    1456 : 00000000;
    1457 : 00000000;
    1458 : 00000000;
    1459 : 00000000;
    145A : 00000000;
    145B : 00000000;
    145C : 00000000;
    145D : 00000000;
    145E : 00000000;
    145F : 00000000;
    1460 : 00000000;
    1461 : 00000000;
    1462 : 00000000;
    1463 : 00000000;
    1464 : 00000000;
    1465 : 00000000;
    1466 : 00000000;
    1467 : 00000000;
    1468 : 00000000;
    1469 : 00000000;
    146A : 00000000;
    146B : 00000000;
    146C : 00000000;
    146D : 00000000;
    146E : 00000000;
    146F : 00000000;
    1470 : 00000000;
    1471 : 00000000;
    1472 : 00000000;
    1473 : 00000000;
    1474 : 00000000;
    1475 : 00000000;
    1476 : 00000000;
    1477 : 00000000;
    1478 : 00000000;
    1479 : 00000000;
    147A : 00000000;
    147B : 00000000;
    147C : 00000000;
    147D : 00000000;
    147E : 00000000;
    147F : 00000000;
    1480 : 00000000;
    1481 : 00000000;
    1482 : 00000000;
    1483 : 00000000;
    1484 : 00000000;
    1485 : 00000000;
    1486 : 00000000;
    1487 : 00000000;
    1488 : 00000000;
    1489 : 00000000;
    148A : 00000000;
    148B : 00000000;
    148C : 00000000;
    148D : 00000000;
    148E : 00000000;
    148F : 00000000;
    1490 : 00000000;
    1491 : 00000000;
    1492 : 00000000;
    1493 : 00000000;
    1494 : 00000000;
    1495 : 00000000;
    1496 : 00000000;
    1497 : 00000000;
    1498 : 00000000;
    1499 : 00000000;
    149A : 00000000;
    149B : 00000000;
    149C : 00000000;
    149D : 00000000;
    149E : 00000000;
    149F : 00000000;
    14A0 : 00000000;
    14A1 : 00000000;
    14A2 : 00000000;
    14A3 : 00000000;
    14A4 : 00000000;
    14A5 : 00000000;
    14A6 : 00000000;
    14A7 : 00000000;
    14A8 : 00000000;
    14A9 : 00000000;
    14AA : 00000000;
    14AB : 00000000;
    14AC : 00000000;
    14AD : 00000000;
    14AE : 00000000;
    14AF : 00000000;
    14B0 : 00000000;
    14B1 : 00000000;
    14B2 : 00000000;
    14B3 : 00000000;
    14B4 : 00000000;
    14B5 : 00000000;
    14B6 : 00000000;
    14B7 : 00000000;
    14B8 : 00000000;
    14B9 : 00000000;
    14BA : 00000000;
    14BB : 00000000;
    14BC : 00000000;
    14BD : 00000000;
    14BE : 00000000;
    14BF : 00000000;
    14C0 : 00000000;
    14C1 : 00000000;
    14C2 : 00000000;
    14C3 : 00000000;
    14C4 : 00000000;
    14C5 : 00000000;
    14C6 : 00000000;
    14C7 : 00000000;
    14C8 : 00000000;
    14C9 : 00000000;
    14CA : 00000000;
    14CB : 00000000;
    14CC : 00000000;
    14CD : 00000000;
    14CE : 00000000;
    14CF : 00000000;
    14D0 : 00000000;
    14D1 : 00000000;
    14D2 : 00000000;
    14D3 : 00000000;
    14D4 : 00000000;
    14D5 : 00000000;
    14D6 : 00000000;
    14D7 : 00000000;
    14D8 : 00000000;
    14D9 : 00000000;
    14DA : 00000000;
    14DB : 00000000;
    14DC : 00000000;
    14DD : 00000000;
    14DE : 00000000;
    14DF : 00000000;
    14E0 : 00000000;
    14E1 : 00000000;
    14E2 : 00000000;
    14E3 : 00000000;
    14E4 : 00000000;
    14E5 : 00000000;
    14E6 : 00000000;
    14E7 : 00000000;
    14E8 : 00000000;
    14E9 : 00000000;
    14EA : 00000000;
    14EB : 00000000;
    14EC : 00000000;
    14ED : 00000000;
    14EE : 00000000;
    14EF : 00000000;
    14F0 : 00000000;
    14F1 : 00000000;
    14F2 : 00000000;
    14F3 : 00000000;
    14F4 : 00000000;
    14F5 : 00000000;
    14F6 : 00000000;
    14F7 : 00000000;
    14F8 : 00000000;
    14F9 : 00000000;
    14FA : 00000000;
    14FB : 00000000;
    14FC : 00000000;
    14FD : 00000000;
    14FE : 00000000;
    14FF : 00000000;
    1500 : 00000000;
    1501 : 00000000;
    1502 : 00000000;
    1503 : 00000000;
    1504 : 00000000;
    1505 : 00000000;
    1506 : 00000000;
    1507 : 00000000;
    1508 : 00000000;
    1509 : 00000000;
    150A : 00000000;
    150B : 00000000;
    150C : 00000000;
    150D : 00000000;
    150E : 00000000;
    150F : 00000000;
    1510 : 00000000;
    1511 : 00000000;
    1512 : 00000000;
    1513 : 00000000;
    1514 : 00000000;
    1515 : 00000000;
    1516 : 00000000;
    1517 : 00000000;
    1518 : 00000000;
    1519 : 00000000;
    151A : 00000000;
    151B : 00000000;
    151C : 00000000;
    151D : 00000000;
    151E : 00000000;
    151F : 00000000;
    1520 : 00000000;
    1521 : 00000000;
    1522 : 00000000;
    1523 : 00000000;
    1524 : 00000000;
    1525 : 00000000;
    1526 : 00000000;
    1527 : 00000000;
    1528 : 00000000;
    1529 : 00000000;
    152A : 00000000;
    152B : 00000000;
    152C : 00000000;
    152D : 00000000;
    152E : 00000000;
    152F : 00000000;
    1530 : 00000000;
    1531 : 00000000;
    1532 : 00000000;
    1533 : 00000000;
    1534 : 00000000;
    1535 : 00000000;
    1536 : 00000000;
    1537 : 00000000;
    1538 : 00000000;
    1539 : 00000000;
    153A : 00000000;
    153B : 00000000;
    153C : 00000000;
    153D : 00000000;
    153E : 00000000;
    153F : 00000000;
    1540 : 00000000;
    1541 : 00000000;
    1542 : 00000000;
    1543 : 00000000;
    1544 : 00000000;
    1545 : 00000000;
    1546 : 00000000;
    1547 : 00000000;
    1548 : 00000000;
    1549 : 00000000;
    154A : 00000000;
    154B : 00000000;
    154C : 00000000;
    154D : 00000000;
    154E : 00000000;
    154F : 00000000;
    1550 : 00000000;
    1551 : 00000000;
    1552 : 00000000;
    1553 : 00000000;
    1554 : 00000000;
    1555 : 00000000;
    1556 : 00000000;
    1557 : 00000000;
    1558 : 00000000;
    1559 : 00000000;
    155A : 00000000;
    155B : 00000000;
    155C : 00000000;
    155D : 00000000;
    155E : 00000000;
    155F : 00000000;
    1560 : 00000000;
    1561 : 00000000;
    1562 : 00000000;
    1563 : 00000000;
    1564 : 00000000;
    1565 : 00000000;
    1566 : 00000000;
    1567 : 00000000;
    1568 : 00000000;
    1569 : 00000000;
    156A : 00000000;
    156B : 00000000;
    156C : 00000000;
    156D : 00000000;
    156E : 00000000;
    156F : 00000000;
    1570 : 00000000;
    1571 : 00000000;
    1572 : 00000000;
    1573 : 00000000;
    1574 : 00000000;
    1575 : 00000000;
    1576 : 00000000;
    1577 : 00000000;
    1578 : 00000000;
    1579 : 00000000;
    157A : 00000000;
    157B : 00000000;
    157C : 00000000;
    157D : 00000000;
    157E : 00000000;
    157F : 00000000;
    1580 : 00000000;
    1581 : 00000000;
    1582 : 00000000;
    1583 : 00000000;
    1584 : 00000000;
    1585 : 00000000;
    1586 : 00000000;
    1587 : 00000000;
    1588 : 00000000;
    1589 : 00000000;
    158A : 00000000;
    158B : 00000000;
    158C : 00000000;
    158D : 00000000;
    158E : 00000000;
    158F : 00000000;
    1590 : 00000000;
    1591 : 00000000;
    1592 : 00000000;
    1593 : 00000000;
    1594 : 00000000;
    1595 : 00000000;
    1596 : 00000000;
    1597 : 00000000;
    1598 : 00000000;
    1599 : 00000000;
    159A : 00000000;
    159B : 00000000;
    159C : 00000000;
    159D : 00000000;
    159E : 00000000;
    159F : 00000000;
    15A0 : 00000000;
    15A1 : 00000000;
    15A2 : 00000000;
    15A3 : 00000000;
    15A4 : 00000000;
    15A5 : 00000000;
    15A6 : 00000000;
    15A7 : 00000000;
    15A8 : 00000000;
    15A9 : 00000000;
    15AA : 00000000;
    15AB : 00000000;
    15AC : 00000000;
    15AD : 00000000;
    15AE : 00000000;
    15AF : 00000000;
    15B0 : 00000000;
    15B1 : 00000000;
    15B2 : 00000000;
    15B3 : 00000000;
    15B4 : 00000000;
    15B5 : 00000000;
    15B6 : 00000000;
    15B7 : 00000000;
    15B8 : 00000000;
    15B9 : 00000000;
    15BA : 00000000;
    15BB : 00000000;
    15BC : 00000000;
    15BD : 00000000;
    15BE : 00000000;
    15BF : 00000000;
    15C0 : 00000000;
    15C1 : 00000000;
    15C2 : 00000000;
    15C3 : 00000000;
    15C4 : 00000000;
    15C5 : 00000000;
    15C6 : 00000000;
    15C7 : 00000000;
    15C8 : 00000000;
    15C9 : 00000000;
    15CA : 00000000;
    15CB : 00000000;
    15CC : 00000000;
    15CD : 00000000;
    15CE : 00000000;
    15CF : 00000000;
    15D0 : 00000000;
    15D1 : 00000000;
    15D2 : 00000000;
    15D3 : 00000000;
    15D4 : 00000000;
    15D5 : 00000000;
    15D6 : 00000000;
    15D7 : 00000000;
    15D8 : 00000000;
    15D9 : 00000000;
    15DA : 00000000;
    15DB : 00000000;
    15DC : 00000000;
    15DD : 00000000;
    15DE : 00000000;
    15DF : 00000000;
    15E0 : 00000000;
    15E1 : 00000000;
    15E2 : 00000000;
    15E3 : 00000000;
    15E4 : 00000000;
    15E5 : 00000000;
    15E6 : 00000000;
    15E7 : 00000000;
    15E8 : 00000000;
    15E9 : 00000000;
    15EA : 00000000;
    15EB : 00000000;
    15EC : 00000000;
    15ED : 00000000;
    15EE : 00000000;
    15EF : 00000000;
    15F0 : 00000000;
    15F1 : 00000000;
    15F2 : 00000000;
    15F3 : 00000000;
    15F4 : 00000000;
    15F5 : 00000000;
    15F6 : 00000000;
    15F7 : 00000000;
    15F8 : 00000000;
    15F9 : 00000000;
    15FA : 00000000;
    15FB : 00000000;
    15FC : 00000000;
    15FD : 00000000;
    15FE : 00000000;
    15FF : 00000000;
    1600 : 00000000;
    1601 : 00000000;
    1602 : 00000000;
    1603 : 00000000;
    1604 : 00000000;
    1605 : 00000000;
    1606 : 00000000;
    1607 : 00000000;
    1608 : 00000000;
    1609 : 00000000;
    160A : 00000000;
    160B : 00000000;
    160C : 00000000;
    160D : 00000000;
    160E : 00000000;
    160F : 00000000;
    1610 : 00000000;
    1611 : 00000000;
    1612 : 00000000;
    1613 : 00000000;
    1614 : 00000000;
    1615 : 00000000;
    1616 : 00000000;
    1617 : 00000000;
    1618 : 00000000;
    1619 : 00000000;
    161A : 00000000;
    161B : 00000000;
    161C : 00000000;
    161D : 00000000;
    161E : 00000000;
    161F : 00000000;
    1620 : 00000000;
    1621 : 00000000;
    1622 : 00000000;
    1623 : 00000000;
    1624 : 00000000;
    1625 : 00000000;
    1626 : 00000000;
    1627 : 00000000;
    1628 : 00000000;
    1629 : 00000000;
    162A : 00000000;
    162B : 00000000;
    162C : 00000000;
    162D : 00000000;
    162E : 00000000;
    162F : 00000000;
    1630 : 00000000;
    1631 : 00000000;
    1632 : 00000000;
    1633 : 00000000;
    1634 : 00000000;
    1635 : 00000000;
    1636 : 00000000;
    1637 : 00000000;
    1638 : 00000000;
    1639 : 00000000;
    163A : 00000000;
    163B : 00000000;
    163C : 00000000;
    163D : 00000000;
    163E : 00000000;
    163F : 00000000;
    1640 : 00000000;
    1641 : 00000000;
    1642 : 00000000;
    1643 : 00000000;
    1644 : 00000000;
    1645 : 00000000;
    1646 : 00000000;
    1647 : 00000000;
    1648 : 00000000;
    1649 : 00000000;
    164A : 00000000;
    164B : 00000000;
    164C : 00000000;
    164D : 00000000;
    164E : 00000000;
    164F : 00000000;
    1650 : 00000000;
    1651 : 00000000;
    1652 : 00000000;
    1653 : 00000000;
    1654 : 00000000;
    1655 : 00000000;
    1656 : 00000000;
    1657 : 00000000;
    1658 : 00000000;
    1659 : 00000000;
    165A : 00000000;
    165B : 00000000;
    165C : 00000000;
    165D : 00000000;
    165E : 00000000;
    165F : 00000000;
    1660 : 00000000;
    1661 : 00000000;
    1662 : 00000000;
    1663 : 00000000;
    1664 : 00000000;
    1665 : 00000000;
    1666 : 00000000;
    1667 : 00000000;
    1668 : 00000000;
    1669 : 00000000;
    166A : 00000000;
    166B : 00000000;
    166C : 00000000;
    166D : 00000000;
    166E : 00000000;
    166F : 00000000;
    1670 : 00000000;
    1671 : 00000000;
    1672 : 00000000;
    1673 : 00000000;
    1674 : 00000000;
    1675 : 00000000;
    1676 : 00000000;
    1677 : 00000000;
    1678 : 00000000;
    1679 : 00000000;
    167A : 00000000;
    167B : 00000000;
    167C : 00000000;
    167D : 00000000;
    167E : 00000000;
    167F : 00000000;
    1680 : 00000000;
    1681 : 00000000;
    1682 : 00000000;
    1683 : 00000000;
    1684 : 00000000;
    1685 : 00000000;
    1686 : 00000000;
    1687 : 00000000;
    1688 : 00000000;
    1689 : 00000000;
    168A : 00000000;
    168B : 00000000;
    168C : 00000000;
    168D : 00000000;
    168E : 00000000;
    168F : 00000000;
    1690 : 00000000;
    1691 : 00000000;
    1692 : 00000000;
    1693 : 00000000;
    1694 : 00000000;
    1695 : 00000000;
    1696 : 00000000;
    1697 : 00000000;
    1698 : 00000000;
    1699 : 00000000;
    169A : 00000000;
    169B : 00000000;
    169C : 00000000;
    169D : 00000000;
    169E : 00000000;
    169F : 00000000;
    16A0 : 00000000;
    16A1 : 00000000;
    16A2 : 00000000;
    16A3 : 00000000;
    16A4 : 00000000;
    16A5 : 00000000;
    16A6 : 00000000;
    16A7 : 00000000;
    16A8 : 00000000;
    16A9 : 00000000;
    16AA : 00000000;
    16AB : 00000000;
    16AC : 00000000;
    16AD : 00000000;
    16AE : 00000000;
    16AF : 00000000;
    16B0 : 00000000;
    16B1 : 00000000;
    16B2 : 00000000;
    16B3 : 00000000;
    16B4 : 00000000;
    16B5 : 00000000;
    16B6 : 00000000;
    16B7 : 00000000;
    16B8 : 00000000;
    16B9 : 00000000;
    16BA : 00000000;
    16BB : 00000000;
    16BC : 00000000;
    16BD : 00000000;
    16BE : 00000000;
    16BF : 00000000;
    16C0 : 00000000;
    16C1 : 00000000;
    16C2 : 00000000;
    16C3 : 00000000;
    16C4 : 00000000;
    16C5 : 00000000;
    16C6 : 00000000;
    16C7 : 00000000;
    16C8 : 00000000;
    16C9 : 00000000;
    16CA : 00000000;
    16CB : 00000000;
    16CC : 00000000;
    16CD : 00000000;
    16CE : 00000000;
    16CF : 00000000;
    16D0 : 00000000;
    16D1 : 00000000;
    16D2 : 00000000;
    16D3 : 00000000;
    16D4 : 00000000;
    16D5 : 00000000;
    16D6 : 00000000;
    16D7 : 00000000;
    16D8 : 00000000;
    16D9 : 00000000;
    16DA : 00000000;
    16DB : 00000000;
    16DC : 00000000;
    16DD : 00000000;
    16DE : 00000000;
    16DF : 00000000;
    16E0 : 00000000;
    16E1 : 00000000;
    16E2 : 00000000;
    16E3 : 00000000;
    16E4 : 00000000;
    16E5 : 00000000;
    16E6 : 00000000;
    16E7 : 00000000;
    16E8 : 00000000;
    16E9 : 00000000;
    16EA : 00000000;
    16EB : 00000000;
    16EC : 00000000;
    16ED : 00000000;
    16EE : 00000000;
    16EF : 00000000;
    16F0 : 00000000;
    16F1 : 00000000;
    16F2 : 00000000;
    16F3 : 00000000;
    16F4 : 00000000;
    16F5 : 00000000;
    16F6 : 00000000;
    16F7 : 00000000;
    16F8 : 00000000;
    16F9 : 00000000;
    16FA : 00000000;
    16FB : 00000000;
    16FC : 00000000;
    16FD : 00000000;
    16FE : 00000000;
    16FF : 00000000;
    1700 : 00000000;
    1701 : 00000000;
    1702 : 00000000;
    1703 : 00000000;
    1704 : 00000000;
    1705 : 00000000;
    1706 : 00000000;
    1707 : 00000000;
    1708 : 00000000;
    1709 : 00000000;
    170A : 00000000;
    170B : 00000000;
    170C : 00000000;
    170D : 00000000;
    170E : 00000000;
    170F : 00000000;
    1710 : 00000000;
    1711 : 00000000;
    1712 : 00000000;
    1713 : 00000000;
    1714 : 00000000;
    1715 : 00000000;
    1716 : 00000000;
    1717 : 00000000;
    1718 : 00000000;
    1719 : 00000000;
    171A : 00000000;
    171B : 00000000;
    171C : 00000000;
    171D : 00000000;
    171E : 00000000;
    171F : 00000000;
    1720 : 00000000;
    1721 : 00000000;
    1722 : 00000000;
    1723 : 00000000;
    1724 : 00000000;
    1725 : 00000000;
    1726 : 00000000;
    1727 : 00000000;
    1728 : 00000000;
    1729 : 00000000;
    172A : 00000000;
    172B : 00000000;
    172C : 00000000;
    172D : 00000000;
    172E : 00000000;
    172F : 00000000;
    1730 : 00000000;
    1731 : 00000000;
    1732 : 00000000;
    1733 : 00000000;
    1734 : 00000000;
    1735 : 00000000;
    1736 : 00000000;
    1737 : 00000000;
    1738 : 00000000;
    1739 : 00000000;
    173A : 00000000;
    173B : 00000000;
    173C : 00000000;
    173D : 00000000;
    173E : 00000000;
    173F : 00000000;
    1740 : 00000000;
    1741 : 00000000;
    1742 : 00000000;
    1743 : 00000000;
    1744 : 00000000;
    1745 : 00000000;
    1746 : 00000000;
    1747 : 00000000;
    1748 : 00000000;
    1749 : 00000000;
    174A : 00000000;
    174B : 00000000;
    174C : 00000000;
    174D : 00000000;
    174E : 00000000;
    174F : 00000000;
    1750 : 00000000;
    1751 : 00000000;
    1752 : 00000000;
    1753 : 00000000;
    1754 : 00000000;
    1755 : 00000000;
    1756 : 00000000;
    1757 : 00000000;
    1758 : 00000000;
    1759 : 00000000;
    175A : 00000000;
    175B : 00000000;
    175C : 00000000;
    175D : 00000000;
    175E : 00000000;
    175F : 00000000;
    1760 : 00000000;
    1761 : 00000000;
    1762 : 00000000;
    1763 : 00000000;
    1764 : 00000000;
    1765 : 00000000;
    1766 : 00000000;
    1767 : 00000000;
    1768 : 00000000;
    1769 : 00000000;
    176A : 00000000;
    176B : 00000000;
    176C : 00000000;
    176D : 00000000;
    176E : 00000000;
    176F : 00000000;
    1770 : 00000000;
    1771 : 00000000;
    1772 : 00000000;
    1773 : 00000000;
    1774 : 00000000;
    1775 : 00000000;
    1776 : 00000000;
    1777 : 00000000;
    1778 : 00000000;
    1779 : 00000000;
    177A : 00000000;
    177B : 00000000;
    177C : 00000000;
    177D : 00000000;
    177E : 00000000;
    177F : 00000000;
    1780 : 00000000;
    1781 : 00000000;
    1782 : 00000000;
    1783 : 00000000;
    1784 : 00000000;
    1785 : 00000000;
    1786 : 00000000;
    1787 : 00000000;
    1788 : 00000000;
    1789 : 00000000;
    178A : 00000000;
    178B : 00000000;
    178C : 00000000;
    178D : 00000000;
    178E : 00000000;
    178F : 00000000;
    1790 : 00000000;
    1791 : 00000000;
    1792 : 00000000;
    1793 : 00000000;
    1794 : 00000000;
    1795 : 00000000;
    1796 : 00000000;
    1797 : 00000000;
    1798 : 00000000;
    1799 : 00000000;
    179A : 00000000;
    179B : 00000000;
    179C : 00000000;
    179D : 00000000;
    179E : 00000000;
    179F : 00000000;
    17A0 : 00000000;
    17A1 : 00000000;
    17A2 : 00000000;
    17A3 : 00000000;
    17A4 : 00000000;
    17A5 : 00000000;
    17A6 : 00000000;
    17A7 : 00000000;
    17A8 : 00000000;
    17A9 : 00000000;
    17AA : 00000000;
    17AB : 00000000;
    17AC : 00000000;
    17AD : 00000000;
    17AE : 00000000;
    17AF : 00000000;
    17B0 : 00000000;
    17B1 : 00000000;
    17B2 : 00000000;
    17B3 : 00000000;
    17B4 : 00000000;
    17B5 : 00000000;
    17B6 : 00000000;
    17B7 : 00000000;
    17B8 : 00000000;
    17B9 : 00000000;
    17BA : 00000000;
    17BB : 00000000;
    17BC : 00000000;
    17BD : 00000000;
    17BE : 00000000;
    17BF : 00000000;
    17C0 : 00000000;
    17C1 : 00000000;
    17C2 : 00000000;
    17C3 : 00000000;
    17C4 : 00000000;
    17C5 : 00000000;
    17C6 : 00000000;
    17C7 : 00000000;
    17C8 : 00000000;
    17C9 : 00000000;
    17CA : 00000000;
    17CB : 00000000;
    17CC : 00000000;
    17CD : 00000000;
    17CE : 00000000;
    17CF : 00000000;
    17D0 : 00000000;
    17D1 : 00000000;
    17D2 : 00000000;
    17D3 : 00000000;
    17D4 : 00000000;
    17D5 : 00000000;
    17D6 : 00000000;
    17D7 : 00000000;
    17D8 : 00000000;
    17D9 : 00000000;
    17DA : 00000000;
    17DB : 00000000;
    17DC : 00000000;
    17DD : 00000000;
    17DE : 00000000;
    17DF : 00000000;
    17E0 : 00000000;
    17E1 : 00000000;
    17E2 : 00000000;
    17E3 : 00000000;
    17E4 : 00000000;
    17E5 : 00000000;
    17E6 : 00000000;
    17E7 : 00000000;
    17E8 : 00000000;
    17E9 : 00000000;
    17EA : 00000000;
    17EB : 00000000;
    17EC : 00000000;
    17ED : 00000000;
    17EE : 00000000;
    17EF : 00000000;
    17F0 : 00000000;
    17F1 : 00000000;
    17F2 : 00000000;
    17F3 : 00000000;
    17F4 : 00000000;
    17F5 : 00000000;
    17F6 : 00000000;
    17F7 : 00000000;
    17F8 : 00000000;
    17F9 : 00000000;
    17FA : 00000000;
    17FB : 00000000;
    17FC : 00000000;
    17FD : 00000000;
    17FE : 00000000;
    17FF : 00000000;
    1800 : 00000000;
    1801 : 00000000;
    1802 : 00000000;
    1803 : 00000000;
    1804 : 00000000;
    1805 : 00000000;
    1806 : 00000000;
    1807 : 00000000;
    1808 : 00000000;
    1809 : 00000000;
    180A : 00000000;
    180B : 00000000;
    180C : 00000000;
    180D : 00000000;
    180E : 00000000;
    180F : 00000000;
    1810 : 00000000;
    1811 : 00000000;
    1812 : 00000000;
    1813 : 00000000;
    1814 : 00000000;
    1815 : 00000000;
    1816 : 00000000;
    1817 : 00000000;
    1818 : 00000000;
    1819 : 00000000;
    181A : 00000000;
    181B : 00000000;
    181C : 00000000;
    181D : 00000000;
    181E : 00000000;
    181F : 00000000;
    1820 : 00000000;
    1821 : 00000000;
    1822 : 00000000;
    1823 : 00000000;
    1824 : 00000000;
    1825 : 00000000;
    1826 : 00000000;
    1827 : 00000000;
    1828 : 00000000;
    1829 : 00000000;
    182A : 00000000;
    182B : 00000000;
    182C : 00000000;
    182D : 00000000;
    182E : 00000000;
    182F : 00000000;
    1830 : 00000000;
    1831 : 00000000;
    1832 : 00000000;
    1833 : 00000000;
    1834 : 00000000;
    1835 : 00000000;
    1836 : 00000000;
    1837 : 00000000;
    1838 : 00000000;
    1839 : 00000000;
    183A : 00000000;
    183B : 00000000;
    183C : 00000000;
    183D : 00000000;
    183E : 00000000;
    183F : 00000000;
    1840 : 00000000;
    1841 : 00000000;
    1842 : 00000000;
    1843 : 00000000;
    1844 : 00000000;
    1845 : 00000000;
    1846 : 00000000;
    1847 : 00000000;
    1848 : 00000000;
    1849 : 00000000;
    184A : 00000000;
    184B : 00000000;
    184C : 00000000;
    184D : 00000000;
    184E : 00000000;
    184F : 00000000;
    1850 : 00000000;
    1851 : 00000000;
    1852 : 00000000;
    1853 : 00000000;
    1854 : 00000000;
    1855 : 00000000;
    1856 : 00000000;
    1857 : 00000000;
    1858 : 00000000;
    1859 : 00000000;
    185A : 00000000;
    185B : 00000000;
    185C : 00000000;
    185D : 00000000;
    185E : 00000000;
    185F : 00000000;
    1860 : 00000000;
    1861 : 00000000;
    1862 : 00000000;
    1863 : 00000000;
    1864 : 00000000;
    1865 : 00000000;
    1866 : 00000000;
    1867 : 00000000;
    1868 : 00000000;
    1869 : 00000000;
    186A : 00000000;
    186B : 00000000;
    186C : 00000000;
    186D : 00000000;
    186E : 00000000;
    186F : 00000000;
    1870 : 00000000;
    1871 : 00000000;
    1872 : 00000000;
    1873 : 00000000;
    1874 : 00000000;
    1875 : 00000000;
    1876 : 00000000;
    1877 : 00000000;
    1878 : 00000000;
    1879 : 00000000;
    187A : 00000000;
    187B : 00000000;
    187C : 00000000;
    187D : 00000000;
    187E : 00000000;
    187F : 00000000;
    1880 : 00000000;
    1881 : 00000000;
    1882 : 00000000;
    1883 : 00000000;
    1884 : 00000000;
    1885 : 00000000;
    1886 : 00000000;
    1887 : 00000000;
    1888 : 00000000;
    1889 : 00000000;
    188A : 00000000;
    188B : 00000000;
    188C : 00000000;
    188D : 00000000;
    188E : 00000000;
    188F : 00000000;
    1890 : 00000000;
    1891 : 00000000;
    1892 : 00000000;
    1893 : 00000000;
    1894 : 00000000;
    1895 : 00000000;
    1896 : 00000000;
    1897 : 00000000;
    1898 : 00000000;
    1899 : 00000000;
    189A : 00000000;
    189B : 00000000;
    189C : 00000000;
    189D : 00000000;
    189E : 00000000;
    189F : 00000000;
    18A0 : 00000000;
    18A1 : 00000000;
    18A2 : 00000000;
    18A3 : 00000000;
    18A4 : 00000000;
    18A5 : 00000000;
    18A6 : 00000000;
    18A7 : 00000000;
    18A8 : 00000000;
    18A9 : 00000000;
    18AA : 00000000;
    18AB : 00000000;
    18AC : 00000000;
    18AD : 00000000;
    18AE : 00000000;
    18AF : 00000000;
    18B0 : 00000000;
    18B1 : 00000000;
    18B2 : 00000000;
    18B3 : 00000000;
    18B4 : 00000000;
    18B5 : 00000000;
    18B6 : 00000000;
    18B7 : 00000000;
    18B8 : 00000000;
    18B9 : 00000000;
    18BA : 00000000;
    18BB : 00000000;
    18BC : 00000000;
    18BD : 00000000;
    18BE : 00000000;
    18BF : 00000000;
    18C0 : 00000000;
    18C1 : 00000000;
    18C2 : 00000000;
    18C3 : 00000000;
    18C4 : 00000000;
    18C5 : 00000000;
    18C6 : 00000000;
    18C7 : 00000000;
    18C8 : 00000000;
    18C9 : 00000000;
    18CA : 00000000;
    18CB : 00000000;
    18CC : 00000000;
    18CD : 00000000;
    18CE : 00000000;
    18CF : 00000000;
    18D0 : 00000000;
    18D1 : 00000000;
    18D2 : 00000000;
    18D3 : 00000000;
    18D4 : 00000000;
    18D5 : 00000000;
    18D6 : 00000000;
    18D7 : 00000000;
    18D8 : 00000000;
    18D9 : 00000000;
    18DA : 00000000;
    18DB : 00000000;
    18DC : 00000000;
    18DD : 00000000;
    18DE : 00000000;
    18DF : 00000000;
    18E0 : 00000000;
    18E1 : 00000000;
    18E2 : 00000000;
    18E3 : 00000000;
    18E4 : 00000000;
    18E5 : 00000000;
    18E6 : 00000000;
    18E7 : 00000000;
    18E8 : 00000000;
    18E9 : 00000000;
    18EA : 00000000;
    18EB : 00000000;
    18EC : 00000000;
    18ED : 00000000;
    18EE : 00000000;
    18EF : 00000000;
    18F0 : 00000000;
    18F1 : 00000000;
    18F2 : 00000000;
    18F3 : 00000000;
    18F4 : 00000000;
    18F5 : 00000000;
    18F6 : 00000000;
    18F7 : 00000000;
    18F8 : 00000000;
    18F9 : 00000000;
    18FA : 00000000;
    18FB : 00000000;
    18FC : 00000000;
    18FD : 00000000;
    18FE : 00000000;
    18FF : 00000000;
    1900 : 00000000;
    1901 : 00000000;
    1902 : 00000000;
    1903 : 00000000;
    1904 : 00000000;
    1905 : 00000000;
    1906 : 00000000;
    1907 : 00000000;
    1908 : 00000000;
    1909 : 00000000;
    190A : 00000000;
    190B : 00000000;
    190C : 00000000;
    190D : 00000000;
    190E : 00000000;
    190F : 00000000;
    1910 : 00000000;
    1911 : 00000000;
    1912 : 00000000;
    1913 : 00000000;
    1914 : 00000000;
    1915 : 00000000;
    1916 : 00000000;
    1917 : 00000000;
    1918 : 00000000;
    1919 : 00000000;
    191A : 00000000;
    191B : 00000000;
    191C : 00000000;
    191D : 00000000;
    191E : 00000000;
    191F : 00000000;
    1920 : 00000000;
    1921 : 00000000;
    1922 : 00000000;
    1923 : 00000000;
    1924 : 00000000;
    1925 : 00000000;
    1926 : 00000000;
    1927 : 00000000;
    1928 : 00000000;
    1929 : 00000000;
    192A : 00000000;
    192B : 00000000;
    192C : 00000000;
    192D : 00000000;
    192E : 00000000;
    192F : 00000000;
    1930 : 00000000;
    1931 : 00000000;
    1932 : 00000000;
    1933 : 00000000;
    1934 : 00000000;
    1935 : 00000000;
    1936 : 00000000;
    1937 : 00000000;
    1938 : 00000000;
    1939 : 00000000;
    193A : 00000000;
    193B : 00000000;
    193C : 00000000;
    193D : 00000000;
    193E : 00000000;
    193F : 00000000;
    1940 : 00000000;
    1941 : 00000000;
    1942 : 00000000;
    1943 : 00000000;
    1944 : 00000000;
    1945 : 00000000;
    1946 : 00000000;
    1947 : 00000000;
    1948 : 00000000;
    1949 : 00000000;
    194A : 00000000;
    194B : 00000000;
    194C : 00000000;
    194D : 00000000;
    194E : 00000000;
    194F : 00000000;
    1950 : 00000000;
    1951 : 00000000;
    1952 : 00000000;
    1953 : 00000000;
    1954 : 00000000;
    1955 : 00000000;
    1956 : 00000000;
    1957 : 00000000;
    1958 : 00000000;
    1959 : 00000000;
    195A : 00000000;
    195B : 00000000;
    195C : 00000000;
    195D : 00000000;
    195E : 00000000;
    195F : 00000000;
    1960 : 00000000;
    1961 : 00000000;
    1962 : 00000000;
    1963 : 00000000;
    1964 : 00000000;
    1965 : 00000000;
    1966 : 00000000;
    1967 : 00000000;
    1968 : 00000000;
    1969 : 00000000;
    196A : 00000000;
    196B : 00000000;
    196C : 00000000;
    196D : 00000000;
    196E : 00000000;
    196F : 00000000;
    1970 : 00000000;
    1971 : 00000000;
    1972 : 00000000;
    1973 : 00000000;
    1974 : 00000000;
    1975 : 00000000;
    1976 : 00000000;
    1977 : 00000000;
    1978 : 00000000;
    1979 : 00000000;
    197A : 00000000;
    197B : 00000000;
    197C : 00000000;
    197D : 00000000;
    197E : 00000000;
    197F : 00000000;
    1980 : 00000000;
    1981 : 00000000;
    1982 : 00000000;
    1983 : 00000000;
    1984 : 00000000;
    1985 : 00000000;
    1986 : 00000000;
    1987 : 00000000;
    1988 : 00000000;
    1989 : 00000000;
    198A : 00000000;
    198B : 00000000;
    198C : 00000000;
    198D : 00000000;
    198E : 00000000;
    198F : 00000000;
    1990 : 00000000;
    1991 : 00000000;
    1992 : 00000000;
    1993 : 00000000;
    1994 : 00000000;
    1995 : 00000000;
    1996 : 00000000;
    1997 : 00000000;
    1998 : 00000000;
    1999 : 00000000;
    199A : 00000000;
    199B : 00000000;
    199C : 00000000;
    199D : 00000000;
    199E : 00000000;
    199F : 00000000;
    19A0 : 00000000;
    19A1 : 00000000;
    19A2 : 00000000;
    19A3 : 00000000;
    19A4 : 00000000;
    19A5 : 00000000;
    19A6 : 00000000;
    19A7 : 00000000;
    19A8 : 00000000;
    19A9 : 00000000;
    19AA : 00000000;
    19AB : 00000000;
    19AC : 00000000;
    19AD : 00000000;
    19AE : 00000000;
    19AF : 00000000;
    19B0 : 00000000;
    19B1 : 00000000;
    19B2 : 00000000;
    19B3 : 00000000;
    19B4 : 00000000;
    19B5 : 00000000;
    19B6 : 00000000;
    19B7 : 00000000;
    19B8 : 00000000;
    19B9 : 00000000;
    19BA : 00000000;
    19BB : 00000000;
    19BC : 00000000;
    19BD : 00000000;
    19BE : 00000000;
    19BF : 00000000;
    19C0 : 00000000;
    19C1 : 00000000;
    19C2 : 00000000;
    19C3 : 00000000;
    19C4 : 00000000;
    19C5 : 00000000;
    19C6 : 00000000;
    19C7 : 00000000;
    19C8 : 00000000;
    19C9 : 00000000;
    19CA : 00000000;
    19CB : 00000000;
    19CC : 00000000;
    19CD : 00000000;
    19CE : 00000000;
    19CF : 00000000;
    19D0 : 00000000;
    19D1 : 00000000;
    19D2 : 00000000;
    19D3 : 00000000;
    19D4 : 00000000;
    19D5 : 00000000;
    19D6 : 00000000;
    19D7 : 00000000;
    19D8 : 00000000;
    19D9 : 00000000;
    19DA : 00000000;
    19DB : 00000000;
    19DC : 00000000;
    19DD : 00000000;
    19DE : 00000000;
    19DF : 00000000;
    19E0 : 00000000;
    19E1 : 00000000;
    19E2 : 00000000;
    19E3 : 00000000;
    19E4 : 00000000;
    19E5 : 00000000;
    19E6 : 00000000;
    19E7 : 00000000;
    19E8 : 00000000;
    19E9 : 00000000;
    19EA : 00000000;
    19EB : 00000000;
    19EC : 00000000;
    19ED : 00000000;
    19EE : 00000000;
    19EF : 00000000;
    19F0 : 00000000;
    19F1 : 00000000;
    19F2 : 00000000;
    19F3 : 00000000;
    19F4 : 00000000;
    19F5 : 00000000;
    19F6 : 00000000;
    19F7 : 00000000;
    19F8 : 00000000;
    19F9 : 00000000;
    19FA : 00000000;
    19FB : 00000000;
    19FC : 00000000;
    19FD : 00000000;
    19FE : 00000000;
    19FF : 00000000;
    1A00 : 00000000;
    1A01 : 00000000;
    1A02 : 00000000;
    1A03 : 00000000;
    1A04 : 00000000;
    1A05 : 00000000;
    1A06 : 00000000;
    1A07 : 00000000;
    1A08 : 00000000;
    1A09 : 00000000;
    1A0A : 00000000;
    1A0B : 00000000;
    1A0C : 00000000;
    1A0D : 00000000;
    1A0E : 00000000;
    1A0F : 00000000;
    1A10 : 00000000;
    1A11 : 00000000;
    1A12 : 00000000;
    1A13 : 00000000;
    1A14 : 00000000;
    1A15 : 00000000;
    1A16 : 00000000;
    1A17 : 00000000;
    1A18 : 00000000;
    1A19 : 00000000;
    1A1A : 00000000;
    1A1B : 00000000;
    1A1C : 00000000;
    1A1D : 00000000;
    1A1E : 00000000;
    1A1F : 00000000;
    1A20 : 00000000;
    1A21 : 00000000;
    1A22 : 00000000;
    1A23 : 00000000;
    1A24 : 00000000;
    1A25 : 00000000;
    1A26 : 00000000;
    1A27 : 00000000;
    1A28 : 00000000;
    1A29 : 00000000;
    1A2A : 00000000;
    1A2B : 00000000;
    1A2C : 00000000;
    1A2D : 00000000;
    1A2E : 00000000;
    1A2F : 00000000;
    1A30 : 00000000;
    1A31 : 00000000;
    1A32 : 00000000;
    1A33 : 00000000;
    1A34 : 00000000;
    1A35 : 00000000;
    1A36 : 00000000;
    1A37 : 00000000;
    1A38 : 00000000;
    1A39 : 00000000;
    1A3A : 00000000;
    1A3B : 00000000;
    1A3C : 00000000;
    1A3D : 00000000;
    1A3E : 00000000;
    1A3F : 00000000;
    1A40 : 00000000;
    1A41 : 00000000;
    1A42 : 00000000;
    1A43 : 00000000;
    1A44 : 00000000;
    1A45 : 00000000;
    1A46 : 00000000;
    1A47 : 00000000;
    1A48 : 00000000;
    1A49 : 00000000;
    1A4A : 00000000;
    1A4B : 00000000;
    1A4C : 00000000;
    1A4D : 00000000;
    1A4E : 00000000;
    1A4F : 00000000;
    1A50 : 00000000;
    1A51 : 00000000;
    1A52 : 00000000;
    1A53 : 00000000;
    1A54 : 00000000;
    1A55 : 00000000;
    1A56 : 00000000;
    1A57 : 00000000;
    1A58 : 00000000;
    1A59 : 00000000;
    1A5A : 00000000;
    1A5B : 00000000;
    1A5C : 00000000;
    1A5D : 00000000;
    1A5E : 00000000;
    1A5F : 00000000;
    1A60 : 00000000;
    1A61 : 00000000;
    1A62 : 00000000;
    1A63 : 00000000;
    1A64 : 00000000;
    1A65 : 00000000;
    1A66 : 00000000;
    1A67 : 00000000;
    1A68 : 00000000;
    1A69 : 00000000;
    1A6A : 00000000;
    1A6B : 00000000;
    1A6C : 00000000;
    1A6D : 00000000;
    1A6E : 00000000;
    1A6F : 00000000;
    1A70 : 00000000;
    1A71 : 00000000;
    1A72 : 00000000;
    1A73 : 00000000;
    1A74 : 00000000;
    1A75 : 00000000;
    1A76 : 00000000;
    1A77 : 00000000;
    1A78 : 00000000;
    1A79 : 00000000;
    1A7A : 00000000;
    1A7B : 00000000;
    1A7C : 00000000;
    1A7D : 00000000;
    1A7E : 00000000;
    1A7F : 00000000;
    1A80 : 00000000;
    1A81 : 00000000;
    1A82 : 00000000;
    1A83 : 00000000;
    1A84 : 00000000;
    1A85 : 00000000;
    1A86 : 00000000;
    1A87 : 00000000;
    1A88 : 00000000;
    1A89 : 00000000;
    1A8A : 00000000;
    1A8B : 00000000;
    1A8C : 00000000;
    1A8D : 00000000;
    1A8E : 00000000;
    1A8F : 00000000;
    1A90 : 00000000;
    1A91 : 00000000;
    1A92 : 00000000;
    1A93 : 00000000;
    1A94 : 00000000;
    1A95 : 00000000;
    1A96 : 00000000;
    1A97 : 00000000;
    1A98 : 00000000;
    1A99 : 00000000;
    1A9A : 00000000;
    1A9B : 00000000;
    1A9C : 00000000;
    1A9D : 00000000;
    1A9E : 00000000;
    1A9F : 00000000;
    1AA0 : 00000000;
    1AA1 : 00000000;
    1AA2 : 00000000;
    1AA3 : 00000000;
    1AA4 : 00000000;
    1AA5 : 00000000;
    1AA6 : 00000000;
    1AA7 : 00000000;
    1AA8 : 00000000;
    1AA9 : 00000000;
    1AAA : 00000000;
    1AAB : 00000000;
    1AAC : 00000000;
    1AAD : 00000000;
    1AAE : 00000000;
    1AAF : 00000000;
    1AB0 : 00000000;
    1AB1 : 00000000;
    1AB2 : 00000000;
    1AB3 : 00000000;
    1AB4 : 00000000;
    1AB5 : 00000000;
    1AB6 : 00000000;
    1AB7 : 00000000;
    1AB8 : 00000000;
    1AB9 : 00000000;
    1ABA : 00000000;
    1ABB : 00000000;
    1ABC : 00000000;
    1ABD : 00000000;
    1ABE : 00000000;
    1ABF : 00000000;
    1AC0 : 00000000;
    1AC1 : 00000000;
    1AC2 : 00000000;
    1AC3 : 00000000;
    1AC4 : 00000000;
    1AC5 : 00000000;
    1AC6 : 00000000;
    1AC7 : 00000000;
    1AC8 : 00000000;
    1AC9 : 00000000;
    1ACA : 00000000;
    1ACB : 00000000;
    1ACC : 00000000;
    1ACD : 00000000;
    1ACE : 00000000;
    1ACF : 00000000;
    1AD0 : 00000000;
    1AD1 : 00000000;
    1AD2 : 00000000;
    1AD3 : 00000000;
    1AD4 : 00000000;
    1AD5 : 00000000;
    1AD6 : 00000000;
    1AD7 : 00000000;
    1AD8 : 00000000;
    1AD9 : 00000000;
    1ADA : 00000000;
    1ADB : 00000000;
    1ADC : 00000000;
    1ADD : 00000000;
    1ADE : 00000000;
    1ADF : 00000000;
    1AE0 : 00000000;
    1AE1 : 00000000;
    1AE2 : 00000000;
    1AE3 : 00000000;
    1AE4 : 00000000;
    1AE5 : 00000000;
    1AE6 : 00000000;
    1AE7 : 00000000;
    1AE8 : 00000000;
    1AE9 : 00000000;
    1AEA : 00000000;
    1AEB : 00000000;
    1AEC : 00000000;
    1AED : 00000000;
    1AEE : 00000000;
    1AEF : 00000000;
    1AF0 : 00000000;
    1AF1 : 00000000;
    1AF2 : 00000000;
    1AF3 : 00000000;
    1AF4 : 00000000;
    1AF5 : 00000000;
    1AF6 : 00000000;
    1AF7 : 00000000;
    1AF8 : 00000000;
    1AF9 : 00000000;
    1AFA : 00000000;
    1AFB : 00000000;
    1AFC : 00000000;
    1AFD : 00000000;
    1AFE : 00000000;
    1AFF : 00000000;
    1B00 : 00000000;
    1B01 : 00000000;
    1B02 : 00000000;
    1B03 : 00000000;
    1B04 : 00000000;
    1B05 : 00000000;
    1B06 : 00000000;
    1B07 : 00000000;
    1B08 : 00000000;
    1B09 : 00000000;
    1B0A : 00000000;
    1B0B : 00000000;
    1B0C : 00000000;
    1B0D : 00000000;
    1B0E : 00000000;
    1B0F : 00000000;
    1B10 : 00000000;
    1B11 : 00000000;
    1B12 : 00000000;
    1B13 : 00000000;
    1B14 : 00000000;
    1B15 : 00000000;
    1B16 : 00000000;
    1B17 : 00000000;
    1B18 : 00000000;
    1B19 : 00000000;
    1B1A : 00000000;
    1B1B : 00000000;
    1B1C : 00000000;
    1B1D : 00000000;
    1B1E : 00000000;
    1B1F : 00000000;
    1B20 : 00000000;
    1B21 : 00000000;
    1B22 : 00000000;
    1B23 : 00000000;
    1B24 : 00000000;
    1B25 : 00000000;
    1B26 : 00000000;
    1B27 : 00000000;
    1B28 : 00000000;
    1B29 : 00000000;
    1B2A : 00000000;
    1B2B : 00000000;
    1B2C : 00000000;
    1B2D : 00000000;
    1B2E : 00000000;
    1B2F : 00000000;
    1B30 : 00000000;
    1B31 : 00000000;
    1B32 : 00000000;
    1B33 : 00000000;
    1B34 : 00000000;
    1B35 : 00000000;
    1B36 : 00000000;
    1B37 : 00000000;
    1B38 : 00000000;
    1B39 : 00000000;
    1B3A : 00000000;
    1B3B : 00000000;
    1B3C : 00000000;
    1B3D : 00000000;
    1B3E : 00000000;
    1B3F : 00000000;
    1B40 : 00000000;
    1B41 : 00000000;
    1B42 : 00000000;
    1B43 : 00000000;
    1B44 : 00000000;
    1B45 : 00000000;
    1B46 : 00000000;
    1B47 : 00000000;
    1B48 : 00000000;
    1B49 : 00000000;
    1B4A : 00000000;
    1B4B : 00000000;
    1B4C : 00000000;
    1B4D : 00000000;
    1B4E : 00000000;
    1B4F : 00000000;
    1B50 : 00000000;
    1B51 : 00000000;
    1B52 : 00000000;
    1B53 : 00000000;
    1B54 : 00000000;
    1B55 : 00000000;
    1B56 : 00000000;
    1B57 : 00000000;
    1B58 : 00000000;
    1B59 : 00000000;
    1B5A : 00000000;
    1B5B : 00000000;
    1B5C : 00000000;
    1B5D : 00000000;
    1B5E : 00000000;
    1B5F : 00000000;
    1B60 : 00000000;
    1B61 : 00000000;
    1B62 : 00000000;
    1B63 : 00000000;
    1B64 : 00000000;
    1B65 : 00000000;
    1B66 : 00000000;
    1B67 : 00000000;
    1B68 : 00000000;
    1B69 : 00000000;
    1B6A : 00000000;
    1B6B : 00000000;
    1B6C : 00000000;
    1B6D : 00000000;
    1B6E : 00000000;
    1B6F : 00000000;
    1B70 : 00000000;
    1B71 : 00000000;
    1B72 : 00000000;
    1B73 : 00000000;
    1B74 : 00000000;
    1B75 : 00000000;
    1B76 : 00000000;
    1B77 : 00000000;
    1B78 : 00000000;
    1B79 : 00000000;
    1B7A : 00000000;
    1B7B : 00000000;
    1B7C : 00000000;
    1B7D : 00000000;
    1B7E : 00000000;
    1B7F : 00000000;
    1B80 : 00000000;
    1B81 : 00000000;
    1B82 : 00000000;
    1B83 : 00000000;
    1B84 : 00000000;
    1B85 : 00000000;
    1B86 : 00000000;
    1B87 : 00000000;
    1B88 : 00000000;
    1B89 : 00000000;
    1B8A : 00000000;
    1B8B : 00000000;
    1B8C : 00000000;
    1B8D : 00000000;
    1B8E : 00000000;
    1B8F : 00000000;
    1B90 : 00000000;
    1B91 : 00000000;
    1B92 : 00000000;
    1B93 : 00000000;
    1B94 : 00000000;
    1B95 : 00000000;
    1B96 : 00000000;
    1B97 : 00000000;
    1B98 : 00000000;
    1B99 : 00000000;
    1B9A : 00000000;
    1B9B : 00000000;
    1B9C : 00000000;
    1B9D : 00000000;
    1B9E : 00000000;
    1B9F : 00000000;
    1BA0 : 00000000;
    1BA1 : 00000000;
    1BA2 : 00000000;
    1BA3 : 00000000;
    1BA4 : 00000000;
    1BA5 : 00000000;
    1BA6 : 00000000;
    1BA7 : 00000000;
    1BA8 : 00000000;
    1BA9 : 00000000;
    1BAA : 00000000;
    1BAB : 00000000;
    1BAC : 00000000;
    1BAD : 00000000;
    1BAE : 00000000;
    1BAF : 00000000;
    1BB0 : 00000000;
    1BB1 : 00000000;
    1BB2 : 00000000;
    1BB3 : 00000000;
    1BB4 : 00000000;
    1BB5 : 00000000;
    1BB6 : 00000000;
    1BB7 : 00000000;
    1BB8 : 00000000;
    1BB9 : 00000000;
    1BBA : 00000000;
    1BBB : 00000000;
    1BBC : 00000000;
    1BBD : 00000000;
    1BBE : 00000000;
    1BBF : 00000000;
    1BC0 : 00000000;
    1BC1 : 00000000;
    1BC2 : 00000000;
    1BC3 : 00000000;
    1BC4 : 00000000;
    1BC5 : 00000000;
    1BC6 : 00000000;
    1BC7 : 00000000;
    1BC8 : 00000000;
    1BC9 : 00000000;
    1BCA : 00000000;
    1BCB : 00000000;
    1BCC : 00000000;
    1BCD : 00000000;
    1BCE : 00000000;
    1BCF : 00000000;
    1BD0 : 00000000;
    1BD1 : 00000000;
    1BD2 : 00000000;
    1BD3 : 00000000;
    1BD4 : 00000000;
    1BD5 : 00000000;
    1BD6 : 00000000;
    1BD7 : 00000000;
    1BD8 : 00000000;
    1BD9 : 00000000;
    1BDA : 00000000;
    1BDB : 00000000;
    1BDC : 00000000;
    1BDD : 00000000;
    1BDE : 00000000;
    1BDF : 00000000;
    1BE0 : 00000000;
    1BE1 : 00000000;
    1BE2 : 00000000;
    1BE3 : 00000000;
    1BE4 : 00000000;
    1BE5 : 00000000;
    1BE6 : 00000000;
    1BE7 : 00000000;
    1BE8 : 00000000;
    1BE9 : 00000000;
    1BEA : 00000000;
    1BEB : 00000000;
    1BEC : 00000000;
    1BED : 00000000;
    1BEE : 00000000;
    1BEF : 00000000;
    1BF0 : 00000000;
    1BF1 : 00000000;
    1BF2 : 00000000;
    1BF3 : 00000000;
    1BF4 : 00000000;
    1BF5 : 00000000;
    1BF6 : 00000000;
    1BF7 : 00000000;
    1BF8 : 00000000;
    1BF9 : 00000000;
    1BFA : 00000000;
    1BFB : 00000000;
    1BFC : 00000000;
    1BFD : 00000000;
    1BFE : 00000000;
    1BFF : 00000000;
    1C00 : 00000000;
    1C01 : 00000000;
    1C02 : 00000000;
    1C03 : 00000000;
    1C04 : 00000000;
    1C05 : 00000000;
    1C06 : 00000000;
    1C07 : 00000000;
    1C08 : 00000000;
    1C09 : 00000000;
    1C0A : 00000000;
    1C0B : 00000000;
    1C0C : 00000000;
    1C0D : 00000000;
    1C0E : 00000000;
    1C0F : 00000000;
    1C10 : 00000000;
    1C11 : 00000000;
    1C12 : 00000000;
    1C13 : 00000000;
    1C14 : 00000000;
    1C15 : 00000000;
    1C16 : 00000000;
    1C17 : 00000000;
    1C18 : 00000000;
    1C19 : 00000000;
    1C1A : 00000000;
    1C1B : 00000000;
    1C1C : 00000000;
    1C1D : 00000000;
    1C1E : 00000000;
    1C1F : 00000000;
    1C20 : 00000000;
    1C21 : 00000000;
    1C22 : 00000000;
    1C23 : 00000000;
    1C24 : 00000000;
    1C25 : 00000000;
    1C26 : 00000000;
    1C27 : 00000000;
    1C28 : 00000000;
    1C29 : 00000000;
    1C2A : 00000000;
    1C2B : 00000000;
    1C2C : 00000000;
    1C2D : 00000000;
    1C2E : 00000000;
    1C2F : 00000000;
    1C30 : 00000000;
    1C31 : 00000000;
    1C32 : 00000000;
    1C33 : 00000000;
    1C34 : 00000000;
    1C35 : 00000000;
    1C36 : 00000000;
    1C37 : 00000000;
    1C38 : 00000000;
    1C39 : 00000000;
    1C3A : 00000000;
    1C3B : 00000000;
    1C3C : 00000000;
    1C3D : 00000000;
    1C3E : 00000000;
    1C3F : 00000000;
    1C40 : 00000000;
    1C41 : 00000000;
    1C42 : 00000000;
    1C43 : 00000000;
    1C44 : 00000000;
    1C45 : 00000000;
    1C46 : 00000000;
    1C47 : 00000000;
    1C48 : 00000000;
    1C49 : 00000000;
    1C4A : 00000000;
    1C4B : 00000000;
    1C4C : 00000000;
    1C4D : 00000000;
    1C4E : 00000000;
    1C4F : 00000000;
    1C50 : 00000000;
    1C51 : 00000000;
    1C52 : 00000000;
    1C53 : 00000000;
    1C54 : 00000000;
    1C55 : 00000000;
    1C56 : 00000000;
    1C57 : 00000000;
    1C58 : 00000000;
    1C59 : 00000000;
    1C5A : 00000000;
    1C5B : 00000000;
    1C5C : 00000000;
    1C5D : 00000000;
    1C5E : 00000000;
    1C5F : 00000000;
    1C60 : 00000000;
    1C61 : 00000000;
    1C62 : 00000000;
    1C63 : 00000000;
    1C64 : 00000000;
    1C65 : 00000000;
    1C66 : 00000000;
    1C67 : 00000000;
    1C68 : 00000000;
    1C69 : 00000000;
    1C6A : 00000000;
    1C6B : 00000000;
    1C6C : 00000000;
    1C6D : 00000000;
    1C6E : 00000000;
    1C6F : 00000000;
    1C70 : 00000000;
    1C71 : 00000000;
    1C72 : 00000000;
    1C73 : 00000000;
    1C74 : 00000000;
    1C75 : 00000000;
    1C76 : 00000000;
    1C77 : 00000000;
    1C78 : 00000000;
    1C79 : 00000000;
    1C7A : 00000000;
    1C7B : 00000000;
    1C7C : 00000000;
    1C7D : 00000000;
    1C7E : 00000000;
    1C7F : 00000000;
    1C80 : 00000000;
    1C81 : 00000000;
    1C82 : 00000000;
    1C83 : 00000000;
    1C84 : 00000000;
    1C85 : 00000000;
    1C86 : 00000000;
    1C87 : 00000000;
    1C88 : 00000000;
    1C89 : 00000000;
    1C8A : 00000000;
    1C8B : 00000000;
    1C8C : 00000000;
    1C8D : 00000000;
    1C8E : 00000000;
    1C8F : 00000000;
    1C90 : 00000000;
    1C91 : 00000000;
    1C92 : 00000000;
    1C93 : 00000000;
    1C94 : 00000000;
    1C95 : 00000000;
    1C96 : 00000000;
    1C97 : 00000000;
    1C98 : 00000000;
    1C99 : 00000000;
    1C9A : 00000000;
    1C9B : 00000000;
    1C9C : 00000000;
    1C9D : 00000000;
    1C9E : 00000000;
    1C9F : 00000000;
    1CA0 : 00000000;
    1CA1 : 00000000;
    1CA2 : 00000000;
    1CA3 : 00000000;
    1CA4 : 00000000;
    1CA5 : 00000000;
    1CA6 : 00000000;
    1CA7 : 00000000;
    1CA8 : 00000000;
    1CA9 : 00000000;
    1CAA : 00000000;
    1CAB : 00000000;
    1CAC : 00000000;
    1CAD : 00000000;
    1CAE : 00000000;
    1CAF : 00000000;
    1CB0 : 00000000;
    1CB1 : 00000000;
    1CB2 : 00000000;
    1CB3 : 00000000;
    1CB4 : 00000000;
    1CB5 : 00000000;
    1CB6 : 00000000;
    1CB7 : 00000000;
    1CB8 : 00000000;
    1CB9 : 00000000;
    1CBA : 00000000;
    1CBB : 00000000;
    1CBC : 00000000;
    1CBD : 00000000;
    1CBE : 00000000;
    1CBF : 00000000;
    1CC0 : 00000000;
    1CC1 : 00000000;
    1CC2 : 00000000;
    1CC3 : 00000000;
    1CC4 : 00000000;
    1CC5 : 00000000;
    1CC6 : 00000000;
    1CC7 : 00000000;
    1CC8 : 00000000;
    1CC9 : 00000000;
    1CCA : 00000000;
    1CCB : 00000000;
    1CCC : 00000000;
    1CCD : 00000000;
    1CCE : 00000000;
    1CCF : 00000000;
    1CD0 : 00000000;
    1CD1 : 00000000;
    1CD2 : 00000000;
    1CD3 : 00000000;
    1CD4 : 00000000;
    1CD5 : 00000000;
    1CD6 : 00000000;
    1CD7 : 00000000;
    1CD8 : 00000000;
    1CD9 : 00000000;
    1CDA : 00000000;
    1CDB : 00000000;
    1CDC : 00000000;
    1CDD : 00000000;
    1CDE : 00000000;
    1CDF : 00000000;
    1CE0 : 00000000;
    1CE1 : 00000000;
    1CE2 : 00000000;
    1CE3 : 00000000;
    1CE4 : 00000000;
    1CE5 : 00000000;
    1CE6 : 00000000;
    1CE7 : 00000000;
    1CE8 : 00000000;
    1CE9 : 00000000;
    1CEA : 00000000;
    1CEB : 00000000;
    1CEC : 00000000;
    1CED : 00000000;
    1CEE : 00000000;
    1CEF : 00000000;
    1CF0 : 00000000;
    1CF1 : 00000000;
    1CF2 : 00000000;
    1CF3 : 00000000;
    1CF4 : 00000000;
    1CF5 : 00000000;
    1CF6 : 00000000;
    1CF7 : 00000000;
    1CF8 : 00000000;
    1CF9 : 00000000;
    1CFA : 00000000;
    1CFB : 00000000;
    1CFC : 00000000;
    1CFD : 00000000;
    1CFE : 00000000;
    1CFF : 00000000;
    1D00 : 00000000;
    1D01 : 00000000;
    1D02 : 00000000;
    1D03 : 00000000;
    1D04 : 00000000;
    1D05 : 00000000;
    1D06 : 00000000;
    1D07 : 00000000;
    1D08 : 00000000;
    1D09 : 00000000;
    1D0A : 00000000;
    1D0B : 00000000;
    1D0C : 00000000;
    1D0D : 00000000;
    1D0E : 00000000;
    1D0F : 00000000;
    1D10 : 00000000;
    1D11 : 00000000;
    1D12 : 00000000;
    1D13 : 00000000;
    1D14 : 00000000;
    1D15 : 00000000;
    1D16 : 00000000;
    1D17 : 00000000;
    1D18 : 00000000;
    1D19 : 00000000;
    1D1A : 00000000;
    1D1B : 00000000;
    1D1C : 00000000;
    1D1D : 00000000;
    1D1E : 00000000;
    1D1F : 00000000;
    1D20 : 00000000;
    1D21 : 00000000;
    1D22 : 00000000;
    1D23 : 00000000;
    1D24 : 00000000;
    1D25 : 00000000;
    1D26 : 00000000;
    1D27 : 00000000;
    1D28 : 00000000;
    1D29 : 00000000;
    1D2A : 00000000;
    1D2B : 00000000;
    1D2C : 00000000;
    1D2D : 00000000;
    1D2E : 00000000;
    1D2F : 00000000;
    1D30 : 00000000;
    1D31 : 00000000;
    1D32 : 00000000;
    1D33 : 00000000;
    1D34 : 00000000;
    1D35 : 00000000;
    1D36 : 00000000;
    1D37 : 00000000;
    1D38 : 00000000;
    1D39 : 00000000;
    1D3A : 00000000;
    1D3B : 00000000;
    1D3C : 00000000;
    1D3D : 00000000;
    1D3E : 00000000;
    1D3F : 00000000;
    1D40 : 00000000;
    1D41 : 00000000;
    1D42 : 00000000;
    1D43 : 00000000;
    1D44 : 00000000;
    1D45 : 00000000;
    1D46 : 00000000;
    1D47 : 00000000;
    1D48 : 00000000;
    1D49 : 00000000;
    1D4A : 00000000;
    1D4B : 00000000;
    1D4C : 00000000;
    1D4D : 00000000;
    1D4E : 00000000;
    1D4F : 00000000;
    1D50 : 00000000;
    1D51 : 00000000;
    1D52 : 00000000;
    1D53 : 00000000;
    1D54 : 00000000;
    1D55 : 00000000;
    1D56 : 00000000;
    1D57 : 00000000;
    1D58 : 00000000;
    1D59 : 00000000;
    1D5A : 00000000;
    1D5B : 00000000;
    1D5C : 00000000;
    1D5D : 00000000;
    1D5E : 00000000;
    1D5F : 00000000;
    1D60 : 00000000;
    1D61 : 00000000;
    1D62 : 00000000;
    1D63 : 00000000;
    1D64 : 00000000;
    1D65 : 00000000;
    1D66 : 00000000;
    1D67 : 00000000;
    1D68 : 00000000;
    1D69 : 00000000;
    1D6A : 00000000;
    1D6B : 00000000;
    1D6C : 00000000;
    1D6D : 00000000;
    1D6E : 00000000;
    1D6F : 00000000;
    1D70 : 00000000;
    1D71 : 00000000;
    1D72 : 00000000;
    1D73 : 00000000;
    1D74 : 00000000;
    1D75 : 00000000;
    1D76 : 00000000;
    1D77 : 00000000;
    1D78 : 00000000;
    1D79 : 00000000;
    1D7A : 00000000;
    1D7B : 00000000;
    1D7C : 00000000;
    1D7D : 00000000;
    1D7E : 00000000;
    1D7F : 00000000;
    1D80 : 00000000;
    1D81 : 00000000;
    1D82 : 00000000;
    1D83 : 00000000;
    1D84 : 00000000;
    1D85 : 00000000;
    1D86 : 00000000;
    1D87 : 00000000;
    1D88 : 00000000;
    1D89 : 00000000;
    1D8A : 00000000;
    1D8B : 00000000;
    1D8C : 00000000;
    1D8D : 00000000;
    1D8E : 00000000;
    1D8F : 00000000;
    1D90 : 00000000;
    1D91 : 00000000;
    1D92 : 00000000;
    1D93 : 00000000;
    1D94 : 00000000;
    1D95 : 00000000;
    1D96 : 00000000;
    1D97 : 00000000;
    1D98 : 00000000;
    1D99 : 00000000;
    1D9A : 00000000;
    1D9B : 00000000;
    1D9C : 00000000;
    1D9D : 00000000;
    1D9E : 00000000;
    1D9F : 00000000;
    1DA0 : 00000000;
    1DA1 : 00000000;
    1DA2 : 00000000;
    1DA3 : 00000000;
    1DA4 : 00000000;
    1DA5 : 00000000;
    1DA6 : 00000000;
    1DA7 : 00000000;
    1DA8 : 00000000;
    1DA9 : 00000000;
    1DAA : 00000000;
    1DAB : 00000000;
    1DAC : 00000000;
    1DAD : 00000000;
    1DAE : 00000000;
    1DAF : 00000000;
    1DB0 : 00000000;
    1DB1 : 00000000;
    1DB2 : 00000000;
    1DB3 : 00000000;
    1DB4 : 00000000;
    1DB5 : 00000000;
    1DB6 : 00000000;
    1DB7 : 00000000;
    1DB8 : 00000000;
    1DB9 : 00000000;
    1DBA : 00000000;
    1DBB : 00000000;
    1DBC : 00000000;
    1DBD : 00000000;
    1DBE : 00000000;
    1DBF : 00000000;
    1DC0 : 00000000;
    1DC1 : 00000000;
    1DC2 : 00000000;
    1DC3 : 00000000;
    1DC4 : 00000000;
    1DC5 : 00000000;
    1DC6 : 00000000;
    1DC7 : 00000000;
    1DC8 : 00000000;
    1DC9 : 00000000;
    1DCA : 00000000;
    1DCB : 00000000;
    1DCC : 00000000;
    1DCD : 00000000;
    1DCE : 00000000;
    1DCF : 00000000;
    1DD0 : 00000000;
    1DD1 : 00000000;
    1DD2 : 00000000;
    1DD3 : 00000000;
    1DD4 : 00000000;
    1DD5 : 00000000;
    1DD6 : 00000000;
    1DD7 : 00000000;
    1DD8 : 00000000;
    1DD9 : 00000000;
    1DDA : 00000000;
    1DDB : 00000000;
    1DDC : 00000000;
    1DDD : 00000000;
    1DDE : 00000000;
    1DDF : 00000000;
    1DE0 : 00000000;
    1DE1 : 00000000;
    1DE2 : 00000000;
    1DE3 : 00000000;
    1DE4 : 00000000;
    1DE5 : 00000000;
    1DE6 : 00000000;
    1DE7 : 00000000;
    1DE8 : 00000000;
    1DE9 : 00000000;
    1DEA : 00000000;
    1DEB : 00000000;
    1DEC : 00000000;
    1DED : 00000000;
    1DEE : 00000000;
    1DEF : 00000000;
    1DF0 : 00000000;
    1DF1 : 00000000;
    1DF2 : 00000000;
    1DF3 : 00000000;
    1DF4 : 00000000;
    1DF5 : 00000000;
    1DF6 : 00000000;
    1DF7 : 00000000;
    1DF8 : 00000000;
    1DF9 : 00000000;
    1DFA : 00000000;
    1DFB : 00000000;
    1DFC : 00000000;
    1DFD : 00000000;
    1DFE : 00000000;
    1DFF : 00000000;
    1E00 : 00000000;
    1E01 : 00000000;
    1E02 : 00000000;
    1E03 : 00000000;
    1E04 : 00000000;
    1E05 : 00000000;
    1E06 : 00000000;
    1E07 : 00000000;
    1E08 : 00000000;
    1E09 : 00000000;
    1E0A : 00000000;
    1E0B : 00000000;
    1E0C : 00000000;
    1E0D : 00000000;
    1E0E : 00000000;
    1E0F : 00000000;
    1E10 : 00000000;
    1E11 : 00000000;
    1E12 : 00000000;
    1E13 : 00000000;
    1E14 : 00000000;
    1E15 : 00000000;
    1E16 : 00000000;
    1E17 : 00000000;
    1E18 : 00000000;
    1E19 : 00000000;
    1E1A : 00000000;
    1E1B : 00000000;
    1E1C : 00000000;
    1E1D : 00000000;
    1E1E : 00000000;
    1E1F : 00000000;
    1E20 : 00000000;
    1E21 : 00000000;
    1E22 : 00000000;
    1E23 : 00000000;
    1E24 : 00000000;
    1E25 : 00000000;
    1E26 : 00000000;
    1E27 : 00000000;
    1E28 : 00000000;
    1E29 : 00000000;
    1E2A : 00000000;
    1E2B : 00000000;
    1E2C : 00000000;
    1E2D : 00000000;
    1E2E : 00000000;
    1E2F : 00000000;
    1E30 : 00000000;
    1E31 : 00000000;
    1E32 : 00000000;
    1E33 : 00000000;
    1E34 : 00000000;
    1E35 : 00000000;
    1E36 : 00000000;
    1E37 : 00000000;
    1E38 : 00000000;
    1E39 : 00000000;
    1E3A : 00000000;
    1E3B : 00000000;
    1E3C : 00000000;
    1E3D : 00000000;
    1E3E : 00000000;
    1E3F : 00000000;
    1E40 : 00000000;
    1E41 : 00000000;
    1E42 : 00000000;
    1E43 : 00000000;
    1E44 : 00000000;
    1E45 : 00000000;
    1E46 : 00000000;
    1E47 : 00000000;
    1E48 : 00000000;
    1E49 : 00000000;
    1E4A : 00000000;
    1E4B : 00000000;
    1E4C : 00000000;
    1E4D : 00000000;
    1E4E : 00000000;
    1E4F : 00000000;
    1E50 : 00000000;
    1E51 : 00000000;
    1E52 : 00000000;
    1E53 : 00000000;
    1E54 : 00000000;
    1E55 : 00000000;
    1E56 : 00000000;
    1E57 : 00000000;
    1E58 : 00000000;
    1E59 : 00000000;
    1E5A : 00000000;
    1E5B : 00000000;
    1E5C : 00000000;
    1E5D : 00000000;
    1E5E : 00000000;
    1E5F : 00000000;
    1E60 : 00000000;
    1E61 : 00000000;
    1E62 : 00000000;
    1E63 : 00000000;
    1E64 : 00000000;
    1E65 : 00000000;
    1E66 : 00000000;
    1E67 : 00000000;
    1E68 : 00000000;
    1E69 : 00000000;
    1E6A : 00000000;
    1E6B : 00000000;
    1E6C : 00000000;
    1E6D : 00000000;
    1E6E : 00000000;
    1E6F : 00000000;
    1E70 : 00000000;
    1E71 : 00000000;
    1E72 : 00000000;
    1E73 : 00000000;
    1E74 : 00000000;
    1E75 : 00000000;
    1E76 : 00000000;
    1E77 : 00000000;
    1E78 : 00000000;
    1E79 : 00000000;
    1E7A : 00000000;
    1E7B : 00000000;
    1E7C : 00000000;
    1E7D : 00000000;
    1E7E : 00000000;
    1E7F : 00000000;
    1E80 : 00000000;
    1E81 : 00000000;
    1E82 : 00000000;
    1E83 : 00000000;
    1E84 : 00000000;
    1E85 : 00000000;
    1E86 : 00000000;
    1E87 : 00000000;
    1E88 : 00000000;
    1E89 : 00000000;
    1E8A : 00000000;
    1E8B : 00000000;
    1E8C : 00000000;
    1E8D : 00000000;
    1E8E : 00000000;
    1E8F : 00000000;
    1E90 : 00000000;
    1E91 : 00000000;
    1E92 : 00000000;
    1E93 : 00000000;
    1E94 : 00000000;
    1E95 : 00000000;
    1E96 : 00000000;
    1E97 : 00000000;
    1E98 : 00000000;
    1E99 : 00000000;
    1E9A : 00000000;
    1E9B : 00000000;
    1E9C : 00000000;
    1E9D : 00000000;
    1E9E : 00000000;
    1E9F : 00000000;
    1EA0 : 00000000;
    1EA1 : 00000000;
    1EA2 : 00000000;
    1EA3 : 00000000;
    1EA4 : 00000000;
    1EA5 : 00000000;
    1EA6 : 00000000;
    1EA7 : 00000000;
    1EA8 : 00000000;
    1EA9 : 00000000;
    1EAA : 00000000;
    1EAB : 00000000;
    1EAC : 00000000;
    1EAD : 00000000;
    1EAE : 00000000;
    1EAF : 00000000;
    1EB0 : 00000000;
    1EB1 : 00000000;
    1EB2 : 00000000;
    1EB3 : 00000000;
    1EB4 : 00000000;
    1EB5 : 00000000;
    1EB6 : 00000000;
    1EB7 : 00000000;
    1EB8 : 00000000;
    1EB9 : 00000000;
    1EBA : 00000000;
    1EBB : 00000000;
    1EBC : 00000000;
    1EBD : 00000000;
    1EBE : 00000000;
    1EBF : 00000000;
    1EC0 : 00000000;
    1EC1 : 00000000;
    1EC2 : 00000000;
    1EC3 : 00000000;
    1EC4 : 00000000;
    1EC5 : 00000000;
    1EC6 : 00000000;
    1EC7 : 00000000;
    1EC8 : 00000000;
    1EC9 : 00000000;
    1ECA : 00000000;
    1ECB : 00000000;
    1ECC : 00000000;
    1ECD : 00000000;
    1ECE : 00000000;
    1ECF : 00000000;
    1ED0 : 00000000;
    1ED1 : 00000000;
    1ED2 : 00000000;
    1ED3 : 00000000;
    1ED4 : 00000000;
    1ED5 : 00000000;
    1ED6 : 00000000;
    1ED7 : 00000000;
    1ED8 : 00000000;
    1ED9 : 00000000;
    1EDA : 00000000;
    1EDB : 00000000;
    1EDC : 00000000;
    1EDD : 00000000;
    1EDE : 00000000;
    1EDF : 00000000;
    1EE0 : 00000000;
    1EE1 : 00000000;
    1EE2 : 00000000;
    1EE3 : 00000000;
    1EE4 : 00000000;
    1EE5 : 00000000;
    1EE6 : 00000000;
    1EE7 : 00000000;
    1EE8 : 00000000;
    1EE9 : 00000000;
    1EEA : 00000000;
    1EEB : 00000000;
    1EEC : 00000000;
    1EED : 00000000;
    1EEE : 00000000;
    1EEF : 00000000;
    1EF0 : 00000000;
    1EF1 : 00000000;
    1EF2 : 00000000;
    1EF3 : 00000000;
    1EF4 : 00000000;
    1EF5 : 00000000;
    1EF6 : 00000000;
    1EF7 : 00000000;
    1EF8 : 00000000;
    1EF9 : 00000000;
    1EFA : 00000000;
    1EFB : 00000000;
    1EFC : 00000000;
    1EFD : 00000000;
    1EFE : 00000000;
    1EFF : 00000000;
    1F00 : 00000000;
    1F01 : 00000000;
    1F02 : 00000000;
    1F03 : 00000000;
    1F04 : 00000000;
    1F05 : 00000000;
    1F06 : 00000000;
    1F07 : 00000000;
    1F08 : 00000000;
    1F09 : 00000000;
    1F0A : 00000000;
    1F0B : 00000000;
    1F0C : 00000000;
    1F0D : 00000000;
    1F0E : 00000000;
    1F0F : 00000000;
    1F10 : 00000000;
    1F11 : 00000000;
    1F12 : 00000000;
    1F13 : 00000000;
    1F14 : 00000000;
    1F15 : 00000000;
    1F16 : 00000000;
    1F17 : 00000000;
    1F18 : 00000000;
    1F19 : 00000000;
    1F1A : 00000000;
    1F1B : 00000000;
    1F1C : 00000000;
    1F1D : 00000000;
    1F1E : 00000000;
    1F1F : 00000000;
    1F20 : 00000000;
    1F21 : 00000000;
    1F22 : 00000000;
    1F23 : 00000000;
    1F24 : 00000000;
    1F25 : 00000000;
    1F26 : 00000000;
    1F27 : 00000000;
    1F28 : 00000000;
    1F29 : 00000000;
    1F2A : 00000000;
    1F2B : 00000000;
    1F2C : 00000000;
    1F2D : 00000000;
    1F2E : 00000000;
    1F2F : 00000000;
    1F30 : 00000000;
    1F31 : 00000000;
    1F32 : 00000000;
    1F33 : 00000000;
    1F34 : 00000000;
    1F35 : 00000000;
    1F36 : 00000000;
    1F37 : 00000000;
    1F38 : 00000000;
    1F39 : 00000000;
    1F3A : 00000000;
    1F3B : 00000000;
    1F3C : 00000000;
    1F3D : 00000000;
    1F3E : 00000000;
    1F3F : 00000000;
    1F40 : 00000000;
    1F41 : 00000000;
    1F42 : 00000000;
    1F43 : 00000000;
    1F44 : 00000000;
    1F45 : 00000000;
    1F46 : 00000000;
    1F47 : 00000000;
    1F48 : 00000000;
    1F49 : 00000000;
    1F4A : 00000000;
    1F4B : 00000000;
    1F4C : 00000000;
    1F4D : 00000000;
    1F4E : 00000000;
    1F4F : 00000000;
    1F50 : 00000000;
    1F51 : 00000000;
    1F52 : 00000000;
    1F53 : 00000000;
    1F54 : 00000000;
    1F55 : 00000000;
    1F56 : 00000000;
    1F57 : 00000000;
    1F58 : 00000000;
    1F59 : 00000000;
    1F5A : 00000000;
    1F5B : 00000000;
    1F5C : 00000000;
    1F5D : 00000000;
    1F5E : 00000000;
    1F5F : 00000000;
    1F60 : 00000000;
    1F61 : 00000000;
    1F62 : 00000000;
    1F63 : 00000000;
    1F64 : 00000000;
    1F65 : 00000000;
    1F66 : 00000000;
    1F67 : 00000000;
    1F68 : 00000000;
    1F69 : 00000000;
    1F6A : 00000000;
    1F6B : 00000000;
    1F6C : 00000000;
    1F6D : 00000000;
    1F6E : 00000000;
    1F6F : 00000000;
    1F70 : 00000000;
    1F71 : 00000000;
    1F72 : 00000000;
    1F73 : 00000000;
    1F74 : 00000000;
    1F75 : 00000000;
    1F76 : 00000000;
    1F77 : 00000000;
    1F78 : 00000000;
    1F79 : 00000000;
    1F7A : 00000000;
    1F7B : 00000000;
    1F7C : 00000000;
    1F7D : 00000000;
    1F7E : 00000000;
    1F7F : 00000000;
    1F80 : 00000000;
    1F81 : 00000000;
    1F82 : 00000000;
    1F83 : 00000000;
    1F84 : 00000000;
    1F85 : 00000000;
    1F86 : 00000000;
    1F87 : 00000000;
    1F88 : 00000000;
    1F89 : 00000000;
    1F8A : 00000000;
    1F8B : 00000000;
    1F8C : 00000000;
    1F8D : 00000000;
    1F8E : 00000000;
    1F8F : 00000000;
    1F90 : 00000000;
    1F91 : 00000000;
    1F92 : 00000000;
    1F93 : 00000000;
    1F94 : 00000000;
    1F95 : 00000000;
    1F96 : 00000000;
    1F97 : 00000000;
    1F98 : 00000000;
    1F99 : 00000000;
    1F9A : 00000000;
    1F9B : 00000000;
    1F9C : 00000000;
    1F9D : 00000000;
    1F9E : 00000000;
    1F9F : 00000000;
    1FA0 : 00000000;
    1FA1 : 00000000;
    1FA2 : 00000000;
    1FA3 : 00000000;
    1FA4 : 00000000;
    1FA5 : 00000000;
    1FA6 : 00000000;
    1FA7 : 00000000;
    1FA8 : 00000000;
    1FA9 : 00000000;
    1FAA : 00000000;
    1FAB : 00000000;
    1FAC : 00000000;
    1FAD : 00000000;
    1FAE : 00000000;
    1FAF : 00000000;
    1FB0 : 00000000;
    1FB1 : 00000000;
    1FB2 : 00000000;
    1FB3 : 00000000;
    1FB4 : 00000000;
    1FB5 : 00000000;
    1FB6 : 00000000;
    1FB7 : 00000000;
    1FB8 : 00000000;
    1FB9 : 00000000;
    1FBA : 00000000;
    1FBB : 00000000;
    1FBC : 00000000;
    1FBD : 00000000;
    1FBE : 00000000;
    1FBF : 00000000;
    1FC0 : 00000000;
    1FC1 : 00000000;
    1FC2 : 00000000;
    1FC3 : 00000000;
    1FC4 : 00000000;
    1FC5 : 00000000;
    1FC6 : 00000000;
    1FC7 : 00000000;
    1FC8 : 00000000;
    1FC9 : 00000000;
    1FCA : 00000000;
    1FCB : 00000000;
    1FCC : 00000000;
    1FCD : 00000000;
    1FCE : 00000000;
    1FCF : 00000000;
    1FD0 : 00000000;
    1FD1 : 00000000;
    1FD2 : 00000000;
    1FD3 : 00000000;
    1FD4 : 00000000;
    1FD5 : 00000000;
    1FD6 : 00000000;
    1FD7 : 00000000;
    1FD8 : 00000000;
    1FD9 : 00000000;
    1FDA : 00000000;
    1FDB : 00000000;
    1FDC : 00000000;
    1FDD : 00000000;
    1FDE : 00000000;
    1FDF : 00000000;
    1FE0 : 00000000;
    1FE1 : 00000000;
    1FE2 : 00000000;
    1FE3 : 00000000;
    1FE4 : 00000000;
    1FE5 : 00000000;
    1FE6 : 00000000;
    1FE7 : 00000000;
    1FE8 : 00000000;
    1FE9 : 00000000;
    1FEA : 00000000;
    1FEB : 00000000;
    1FEC : 00000000;
    1FED : 00000000;
    1FEE : 00000000;
    1FEF : 00000000;
    1FF0 : 00000000;
    1FF1 : 00000000;
    1FF2 : 00000000;
    1FF3 : 00000000;
    1FF4 : 00000000;
    1FF5 : 00000000;
    1FF6 : 00000000;
    1FF7 : 00000000;
    1FF8 : 00000000;
    1FF9 : 00000000;
    1FFA : 00000000;
    1FFB : 00000000;
    1FFC : 00000000;
    1FFD : 00000000;
    1FFE : 00000000;
    1FFF : 00000000;
    2000 : 00000000;
    2001 : 00000000;
    2002 : 00000000;
    2003 : 00000000;
    2004 : 00000000;
    2005 : 00000000;
    2006 : 00000000;
    2007 : 00000000;
    2008 : 00000000;
    2009 : 00000000;
    200A : 00000000;
    200B : 00000000;
    200C : 00000000;
    200D : 00000000;
    200E : 00000000;
    200F : 00000000;
    2010 : 00000000;
    2011 : 00000000;
    2012 : 00000000;
    2013 : 00000000;
    2014 : 00000000;
    2015 : 00000000;
    2016 : 00000000;
    2017 : 00000000;
    2018 : 00000000;
    2019 : 00000000;
    201A : 00000000;
    201B : 00000000;
    201C : 00000000;
    201D : 00000000;
    201E : 00000000;
    201F : 00000000;
    2020 : 00000000;
    2021 : 00000000;
    2022 : 00000000;
    2023 : 00000000;
    2024 : 00000000;
    2025 : 00000000;
    2026 : 00000000;
    2027 : 00000000;
    2028 : 00000000;
    2029 : 00000000;
    202A : 00000000;
    202B : 00000000;
    202C : 00000000;
    202D : 00000000;
    202E : 00000000;
    202F : 00000000;
    2030 : 00000000;
    2031 : 00000000;
    2032 : 00000000;
    2033 : 00000000;
    2034 : 00000000;
    2035 : 00000000;
    2036 : 00000000;
    2037 : 00000000;
    2038 : 00000000;
    2039 : 00000000;
    203A : 00000000;
    203B : 00000000;
    203C : 00000000;
    203D : 00000000;
    203E : 00000000;
    203F : 00000000;
    2040 : 00000000;
    2041 : 00000000;
    2042 : 00000000;
    2043 : 00000000;
    2044 : 00000000;
    2045 : 00000000;
    2046 : 00000000;
    2047 : 00000000;
    2048 : 00000000;
    2049 : 00000000;
    204A : 00000000;
    204B : 00000000;
    204C : 00000000;
    204D : 00000000;
    204E : 00000000;
    204F : 00000000;
    2050 : 00000000;
    2051 : 00000000;
    2052 : 00000000;
    2053 : 00000000;
    2054 : 00000000;
    2055 : 00000000;
    2056 : 00000000;
    2057 : 00000000;
    2058 : 00000000;
    2059 : 00000000;
    205A : 00000000;
    205B : 00000000;
    205C : 00000000;
    205D : 00000000;
    205E : 00000000;
    205F : 00000000;
    2060 : 00000000;
    2061 : 00000000;
    2062 : 00000000;
    2063 : 00000000;
    2064 : 00000000;
    2065 : 00000000;
    2066 : 00000000;
    2067 : 00000000;
    2068 : 00000000;
    2069 : 00000000;
    206A : 00000000;
    206B : 00000000;
    206C : 00000000;
    206D : 00000000;
    206E : 00000000;
    206F : 00000000;
    2070 : 00000000;
    2071 : 00000000;
    2072 : 00000000;
    2073 : 00000000;
    2074 : 00000000;
    2075 : 00000000;
    2076 : 00000000;
    2077 : 00000000;
    2078 : 00000000;
    2079 : 00000000;
    207A : 00000000;
    207B : 00000000;
    207C : 00000000;
    207D : 00000000;
    207E : 00000000;
    207F : 00000000;
    2080 : 00000000;
    2081 : 00000000;
    2082 : 00000000;
    2083 : 00000000;
    2084 : 00000000;
    2085 : 00000000;
    2086 : 00000000;
    2087 : 00000000;
    2088 : 00000000;
    2089 : 00000000;
    208A : 00000000;
    208B : 00000000;
    208C : 00000000;
    208D : 00000000;
    208E : 00000000;
    208F : 00000000;
    2090 : 00000000;
    2091 : 00000000;
    2092 : 00000000;
    2093 : 00000000;
    2094 : 00000000;
    2095 : 00000000;
    2096 : 00000000;
    2097 : 00000000;
    2098 : 00000000;
    2099 : 00000000;
    209A : 00000000;
    209B : 00000000;
    209C : 00000000;
    209D : 00000000;
    209E : 00000000;
    209F : 00000000;
    20A0 : 00000000;
    20A1 : 00000000;
    20A2 : 00000000;
    20A3 : 00000000;
    20A4 : 00000000;
    20A5 : 00000000;
    20A6 : 00000000;
    20A7 : 00000000;
    20A8 : 00000000;
    20A9 : 00000000;
    20AA : 00000000;
    20AB : 00000000;
    20AC : 00000000;
    20AD : 00000000;
    20AE : 00000000;
    20AF : 00000000;
    20B0 : 00000000;
    20B1 : 00000000;
    20B2 : 00000000;
    20B3 : 00000000;
    20B4 : 00000000;
    20B5 : 00000000;
    20B6 : 00000000;
    20B7 : 00000000;
    20B8 : 00000000;
    20B9 : 00000000;
    20BA : 00000000;
    20BB : 00000000;
    20BC : 00000000;
    20BD : 00000000;
    20BE : 00000000;
    20BF : 00000000;
    20C0 : 00000000;
    20C1 : 00000000;
    20C2 : 00000000;
    20C3 : 00000000;
    20C4 : 00000000;
    20C5 : 00000000;
    20C6 : 00000000;
    20C7 : 00000000;
    20C8 : 00000000;
    20C9 : 00000000;
    20CA : 00000000;
    20CB : 00000000;
    20CC : 00000000;
    20CD : 00000000;
    20CE : 00000000;
    20CF : 00000000;
    20D0 : 00000000;
    20D1 : 00000000;
    20D2 : 00000000;
    20D3 : 00000000;
    20D4 : 00000000;
    20D5 : 00000000;
    20D6 : 00000000;
    20D7 : 00000000;
    20D8 : 00000000;
    20D9 : 00000000;
    20DA : 00000000;
    20DB : 00000000;
    20DC : 00000000;
    20DD : 00000000;
    20DE : 00000000;
    20DF : 00000000;
    20E0 : 00000000;
    20E1 : 00000000;
    20E2 : 00000000;
    20E3 : 00000000;
    20E4 : 00000000;
    20E5 : 00000000;
    20E6 : 00000000;
    20E7 : 00000000;
    20E8 : 00000000;
    20E9 : 00000000;
    20EA : 00000000;
    20EB : 00000000;
    20EC : 00000000;
    20ED : 00000000;
    20EE : 00000000;
    20EF : 00000000;
    20F0 : 00000000;
    20F1 : 00000000;
    20F2 : 00000000;
    20F3 : 00000000;
    20F4 : 00000000;
    20F5 : 00000000;
    20F6 : 00000000;
    20F7 : 00000000;
    20F8 : 00000000;
    20F9 : 00000000;
    20FA : 00000000;
    20FB : 00000000;
    20FC : 00000000;
    20FD : 00000000;
    20FE : 00000000;
    20FF : 00000000;
    2100 : 00000000;
    2101 : 00000000;
    2102 : 00000000;
    2103 : 00000000;
    2104 : 00000000;
    2105 : 00000000;
    2106 : 00000000;
    2107 : 00000000;
    2108 : 00000000;
    2109 : 00000000;
    210A : 00000000;
    210B : 00000000;
    210C : 00000000;
    210D : 00000000;
    210E : 00000000;
    210F : 00000000;
    2110 : 00000000;
    2111 : 00000000;
    2112 : 00000000;
    2113 : 00000000;
    2114 : 00000000;
    2115 : 00000000;
    2116 : 00000000;
    2117 : 00000000;
    2118 : 00000000;
    2119 : 00000000;
    211A : 00000000;
    211B : 00000000;
    211C : 00000000;
    211D : 00000000;
    211E : 00000000;
    211F : 00000000;
    2120 : 00000000;
    2121 : 00000000;
    2122 : 00000000;
    2123 : 00000000;
    2124 : 00000000;
    2125 : 00000000;
    2126 : 00000000;
    2127 : 00000000;
    2128 : 00000000;
    2129 : 00000000;
    212A : 00000000;
    212B : 00000000;
    212C : 00000000;
    212D : 00000000;
    212E : 00000000;
    212F : 00000000;
    2130 : 00000000;
    2131 : 00000000;
    2132 : 00000000;
    2133 : 00000000;
    2134 : 00000000;
    2135 : 00000000;
    2136 : 00000000;
    2137 : 00000000;
    2138 : 00000000;
    2139 : 00000000;
    213A : 00000000;
    213B : 00000000;
    213C : 00000000;
    213D : 00000000;
    213E : 00000000;
    213F : 00000000;
    2140 : 00000000;
    2141 : 00000000;
    2142 : 00000000;
    2143 : 00000000;
    2144 : 00000000;
    2145 : 00000000;
    2146 : 00000000;
    2147 : 00000000;
    2148 : 00000000;
    2149 : 00000000;
    214A : 00000000;
    214B : 00000000;
    214C : 00000000;
    214D : 00000000;
    214E : 00000000;
    214F : 00000000;
    2150 : 00000000;
    2151 : 00000000;
    2152 : 00000000;
    2153 : 00000000;
    2154 : 00000000;
    2155 : 00000000;
    2156 : 00000000;
    2157 : 00000000;
    2158 : 00000000;
    2159 : 00000000;
    215A : 00000000;
    215B : 00000000;
    215C : 00000000;
    215D : 00000000;
    215E : 00000000;
    215F : 00000000;
    2160 : 00000000;
    2161 : 00000000;
    2162 : 00000000;
    2163 : 00000000;
    2164 : 00000000;
    2165 : 00000000;
    2166 : 00000000;
    2167 : 00000000;
    2168 : 00000000;
    2169 : 00000000;
    216A : 00000000;
    216B : 00000000;
    216C : 00000000;
    216D : 00000000;
    216E : 00000000;
    216F : 00000000;
    2170 : 00000000;
    2171 : 00000000;
    2172 : 00000000;
    2173 : 00000000;
    2174 : 00000000;
    2175 : 00000000;
    2176 : 00000000;
    2177 : 00000000;
    2178 : 00000000;
    2179 : 00000000;
    217A : 00000000;
    217B : 00000000;
    217C : 00000000;
    217D : 00000000;
    217E : 00000000;
    217F : 00000000;
    2180 : 00000000;
    2181 : 00000000;
    2182 : 00000000;
    2183 : 00000000;
    2184 : 00000000;
    2185 : 00000000;
    2186 : 00000000;
    2187 : 00000000;
    2188 : 00000000;
    2189 : 00000000;
    218A : 00000000;
    218B : 00000000;
    218C : 00000000;
    218D : 00000000;
    218E : 00000000;
    218F : 00000000;
    2190 : 00000000;
    2191 : 00000000;
    2192 : 00000000;
    2193 : 00000000;
    2194 : 00000000;
    2195 : 00000000;
    2196 : 00000000;
    2197 : 00000000;
    2198 : 00000000;
    2199 : 00000000;
    219A : 00000000;
    219B : 00000000;
    219C : 00000000;
    219D : 00000000;
    219E : 00000000;
    219F : 00000000;
    21A0 : 00000000;
    21A1 : 00000000;
    21A2 : 00000000;
    21A3 : 00000000;
    21A4 : 00000000;
    21A5 : 00000000;
    21A6 : 00000000;
    21A7 : 00000000;
    21A8 : 00000000;
    21A9 : 00000000;
    21AA : 00000000;
    21AB : 00000000;
    21AC : 00000000;
    21AD : 00000000;
    21AE : 00000000;
    21AF : 00000000;
    21B0 : 00000000;
    21B1 : 00000000;
    21B2 : 00000000;
    21B3 : 00000000;
    21B4 : 00000000;
    21B5 : 00000000;
    21B6 : 00000000;
    21B7 : 00000000;
    21B8 : 00000000;
    21B9 : 00000000;
    21BA : 00000000;
    21BB : 00000000;
    21BC : 00000000;
    21BD : 00000000;
    21BE : 00000000;
    21BF : 00000000;
    21C0 : 00000000;
    21C1 : 00000000;
    21C2 : 00000000;
    21C3 : 00000000;
    21C4 : 00000000;
    21C5 : 00000000;
    21C6 : 00000000;
    21C7 : 00000000;
    21C8 : 00000000;
    21C9 : 00000000;
    21CA : 00000000;
    21CB : 00000000;
    21CC : 00000000;
    21CD : 00000000;
    21CE : 00000000;
    21CF : 00000000;
    21D0 : 00000000;
    21D1 : 00000000;
    21D2 : 00000000;
    21D3 : 00000000;
    21D4 : 00000000;
    21D5 : 00000000;
    21D6 : 00000000;
    21D7 : 00000000;
    21D8 : 00000000;
    21D9 : 00000000;
    21DA : 00000000;
    21DB : 00000000;
    21DC : 00000000;
    21DD : 00000000;
    21DE : 00000000;
    21DF : 00000000;
    21E0 : 00000000;
    21E1 : 00000000;
    21E2 : 00000000;
    21E3 : 00000000;
    21E4 : 00000000;
    21E5 : 00000000;
    21E6 : 00000000;
    21E7 : 00000000;
    21E8 : 00000000;
    21E9 : 00000000;
    21EA : 00000000;
    21EB : 00000000;
    21EC : 00000000;
    21ED : 00000000;
    21EE : 00000000;
    21EF : 00000000;
    21F0 : 00000000;
    21F1 : 00000000;
    21F2 : 00000000;
    21F3 : 00000000;
    21F4 : 00000000;
    21F5 : 00000000;
    21F6 : 00000000;
    21F7 : 00000000;
    21F8 : 00000000;
    21F9 : 00000000;
    21FA : 00000000;
    21FB : 00000000;
    21FC : 00000000;
    21FD : 00000000;
    21FE : 00000000;
    21FF : 00000000;
    2200 : 00000000;
    2201 : 00000000;
    2202 : 00000000;
    2203 : 00000000;
    2204 : 00000000;
    2205 : 00000000;
    2206 : 00000000;
    2207 : 00000000;
    2208 : 00000000;
    2209 : 00000000;
    220A : 00000000;
    220B : 00000000;
    220C : 00000000;
    220D : 00000000;
    220E : 00000000;
    220F : 00000000;
    2210 : 00000000;
    2211 : 00000000;
    2212 : 00000000;
    2213 : 00000000;
    2214 : 00000000;
    2215 : 00000000;
    2216 : 00000000;
    2217 : 00000000;
    2218 : 00000000;
    2219 : 00000000;
    221A : 00000000;
    221B : 00000000;
    221C : 00000000;
    221D : 00000000;
    221E : 00000000;
    221F : 00000000;
    2220 : 00000000;
    2221 : 00000000;
    2222 : 00000000;
    2223 : 00000000;
    2224 : 00000000;
    2225 : 00000000;
    2226 : 00000000;
    2227 : 00000000;
    2228 : 00000000;
    2229 : 00000000;
    222A : 00000000;
    222B : 00000000;
    222C : 00000000;
    222D : 00000000;
    222E : 00000000;
    222F : 00000000;
    2230 : 00000000;
    2231 : 00000000;
    2232 : 00000000;
    2233 : 00000000;
    2234 : 00000000;
    2235 : 00000000;
    2236 : 00000000;
    2237 : 00000000;
    2238 : 00000000;
    2239 : 00000000;
    223A : 00000000;
    223B : 00000000;
    223C : 00000000;
    223D : 00000000;
    223E : 00000000;
    223F : 00000000;
    2240 : 00000000;
    2241 : 00000000;
    2242 : 00000000;
    2243 : 00000000;
    2244 : 00000000;
    2245 : 00000000;
    2246 : 00000000;
    2247 : 00000000;
    2248 : 00000000;
    2249 : 00000000;
    224A : 00000000;
    224B : 00000000;
    224C : 00000000;
    224D : 00000000;
    224E : 00000000;
    224F : 00000000;
    2250 : 00000000;
    2251 : 00000000;
    2252 : 00000000;
    2253 : 00000000;
    2254 : 00000000;
    2255 : 00000000;
    2256 : 00000000;
    2257 : 00000000;
    2258 : 00000000;
    2259 : 00000000;
    225A : 00000000;
    225B : 00000000;
    225C : 00000000;
    225D : 00000000;
    225E : 00000000;
    225F : 00000000;
    2260 : 00000000;
    2261 : 00000000;
    2262 : 00000000;
    2263 : 00000000;
    2264 : 00000000;
    2265 : 00000000;
    2266 : 00000000;
    2267 : 00000000;
    2268 : 00000000;
    2269 : 00000000;
    226A : 00000000;
    226B : 00000000;
    226C : 00000000;
    226D : 00000000;
    226E : 00000000;
    226F : 00000000;
    2270 : 00000000;
    2271 : 00000000;
    2272 : 00000000;
    2273 : 00000000;
    2274 : 00000000;
    2275 : 00000000;
    2276 : 00000000;
    2277 : 00000000;
    2278 : 00000000;
    2279 : 00000000;
    227A : 00000000;
    227B : 00000000;
    227C : 00000000;
    227D : 00000000;
    227E : 00000000;
    227F : 00000000;
    2280 : 00000000;
    2281 : 00000000;
    2282 : 00000000;
    2283 : 00000000;
    2284 : 00000000;
    2285 : 00000000;
    2286 : 00000000;
    2287 : 00000000;
    2288 : 00000000;
    2289 : 00000000;
    228A : 00000000;
    228B : 00000000;
    228C : 00000000;
    228D : 00000000;
    228E : 00000000;
    228F : 00000000;
    2290 : 00000000;
    2291 : 00000000;
    2292 : 00000000;
    2293 : 00000000;
    2294 : 00000000;
    2295 : 00000000;
    2296 : 00000000;
    2297 : 00000000;
    2298 : 00000000;
    2299 : 00000000;
    229A : 00000000;
    229B : 00000000;
    229C : 00000000;
    229D : 00000000;
    229E : 00000000;
    229F : 00000000;
    22A0 : 00000000;
    22A1 : 00000000;
    22A2 : 00000000;
    22A3 : 00000000;
    22A4 : 00000000;
    22A5 : 00000000;
    22A6 : 00000000;
    22A7 : 00000000;
    22A8 : 00000000;
    22A9 : 00000000;
    22AA : 00000000;
    22AB : 00000000;
    22AC : 00000000;
    22AD : 00000000;
    22AE : 00000000;
    22AF : 00000000;
    22B0 : 00000000;
    22B1 : 00000000;
    22B2 : 00000000;
    22B3 : 00000000;
    22B4 : 00000000;
    22B5 : 00000000;
    22B6 : 00000000;
    22B7 : 00000000;
    22B8 : 00000000;
    22B9 : 00000000;
    22BA : 00000000;
    22BB : 00000000;
    22BC : 00000000;
    22BD : 00000000;
    22BE : 00000000;
    22BF : 00000000;
    22C0 : 00000000;
    22C1 : 00000000;
    22C2 : 00000000;
    22C3 : 00000000;
    22C4 : 00000000;
    22C5 : 00000000;
    22C6 : 00000000;
    22C7 : 00000000;
    22C8 : 00000000;
    22C9 : 00000000;
    22CA : 00000000;
    22CB : 00000000;
    22CC : 00000000;
    22CD : 00000000;
    22CE : 00000000;
    22CF : 00000000;
    22D0 : 00000000;
    22D1 : 00000000;
    22D2 : 00000000;
    22D3 : 00000000;
    22D4 : 00000000;
    22D5 : 00000000;
    22D6 : 00000000;
    22D7 : 00000000;
    22D8 : 00000000;
    22D9 : 00000000;
    22DA : 00000000;
    22DB : 00000000;
    22DC : 00000000;
    22DD : 00000000;
    22DE : 00000000;
    22DF : 00000000;
    22E0 : 00000000;
    22E1 : 00000000;
    22E2 : 00000000;
    22E3 : 00000000;
    22E4 : 00000000;
    22E5 : 00000000;
    22E6 : 00000000;
    22E7 : 00000000;
    22E8 : 00000000;
    22E9 : 00000000;
    22EA : 00000000;
    22EB : 00000000;
    22EC : 00000000;
    22ED : 00000000;
    22EE : 00000000;
    22EF : 00000000;
    22F0 : 00000000;
    22F1 : 00000000;
    22F2 : 00000000;
    22F3 : 00000000;
    22F4 : 00000000;
    22F5 : 00000000;
    22F6 : 00000000;
    22F7 : 00000000;
    22F8 : 00000000;
    22F9 : 00000000;
    22FA : 00000000;
    22FB : 00000000;
    22FC : 00000000;
    22FD : 00000000;
    22FE : 00000000;
    22FF : 00000000;
    2300 : 00000000;
    2301 : 00000000;
    2302 : 00000000;
    2303 : 00000000;
    2304 : 00000000;
    2305 : 00000000;
    2306 : 00000000;
    2307 : 00000000;
    2308 : 00000000;
    2309 : 00000000;
    230A : 00000000;
    230B : 00000000;
    230C : 00000000;
    230D : 00000000;
    230E : 00000000;
    230F : 00000000;
    2310 : 00000000;
    2311 : 00000000;
    2312 : 00000000;
    2313 : 00000000;
    2314 : 00000000;
    2315 : 00000000;
    2316 : 00000000;
    2317 : 00000000;
    2318 : 00000000;
    2319 : 00000000;
    231A : 00000000;
    231B : 00000000;
    231C : 00000000;
    231D : 00000000;
    231E : 00000000;
    231F : 00000000;
    2320 : 00000000;
    2321 : 00000000;
    2322 : 00000000;
    2323 : 00000000;
    2324 : 00000000;
    2325 : 00000000;
    2326 : 00000000;
    2327 : 00000000;
    2328 : 00000000;
    2329 : 00000000;
    232A : 00000000;
    232B : 00000000;
    232C : 00000000;
    232D : 00000000;
    232E : 00000000;
    232F : 00000000;
    2330 : 00000000;
    2331 : 00000000;
    2332 : 00000000;
    2333 : 00000000;
    2334 : 00000000;
    2335 : 00000000;
    2336 : 00000000;
    2337 : 00000000;
    2338 : 00000000;
    2339 : 00000000;
    233A : 00000000;
    233B : 00000000;
    233C : 00000000;
    233D : 00000000;
    233E : 00000000;
    233F : 00000000;
    2340 : 00000000;
    2341 : 00000000;
    2342 : 00000000;
    2343 : 00000000;
    2344 : 00000000;
    2345 : 00000000;
    2346 : 00000000;
    2347 : 00000000;
    2348 : 00000000;
    2349 : 00000000;
    234A : 00000000;
    234B : 00000000;
    234C : 00000000;
    234D : 00000000;
    234E : 00000000;
    234F : 00000000;
    2350 : 00000000;
    2351 : 00000000;
    2352 : 00000000;
    2353 : 00000000;
    2354 : 00000000;
    2355 : 00000000;
    2356 : 00000000;
    2357 : 00000000;
    2358 : 00000000;
    2359 : 00000000;
    235A : 00000000;
    235B : 00000000;
    235C : 00000000;
    235D : 00000000;
    235E : 00000000;
    235F : 00000000;
    2360 : 00000000;
    2361 : 00000000;
    2362 : 00000000;
    2363 : 00000000;
    2364 : 00000000;
    2365 : 00000000;
    2366 : 00000000;
    2367 : 00000000;
    2368 : 00000000;
    2369 : 00000000;
    236A : 00000000;
    236B : 00000000;
    236C : 00000000;
    236D : 00000000;
    236E : 00000000;
    236F : 00000000;
    2370 : 00000000;
    2371 : 00000000;
    2372 : 00000000;
    2373 : 00000000;
    2374 : 00000000;
    2375 : 00000000;
    2376 : 00000000;
    2377 : 00000000;
    2378 : 00000000;
    2379 : 00000000;
    237A : 00000000;
    237B : 00000000;
    237C : 00000000;
    237D : 00000000;
    237E : 00000000;
    237F : 00000000;
    2380 : 00000000;
    2381 : 00000000;
    2382 : 00000000;
    2383 : 00000000;
    2384 : 00000000;
    2385 : 00000000;
    2386 : 00000000;
    2387 : 00000000;
    2388 : 00000000;
    2389 : 00000000;
    238A : 00000000;
    238B : 00000000;
    238C : 00000000;
    238D : 00000000;
    238E : 00000000;
    238F : 00000000;
    2390 : 00000000;
    2391 : 00000000;
    2392 : 00000000;
    2393 : 00000000;
    2394 : 00000000;
    2395 : 00000000;
    2396 : 00000000;
    2397 : 00000000;
    2398 : 00000000;
    2399 : 00000000;
    239A : 00000000;
    239B : 00000000;
    239C : 00000000;
    239D : 00000000;
    239E : 00000000;
    239F : 00000000;
    23A0 : 00000000;
    23A1 : 00000000;
    23A2 : 00000000;
    23A3 : 00000000;
    23A4 : 00000000;
    23A5 : 00000000;
    23A6 : 00000000;
    23A7 : 00000000;
    23A8 : 00000000;
    23A9 : 00000000;
    23AA : 00000000;
    23AB : 00000000;
    23AC : 00000000;
    23AD : 00000000;
    23AE : 00000000;
    23AF : 00000000;
    23B0 : 00000000;
    23B1 : 00000000;
    23B2 : 00000000;
    23B3 : 00000000;
    23B4 : 00000000;
    23B5 : 00000000;
    23B6 : 00000000;
    23B7 : 00000000;
    23B8 : 00000000;
    23B9 : 00000000;
    23BA : 00000000;
    23BB : 00000000;
    23BC : 00000000;
    23BD : 00000000;
    23BE : 00000000;
    23BF : 00000000;
    23C0 : 00000000;
    23C1 : 00000000;
    23C2 : 00000000;
    23C3 : 00000000;
    23C4 : 00000000;
    23C5 : 00000000;
    23C6 : 00000000;
    23C7 : 00000000;
    23C8 : 00000000;
    23C9 : 00000000;
    23CA : 00000000;
    23CB : 00000000;
    23CC : 00000000;
    23CD : 00000000;
    23CE : 00000000;
    23CF : 00000000;
    23D0 : 00000000;
    23D1 : 00000000;
    23D2 : 00000000;
    23D3 : 00000000;
    23D4 : 00000000;
    23D5 : 00000000;
    23D6 : 00000000;
    23D7 : 00000000;
    23D8 : 00000000;
    23D9 : 00000000;
    23DA : 00000000;
    23DB : 00000000;
    23DC : 00000000;
    23DD : 00000000;
    23DE : 00000000;
    23DF : 00000000;
    23E0 : 00000000;
    23E1 : 00000000;
    23E2 : 00000000;
    23E3 : 00000000;
    23E4 : 00000000;
    23E5 : 00000000;
    23E6 : 00000000;
    23E7 : 00000000;
    23E8 : 00000000;
    23E9 : 00000000;
    23EA : 00000000;
    23EB : 00000000;
    23EC : 00000000;
    23ED : 00000000;
    23EE : 00000000;
    23EF : 00000000;
    23F0 : 00000000;
    23F1 : 00000000;
    23F2 : 00000000;
    23F3 : 00000000;
    23F4 : 00000000;
    23F5 : 00000000;
    23F6 : 00000000;
    23F7 : 00000000;
    23F8 : 00000000;
    23F9 : 00000000;
    23FA : 00000000;
    23FB : 00000000;
    23FC : 00000000;
    23FD : 00000000;
    23FE : 00000000;
    23FF : 00000000;
    2400 : 00000000;
    2401 : 00000000;
    2402 : 00000000;
    2403 : 00000000;
    2404 : 00000000;
    2405 : 00000000;
    2406 : 00000000;
    2407 : 00000000;
    2408 : 00000000;
    2409 : 00000000;
    240A : 00000000;
    240B : 00000000;
    240C : 00000000;
    240D : 00000000;
    240E : 00000000;
    240F : 00000000;
    2410 : 00000000;
    2411 : 00000000;
    2412 : 00000000;
    2413 : 00000000;
    2414 : 00000000;
    2415 : 00000000;
    2416 : 00000000;
    2417 : 00000000;
    2418 : 00000000;
    2419 : 00000000;
    241A : 00000000;
    241B : 00000000;
    241C : 00000000;
    241D : 00000000;
    241E : 00000000;
    241F : 00000000;
    2420 : 00000000;
    2421 : 00000000;
    2422 : 00000000;
    2423 : 00000000;
    2424 : 00000000;
    2425 : 00000000;
    2426 : 00000000;
    2427 : 00000000;
    2428 : 00000000;
    2429 : 00000000;
    242A : 00000000;
    242B : 00000000;
    242C : 00000000;
    242D : 00000000;
    242E : 00000000;
    242F : 00000000;
    2430 : 00000000;
    2431 : 00000000;
    2432 : 00000000;
    2433 : 00000000;
    2434 : 00000000;
    2435 : 00000000;
    2436 : 00000000;
    2437 : 00000000;
    2438 : 00000000;
    2439 : 00000000;
    243A : 00000000;
    243B : 00000000;
    243C : 00000000;
    243D : 00000000;
    243E : 00000000;
    243F : 00000000;
    2440 : 00000000;
    2441 : 00000000;
    2442 : 00000000;
    2443 : 00000000;
    2444 : 00000000;
    2445 : 00000000;
    2446 : 00000000;
    2447 : 00000000;
    2448 : 00000000;
    2449 : 00000000;
    244A : 00000000;
    244B : 00000000;
    244C : 00000000;
    244D : 00000000;
    244E : 00000000;
    244F : 00000000;
    2450 : 00000000;
    2451 : 00000000;
    2452 : 00000000;
    2453 : 00000000;
    2454 : 00000000;
    2455 : 00000000;
    2456 : 00000000;
    2457 : 00000000;
    2458 : 00000000;
    2459 : 00000000;
    245A : 00000000;
    245B : 00000000;
    245C : 00000000;
    245D : 00000000;
    245E : 00000000;
    245F : 00000000;
    2460 : 00000000;
    2461 : 00000000;
    2462 : 00000000;
    2463 : 00000000;
    2464 : 00000000;
    2465 : 00000000;
    2466 : 00000000;
    2467 : 00000000;
    2468 : 00000000;
    2469 : 00000000;
    246A : 00000000;
    246B : 00000000;
    246C : 00000000;
    246D : 00000000;
    246E : 00000000;
    246F : 00000000;
    2470 : 00000000;
    2471 : 00000000;
    2472 : 00000000;
    2473 : 00000000;
    2474 : 00000000;
    2475 : 00000000;
    2476 : 00000000;
    2477 : 00000000;
    2478 : 00000000;
    2479 : 00000000;
    247A : 00000000;
    247B : 00000000;
    247C : 00000000;
    247D : 00000000;
    247E : 00000000;
    247F : 00000000;
    2480 : 00000000;
    2481 : 00000000;
    2482 : 00000000;
    2483 : 00000000;
    2484 : 00000000;
    2485 : 00000000;
    2486 : 00000000;
    2487 : 00000000;
    2488 : 00000000;
    2489 : 00000000;
    248A : 00000000;
    248B : 00000000;
    248C : 00000000;
    248D : 00000000;
    248E : 00000000;
    248F : 00000000;
    2490 : 00000000;
    2491 : 00000000;
    2492 : 00000000;
    2493 : 00000000;
    2494 : 00000000;
    2495 : 00000000;
    2496 : 00000000;
    2497 : 00000000;
    2498 : 00000000;
    2499 : 00000000;
    249A : 00000000;
    249B : 00000000;
    249C : 00000000;
    249D : 00000000;
    249E : 00000000;
    249F : 00000000;
    24A0 : 00000000;
    24A1 : 00000000;
    24A2 : 00000000;
    24A3 : 00000000;
    24A4 : 00000000;
    24A5 : 00000000;
    24A6 : 00000000;
    24A7 : 00000000;
    24A8 : 00000000;
    24A9 : 00000000;
    24AA : 00000000;
    24AB : 00000000;
    24AC : 00000000;
    24AD : 00000000;
    24AE : 00000000;
    24AF : 00000000;
    24B0 : 00000000;
    24B1 : 00000000;
    24B2 : 00000000;
    24B3 : 00000000;
    24B4 : 00000000;
    24B5 : 00000000;
    24B6 : 00000000;
    24B7 : 00000000;
    24B8 : 00000000;
    24B9 : 00000000;
    24BA : 00000000;
    24BB : 00000000;
    24BC : 00000000;
    24BD : 00000000;
    24BE : 00000000;
    24BF : 00000000;
    24C0 : 00000000;
    24C1 : 00000000;
    24C2 : 00000000;
    24C3 : 00000000;
    24C4 : 00000000;
    24C5 : 00000000;
    24C6 : 00000000;
    24C7 : 00000000;
    24C8 : 00000000;
    24C9 : 00000000;
    24CA : 00000000;
    24CB : 00000000;
    24CC : 00000000;
    24CD : 00000000;
    24CE : 00000000;
    24CF : 00000000;
    24D0 : 00000000;
    24D1 : 00000000;
    24D2 : 00000000;
    24D3 : 00000000;
    24D4 : 00000000;
    24D5 : 00000000;
    24D6 : 00000000;
    24D7 : 00000000;
    24D8 : 00000000;
    24D9 : 00000000;
    24DA : 00000000;
    24DB : 00000000;
    24DC : 00000000;
    24DD : 00000000;
    24DE : 00000000;
    24DF : 00000000;
    24E0 : 00000000;
    24E1 : 00000000;
    24E2 : 00000000;
    24E3 : 00000000;
    24E4 : 00000000;
    24E5 : 00000000;
    24E6 : 00000000;
    24E7 : 00000000;
    24E8 : 00000000;
    24E9 : 00000000;
    24EA : 00000000;
    24EB : 00000000;
    24EC : 00000000;
    24ED : 00000000;
    24EE : 00000000;
    24EF : 00000000;
    24F0 : 00000000;
    24F1 : 00000000;
    24F2 : 00000000;
    24F3 : 00000000;
    24F4 : 00000000;
    24F5 : 00000000;
    24F6 : 00000000;
    24F7 : 00000000;
    24F8 : 00000000;
    24F9 : 00000000;
    24FA : 00000000;
    24FB : 00000000;
    24FC : 00000000;
    24FD : 00000000;
    24FE : 00000000;
    24FF : 00000000;
    2500 : 00000000;
    2501 : 00000000;
    2502 : 00000000;
    2503 : 00000000;
    2504 : 00000000;
    2505 : 00000000;
    2506 : 00000000;
    2507 : 00000000;
    2508 : 00000000;
    2509 : 00000000;
    250A : 00000000;
    250B : 00000000;
    250C : 00000000;
    250D : 00000000;
    250E : 00000000;
    250F : 00000000;
    2510 : 00000000;
    2511 : 00000000;
    2512 : 00000000;
    2513 : 00000000;
    2514 : 00000000;
    2515 : 00000000;
    2516 : 00000000;
    2517 : 00000000;
    2518 : 00000000;
    2519 : 00000000;
    251A : 00000000;
    251B : 00000000;
    251C : 00000000;
    251D : 00000000;
    251E : 00000000;
    251F : 00000000;
    2520 : 00000000;
    2521 : 00000000;
    2522 : 00000000;
    2523 : 00000000;
    2524 : 00000000;
    2525 : 00000000;
    2526 : 00000000;
    2527 : 00000000;
    2528 : 00000000;
    2529 : 00000000;
    252A : 00000000;
    252B : 00000000;
    252C : 00000000;
    252D : 00000000;
    252E : 00000000;
    252F : 00000000;
    2530 : 00000000;
    2531 : 00000000;
    2532 : 00000000;
    2533 : 00000000;
    2534 : 00000000;
    2535 : 00000000;
    2536 : 00000000;
    2537 : 00000000;
    2538 : 00000000;
    2539 : 00000000;
    253A : 00000000;
    253B : 00000000;
    253C : 00000000;
    253D : 00000000;
    253E : 00000000;
    253F : 00000000;
    2540 : 00000000;
    2541 : 00000000;
    2542 : 00000000;
    2543 : 00000000;
    2544 : 00000000;
    2545 : 00000000;
    2546 : 00000000;
    2547 : 00000000;
    2548 : 00000000;
    2549 : 00000000;
    254A : 00000000;
    254B : 00000000;
    254C : 00000000;
    254D : 00000000;
    254E : 00000000;
    254F : 00000000;
    2550 : 00000000;
    2551 : 00000000;
    2552 : 00000000;
    2553 : 00000000;
    2554 : 00000000;
    2555 : 00000000;
    2556 : 00000000;
    2557 : 00000000;
    2558 : 00000000;
    2559 : 00000000;
    255A : 00000000;
    255B : 00000000;
    255C : 00000000;
    255D : 00000000;
    255E : 00000000;
    255F : 00000000;
    2560 : 00000000;
    2561 : 00000000;
    2562 : 00000000;
    2563 : 00000000;
    2564 : 00000000;
    2565 : 00000000;
    2566 : 00000000;
    2567 : 00000000;
    2568 : 00000000;
    2569 : 00000000;
    256A : 00000000;
    256B : 00000000;
    256C : 00000000;
    256D : 00000000;
    256E : 00000000;
    256F : 00000000;
    2570 : 00000000;
    2571 : 00000000;
    2572 : 00000000;
    2573 : 00000000;
    2574 : 00000000;
    2575 : 00000000;
    2576 : 00000000;
    2577 : 00000000;
    2578 : 00000000;
    2579 : 00000000;
    257A : 00000000;
    257B : 00000000;
    257C : 00000000;
    257D : 00000000;
    257E : 00000000;
    257F : 00000000;
    2580 : 00000000;
    2581 : 00000000;
    2582 : 00000000;
    2583 : 00000000;
    2584 : 00000000;
    2585 : 00000000;
    2586 : 00000000;
    2587 : 00000000;
    2588 : 00000000;
    2589 : 00000000;
    258A : 00000000;
    258B : 00000000;
    258C : 00000000;
    258D : 00000000;
    258E : 00000000;
    258F : 00000000;
    2590 : 00000000;
    2591 : 00000000;
    2592 : 00000000;
    2593 : 00000000;
    2594 : 00000000;
    2595 : 00000000;
    2596 : 00000000;
    2597 : 00000000;
    2598 : 00000000;
    2599 : 00000000;
    259A : 00000000;
    259B : 00000000;
    259C : 00000000;
    259D : 00000000;
    259E : 00000000;
    259F : 00000000;
    25A0 : 00000000;
    25A1 : 00000000;
    25A2 : 00000000;
    25A3 : 00000000;
    25A4 : 00000000;
    25A5 : 00000000;
    25A6 : 00000000;
    25A7 : 00000000;
    25A8 : 00000000;
    25A9 : 00000000;
    25AA : 00000000;
    25AB : 00000000;
    25AC : 00000000;
    25AD : 00000000;
    25AE : 00000000;
    25AF : 00000000;
    25B0 : 00000000;
    25B1 : 00000000;
    25B2 : 00000000;
    25B3 : 00000000;
    25B4 : 00000000;
    25B5 : 00000000;
    25B6 : 00000000;
    25B7 : 00000000;
    25B8 : 00000000;
    25B9 : 00000000;
    25BA : 00000000;
    25BB : 00000000;
    25BC : 00000000;
    25BD : 00000000;
    25BE : 00000000;
    25BF : 00000000;
    25C0 : 00000000;
    25C1 : 00000000;
    25C2 : 00000000;
    25C3 : 00000000;
    25C4 : 00000000;
    25C5 : 00000000;
    25C6 : 00000000;
    25C7 : 00000000;
    25C8 : 00000000;
    25C9 : 00000000;
    25CA : 00000000;
    25CB : 00000000;
    25CC : 00000000;
    25CD : 00000000;
    25CE : 00000000;
    25CF : 00000000;
    25D0 : 00000000;
    25D1 : 00000000;
    25D2 : 00000000;
    25D3 : 00000000;
    25D4 : 00000000;
    25D5 : 00000000;
    25D6 : 00000000;
    25D7 : 00000000;
    25D8 : 00000000;
    25D9 : 00000000;
    25DA : 00000000;
    25DB : 00000000;
    25DC : 00000000;
    25DD : 00000000;
    25DE : 00000000;
    25DF : 00000000;
    25E0 : 00000000;
    25E1 : 00000000;
    25E2 : 00000000;
    25E3 : 00000000;
    25E4 : 00000000;
    25E5 : 00000000;
    25E6 : 00000000;
    25E7 : 00000000;
    25E8 : 00000000;
    25E9 : 00000000;
    25EA : 00000000;
    25EB : 00000000;
    25EC : 00000000;
    25ED : 00000000;
    25EE : 00000000;
    25EF : 00000000;
    25F0 : 00000000;
    25F1 : 00000000;
    25F2 : 00000000;
    25F3 : 00000000;
    25F4 : 00000000;
    25F5 : 00000000;
    25F6 : 00000000;
    25F7 : 00000000;
    25F8 : 00000000;
    25F9 : 00000000;
    25FA : 00000000;
    25FB : 00000000;
    25FC : 00000000;
    25FD : 00000000;
    25FE : 00000000;
    25FF : 00000000;
    2600 : 00000000;
    2601 : 00000000;
    2602 : 00000000;
    2603 : 00000000;
    2604 : 00000000;
    2605 : 00000000;
    2606 : 00000000;
    2607 : 00000000;
    2608 : 00000000;
    2609 : 00000000;
    260A : 00000000;
    260B : 00000000;
    260C : 00000000;
    260D : 00000000;
    260E : 00000000;
    260F : 00000000;
    2610 : 00000000;
    2611 : 00000000;
    2612 : 00000000;
    2613 : 00000000;
    2614 : 00000000;
    2615 : 00000000;
    2616 : 00000000;
    2617 : 00000000;
    2618 : 00000000;
    2619 : 00000000;
    261A : 00000000;
    261B : 00000000;
    261C : 00000000;
    261D : 00000000;
    261E : 00000000;
    261F : 00000000;
    2620 : 00000000;
    2621 : 00000000;
    2622 : 00000000;
    2623 : 00000000;
    2624 : 00000000;
    2625 : 00000000;
    2626 : 00000000;
    2627 : 00000000;
    2628 : 00000000;
    2629 : 00000000;
    262A : 00000000;
    262B : 00000000;
    262C : 00000000;
    262D : 00000000;
    262E : 00000000;
    262F : 00000000;
    2630 : 00000000;
    2631 : 00000000;
    2632 : 00000000;
    2633 : 00000000;
    2634 : 00000000;
    2635 : 00000000;
    2636 : 00000000;
    2637 : 00000000;
    2638 : 00000000;
    2639 : 00000000;
    263A : 00000000;
    263B : 00000000;
    263C : 00000000;
    263D : 00000000;
    263E : 00000000;
    263F : 00000000;
    2640 : 00000000;
    2641 : 00000000;
    2642 : 00000000;
    2643 : 00000000;
    2644 : 00000000;
    2645 : 00000000;
    2646 : 00000000;
    2647 : 00000000;
    2648 : 00000000;
    2649 : 00000000;
    264A : 00000000;
    264B : 00000000;
    264C : 00000000;
    264D : 00000000;
    264E : 00000000;
    264F : 00000000;
    2650 : 00000000;
    2651 : 00000000;
    2652 : 00000000;
    2653 : 00000000;
    2654 : 00000000;
    2655 : 00000000;
    2656 : 00000000;
    2657 : 00000000;
    2658 : 00000000;
    2659 : 00000000;
    265A : 00000000;
    265B : 00000000;
    265C : 00000000;
    265D : 00000000;
    265E : 00000000;
    265F : 00000000;
    2660 : 00000000;
    2661 : 00000000;
    2662 : 00000000;
    2663 : 00000000;
    2664 : 00000000;
    2665 : 00000000;
    2666 : 00000000;
    2667 : 00000000;
    2668 : 00000000;
    2669 : 00000000;
    266A : 00000000;
    266B : 00000000;
    266C : 00000000;
    266D : 00000000;
    266E : 00000000;
    266F : 00000000;
    2670 : 00000000;
    2671 : 00000000;
    2672 : 00000000;
    2673 : 00000000;
    2674 : 00000000;
    2675 : 00000000;
    2676 : 00000000;
    2677 : 00000000;
    2678 : 00000000;
    2679 : 00000000;
    267A : 00000000;
    267B : 00000000;
    267C : 00000000;
    267D : 00000000;
    267E : 00000000;
    267F : 00000000;
    2680 : 00000000;
    2681 : 00000000;
    2682 : 00000000;
    2683 : 00000000;
    2684 : 00000000;
    2685 : 00000000;
    2686 : 00000000;
    2687 : 00000000;
    2688 : 00000000;
    2689 : 00000000;
    268A : 00000000;
    268B : 00000000;
    268C : 00000000;
    268D : 00000000;
    268E : 00000000;
    268F : 00000000;
    2690 : 00000000;
    2691 : 00000000;
    2692 : 00000000;
    2693 : 00000000;
    2694 : 00000000;
    2695 : 00000000;
    2696 : 00000000;
    2697 : 00000000;
    2698 : 00000000;
    2699 : 00000000;
    269A : 00000000;
    269B : 00000000;
    269C : 00000000;
    269D : 00000000;
    269E : 00000000;
    269F : 00000000;
    26A0 : 00000000;
    26A1 : 00000000;
    26A2 : 00000000;
    26A3 : 00000000;
    26A4 : 00000000;
    26A5 : 00000000;
    26A6 : 00000000;
    26A7 : 00000000;
    26A8 : 00000000;
    26A9 : 00000000;
    26AA : 00000000;
    26AB : 00000000;
    26AC : 00000000;
    26AD : 00000000;
    26AE : 00000000;
    26AF : 00000000;
    26B0 : 00000000;
    26B1 : 00000000;
    26B2 : 00000000;
    26B3 : 00000000;
    26B4 : 00000000;
    26B5 : 00000000;
    26B6 : 00000000;
    26B7 : 00000000;
    26B8 : 00000000;
    26B9 : 00000000;
    26BA : 00000000;
    26BB : 00000000;
    26BC : 00000000;
    26BD : 00000000;
    26BE : 00000000;
    26BF : 00000000;
    26C0 : 00000000;
    26C1 : 00000000;
    26C2 : 00000000;
    26C3 : 00000000;
    26C4 : 00000000;
    26C5 : 00000000;
    26C6 : 00000000;
    26C7 : 00000000;
    26C8 : 00000000;
    26C9 : 00000000;
    26CA : 00000000;
    26CB : 00000000;
    26CC : 00000000;
    26CD : 00000000;
    26CE : 00000000;
    26CF : 00000000;
    26D0 : 00000000;
    26D1 : 00000000;
    26D2 : 00000000;
    26D3 : 00000000;
    26D4 : 00000000;
    26D5 : 00000000;
    26D6 : 00000000;
    26D7 : 00000000;
    26D8 : 00000000;
    26D9 : 00000000;
    26DA : 00000000;
    26DB : 00000000;
    26DC : 00000000;
    26DD : 00000000;
    26DE : 00000000;
    26DF : 00000000;
    26E0 : 00000000;
    26E1 : 00000000;
    26E2 : 00000000;
    26E3 : 00000000;
    26E4 : 00000000;
    26E5 : 00000000;
    26E6 : 00000000;
    26E7 : 00000000;
    26E8 : 00000000;
    26E9 : 00000000;
    26EA : 00000000;
    26EB : 00000000;
    26EC : 00000000;
    26ED : 00000000;
    26EE : 00000000;
    26EF : 00000000;
    26F0 : 00000000;
    26F1 : 00000000;
    26F2 : 00000000;
    26F3 : 00000000;
    26F4 : 00000000;
    26F5 : 00000000;
    26F6 : 00000000;
    26F7 : 00000000;
    26F8 : 00000000;
    26F9 : 00000000;
    26FA : 00000000;
    26FB : 00000000;
    26FC : 00000000;
    26FD : 00000000;
    26FE : 00000000;
    26FF : 00000000;
    2700 : 00000000;
    2701 : 00000000;
    2702 : 00000000;
    2703 : 00000000;
    2704 : 00000000;
    2705 : 00000000;
    2706 : 00000000;
    2707 : 00000000;
    2708 : 00000000;
    2709 : 00000000;
    270A : 00000000;
    270B : 00000000;
    270C : 00000000;
    270D : 00000000;
    270E : 00000000;
    270F : 00000000;
    2710 : 00000000;
    2711 : 00000000;
    2712 : 00000000;
    2713 : 00000000;
    2714 : 00000000;
    2715 : 00000000;
    2716 : 00000000;
    2717 : 00000000;
    2718 : 00000000;
    2719 : 00000000;
    271A : 00000000;
    271B : 00000000;
    271C : 00000000;
    271D : 00000000;
    271E : 00000000;
    271F : 00000000;
    2720 : 00000000;
    2721 : 00000000;
    2722 : 00000000;
    2723 : 00000000;
    2724 : 00000000;
    2725 : 00000000;
    2726 : 00000000;
    2727 : 00000000;
    2728 : 00000000;
    2729 : 00000000;
    272A : 00000000;
    272B : 00000000;
    272C : 00000000;
    272D : 00000000;
    272E : 00000000;
    272F : 00000000;
    2730 : 00000000;
    2731 : 00000000;
    2732 : 00000000;
    2733 : 00000000;
    2734 : 00000000;
    2735 : 00000000;
    2736 : 00000000;
    2737 : 00000000;
    2738 : 00000000;
    2739 : 00000000;
    273A : 00000000;
    273B : 00000000;
    273C : 00000000;
    273D : 00000000;
    273E : 00000000;
    273F : 00000000;
    2740 : 00000000;
    2741 : 00000000;
    2742 : 00000000;
    2743 : 00000000;
    2744 : 00000000;
    2745 : 00000000;
    2746 : 00000000;
    2747 : 00000000;
    2748 : 00000000;
    2749 : 00000000;
    274A : 00000000;
    274B : 00000000;
    274C : 00000000;
    274D : 00000000;
    274E : 00000000;
    274F : 00000000;
    2750 : 00000000;
    2751 : 00000000;
    2752 : 00000000;
    2753 : 00000000;
    2754 : 00000000;
    2755 : 00000000;
    2756 : 00000000;
    2757 : 00000000;
    2758 : 00000000;
    2759 : 00000000;
    275A : 00000000;
    275B : 00000000;
    275C : 00000000;
    275D : 00000000;
    275E : 00000000;
    275F : 00000000;
    2760 : 00000000;
    2761 : 00000000;
    2762 : 00000000;
    2763 : 00000000;
    2764 : 00000000;
    2765 : 00000000;
    2766 : 00000000;
    2767 : 00000000;
    2768 : 00000000;
    2769 : 00000000;
    276A : 00000000;
    276B : 00000000;
    276C : 00000000;
    276D : 00000000;
    276E : 00000000;
    276F : 00000000;
    2770 : 00000000;
    2771 : 00000000;
    2772 : 00000000;
    2773 : 00000000;
    2774 : 00000000;
    2775 : 00000000;
    2776 : 00000000;
    2777 : 00000000;
    2778 : 00000000;
    2779 : 00000000;
    277A : 00000000;
    277B : 00000000;
    277C : 00000000;
    277D : 00000000;
    277E : 00000000;
    277F : 00000000;
    2780 : 00000000;
    2781 : 00000000;
    2782 : 00000000;
    2783 : 00000000;
    2784 : 00000000;
    2785 : 00000000;
    2786 : 00000000;
    2787 : 00000000;
    2788 : 00000000;
    2789 : 00000000;
    278A : 00000000;
    278B : 00000000;
    278C : 00000000;
    278D : 00000000;
    278E : 00000000;
    278F : 00000000;
    2790 : 00000000;
    2791 : 00000000;
    2792 : 00000000;
    2793 : 00000000;
    2794 : 00000000;
    2795 : 00000000;
    2796 : 00000000;
    2797 : 00000000;
    2798 : 00000000;
    2799 : 00000000;
    279A : 00000000;
    279B : 00000000;
    279C : 00000000;
    279D : 00000000;
    279E : 00000000;
    279F : 00000000;
    27A0 : 00000000;
    27A1 : 00000000;
    27A2 : 00000000;
    27A3 : 00000000;
    27A4 : 00000000;
    27A5 : 00000000;
    27A6 : 00000000;
    27A7 : 00000000;
    27A8 : 00000000;
    27A9 : 00000000;
    27AA : 00000000;
    27AB : 00000000;
    27AC : 00000000;
    27AD : 00000000;
    27AE : 00000000;
    27AF : 00000000;
    27B0 : 00000000;
    27B1 : 00000000;
    27B2 : 00000000;
    27B3 : 00000000;
    27B4 : 00000000;
    27B5 : 00000000;
    27B6 : 00000000;
    27B7 : 00000000;
    27B8 : 00000000;
    27B9 : 00000000;
    27BA : 00000000;
    27BB : 00000000;
    27BC : 00000000;
    27BD : 00000000;
    27BE : 00000000;
    27BF : 00000000;
    27C0 : 00000000;
    27C1 : 00000000;
    27C2 : 00000000;
    27C3 : 00000000;
    27C4 : 00000000;
    27C5 : 00000000;
    27C6 : 00000000;
    27C7 : 00000000;
    27C8 : 00000000;
    27C9 : 00000000;
    27CA : 00000000;
    27CB : 00000000;
    27CC : 00000000;
    27CD : 00000000;
    27CE : 00000000;
    27CF : 00000000;
    27D0 : 00000000;
    27D1 : 00000000;
    27D2 : 00000000;
    27D3 : 00000000;
    27D4 : 00000000;
    27D5 : 00000000;
    27D6 : 00000000;
    27D7 : 00000000;
    27D8 : 00000000;
    27D9 : 00000000;
    27DA : 00000000;
    27DB : 00000000;
    27DC : 00000000;
    27DD : 00000000;
    27DE : 00000000;
    27DF : 00000000;
    27E0 : 00000000;
    27E1 : 00000000;
    27E2 : 00000000;
    27E3 : 00000000;
    27E4 : 00000000;
    27E5 : 00000000;
    27E6 : 00000000;
    27E7 : 00000000;
    27E8 : 00000000;
    27E9 : 00000000;
    27EA : 00000000;
    27EB : 00000000;
    27EC : 00000000;
    27ED : 00000000;
    27EE : 00000000;
    27EF : 00000000;
    27F0 : 00000000;
    27F1 : 00000000;
    27F2 : 00000000;
    27F3 : 00000000;
    27F4 : 00000000;
    27F5 : 00000000;
    27F6 : 00000000;
    27F7 : 00000000;
    27F8 : 00000000;
    27F9 : 00000000;
    27FA : 00000000;
    27FB : 00000000;
    27FC : 00000000;
    27FD : 00000000;
    27FE : 00000000;
    27FF : 00000000;
    2800 : 00000000;
    2801 : 00000000;
    2802 : 00000000;
    2803 : 00000000;
    2804 : 00000000;
    2805 : 00000000;
    2806 : 00000000;
    2807 : 00000000;
    2808 : 00000000;
    2809 : 00000000;
    280A : 00000000;
    280B : 00000000;
    280C : 00000000;
    280D : 00000000;
    280E : 00000000;
    280F : 00000000;
    2810 : 00000000;
    2811 : 00000000;
    2812 : 00000000;
    2813 : 00000000;
    2814 : 00000000;
    2815 : 00000000;
    2816 : 00000000;
    2817 : 00000000;
    2818 : 00000000;
    2819 : 00000000;
    281A : 00000000;
    281B : 00000000;
    281C : 00000000;
    281D : 00000000;
    281E : 00000000;
    281F : 00000000;
    2820 : 00000000;
    2821 : 00000000;
    2822 : 00000000;
    2823 : 00000000;
    2824 : 00000000;
    2825 : 00000000;
    2826 : 00000000;
    2827 : 00000000;
    2828 : 00000000;
    2829 : 00000000;
    282A : 00000000;
    282B : 00000000;
    282C : 00000000;
    282D : 00000000;
    282E : 00000000;
    282F : 00000000;
    2830 : 00000000;
    2831 : 00000000;
    2832 : 00000000;
    2833 : 00000000;
    2834 : 00000000;
    2835 : 00000000;
    2836 : 00000000;
    2837 : 00000000;
    2838 : 00000000;
    2839 : 00000000;
    283A : 00000000;
    283B : 00000000;
    283C : 00000000;
    283D : 00000000;
    283E : 00000000;
    283F : 00000000;
    2840 : 00000000;
    2841 : 00000000;
    2842 : 00000000;
    2843 : 00000000;
    2844 : 00000000;
    2845 : 00000000;
    2846 : 00000000;
    2847 : 00000000;
    2848 : 00000000;
    2849 : 00000000;
    284A : 00000000;
    284B : 00000000;
    284C : 00000000;
    284D : 00000000;
    284E : 00000000;
    284F : 00000000;
    2850 : 00000000;
    2851 : 00000000;
    2852 : 00000000;
    2853 : 00000000;
    2854 : 00000000;
    2855 : 00000000;
    2856 : 00000000;
    2857 : 00000000;
    2858 : 00000000;
    2859 : 00000000;
    285A : 00000000;
    285B : 00000000;
    285C : 00000000;
    285D : 00000000;
    285E : 00000000;
    285F : 00000000;
    2860 : 00000000;
    2861 : 00000000;
    2862 : 00000000;
    2863 : 00000000;
    2864 : 00000000;
    2865 : 00000000;
    2866 : 00000000;
    2867 : 00000000;
    2868 : 00000000;
    2869 : 00000000;
    286A : 00000000;
    286B : 00000000;
    286C : 00000000;
    286D : 00000000;
    286E : 00000000;
    286F : 00000000;
    2870 : 00000000;
    2871 : 00000000;
    2872 : 00000000;
    2873 : 00000000;
    2874 : 00000000;
    2875 : 00000000;
    2876 : 00000000;
    2877 : 00000000;
    2878 : 00000000;
    2879 : 00000000;
    287A : 00000000;
    287B : 00000000;
    287C : 00000000;
    287D : 00000000;
    287E : 00000000;
    287F : 00000000;
    2880 : 00000000;
    2881 : 00000000;
    2882 : 00000000;
    2883 : 00000000;
    2884 : 00000000;
    2885 : 00000000;
    2886 : 00000000;
    2887 : 00000000;
    2888 : 00000000;
    2889 : 00000000;
    288A : 00000000;
    288B : 00000000;
    288C : 00000000;
    288D : 00000000;
    288E : 00000000;
    288F : 00000000;
    2890 : 00000000;
    2891 : 00000000;
    2892 : 00000000;
    2893 : 00000000;
    2894 : 00000000;
    2895 : 00000000;
    2896 : 00000000;
    2897 : 00000000;
    2898 : 00000000;
    2899 : 00000000;
    289A : 00000000;
    289B : 00000000;
    289C : 00000000;
    289D : 00000000;
    289E : 00000000;
    289F : 00000000;
    28A0 : 00000000;
    28A1 : 00000000;
    28A2 : 00000000;
    28A3 : 00000000;
    28A4 : 00000000;
    28A5 : 00000000;
    28A6 : 00000000;
    28A7 : 00000000;
    28A8 : 00000000;
    28A9 : 00000000;
    28AA : 00000000;
    28AB : 00000000;
    28AC : 00000000;
    28AD : 00000000;
    28AE : 00000000;
    28AF : 00000000;
    28B0 : 00000000;
    28B1 : 00000000;
    28B2 : 00000000;
    28B3 : 00000000;
    28B4 : 00000000;
    28B5 : 00000000;
    28B6 : 00000000;
    28B7 : 00000000;
    28B8 : 00000000;
    28B9 : 00000000;
    28BA : 00000000;
    28BB : 00000000;
    28BC : 00000000;
    28BD : 00000000;
    28BE : 00000000;
    28BF : 00000000;
    28C0 : 00000000;
    28C1 : 00000000;
    28C2 : 00000000;
    28C3 : 00000000;
    28C4 : 00000000;
    28C5 : 00000000;
    28C6 : 00000000;
    28C7 : 00000000;
    28C8 : 00000000;
    28C9 : 00000000;
    28CA : 00000000;
    28CB : 00000000;
    28CC : 00000000;
    28CD : 00000000;
    28CE : 00000000;
    28CF : 00000000;
    28D0 : 00000000;
    28D1 : 00000000;
    28D2 : 00000000;
    28D3 : 00000000;
    28D4 : 00000000;
    28D5 : 00000000;
    28D6 : 00000000;
    28D7 : 00000000;
    28D8 : 00000000;
    28D9 : 00000000;
    28DA : 00000000;
    28DB : 00000000;
    28DC : 00000000;
    28DD : 00000000;
    28DE : 00000000;
    28DF : 00000000;
    28E0 : 00000000;
    28E1 : 00000000;
    28E2 : 00000000;
    28E3 : 00000000;
    28E4 : 00000000;
    28E5 : 00000000;
    28E6 : 00000000;
    28E7 : 00000000;
    28E8 : 00000000;
    28E9 : 00000000;
    28EA : 00000000;
    28EB : 00000000;
    28EC : 00000000;
    28ED : 00000000;
    28EE : 00000000;
    28EF : 00000000;
    28F0 : 00000000;
    28F1 : 00000000;
    28F2 : 00000000;
    28F3 : 00000000;
    28F4 : 00000000;
    28F5 : 00000000;
    28F6 : 00000000;
    28F7 : 00000000;
    28F8 : 00000000;
    28F9 : 00000000;
    28FA : 00000000;
    28FB : 00000000;
    28FC : 00000000;
    28FD : 00000000;
    28FE : 00000000;
    28FF : 00000000;
    2900 : 00000000;
    2901 : 00000000;
    2902 : 00000000;
    2903 : 00000000;
    2904 : 00000000;
    2905 : 00000000;
    2906 : 00000000;
    2907 : 00000000;
    2908 : 00000000;
    2909 : 00000000;
    290A : 00000000;
    290B : 00000000;
    290C : 00000000;
    290D : 00000000;
    290E : 00000000;
    290F : 00000000;
    2910 : 00000000;
    2911 : 00000000;
    2912 : 00000000;
    2913 : 00000000;
    2914 : 00000000;
    2915 : 00000000;
    2916 : 00000000;
    2917 : 00000000;
    2918 : 00000000;
    2919 : 00000000;
    291A : 00000000;
    291B : 00000000;
    291C : 00000000;
    291D : 00000000;
    291E : 00000000;
    291F : 00000000;
    2920 : 00000000;
    2921 : 00000000;
    2922 : 00000000;
    2923 : 00000000;
    2924 : 00000000;
    2925 : 00000000;
    2926 : 00000000;
    2927 : 00000000;
    2928 : 00000000;
    2929 : 00000000;
    292A : 00000000;
    292B : 00000000;
    292C : 00000000;
    292D : 00000000;
    292E : 00000000;
    292F : 00000000;
    2930 : 00000000;
    2931 : 00000000;
    2932 : 00000000;
    2933 : 00000000;
    2934 : 00000000;
    2935 : 00000000;
    2936 : 00000000;
    2937 : 00000000;
    2938 : 00000000;
    2939 : 00000000;
    293A : 00000000;
    293B : 00000000;
    293C : 00000000;
    293D : 00000000;
    293E : 00000000;
    293F : 00000000;
    2940 : 00000000;
    2941 : 00000000;
    2942 : 00000000;
    2943 : 00000000;
    2944 : 00000000;
    2945 : 00000000;
    2946 : 00000000;
    2947 : 00000000;
    2948 : 00000000;
    2949 : 00000000;
    294A : 00000000;
    294B : 00000000;
    294C : 00000000;
    294D : 00000000;
    294E : 00000000;
    294F : 00000000;
    2950 : 00000000;
    2951 : 00000000;
    2952 : 00000000;
    2953 : 00000000;
    2954 : 00000000;
    2955 : 00000000;
    2956 : 00000000;
    2957 : 00000000;
    2958 : 00000000;
    2959 : 00000000;
    295A : 00000000;
    295B : 00000000;
    295C : 00000000;
    295D : 00000000;
    295E : 00000000;
    295F : 00000000;
    2960 : 00000000;
    2961 : 00000000;
    2962 : 00000000;
    2963 : 00000000;
    2964 : 00000000;
    2965 : 00000000;
    2966 : 00000000;
    2967 : 00000000;
    2968 : 00000000;
    2969 : 00000000;
    296A : 00000000;
    296B : 00000000;
    296C : 00000000;
    296D : 00000000;
    296E : 00000000;
    296F : 00000000;
    2970 : 00000000;
    2971 : 00000000;
    2972 : 00000000;
    2973 : 00000000;
    2974 : 00000000;
    2975 : 00000000;
    2976 : 00000000;
    2977 : 00000000;
    2978 : 00000000;
    2979 : 00000000;
    297A : 00000000;
    297B : 00000000;
    297C : 00000000;
    297D : 00000000;
    297E : 00000000;
    297F : 00000000;
    2980 : 00000000;
    2981 : 00000000;
    2982 : 00000000;
    2983 : 00000000;
    2984 : 00000000;
    2985 : 00000000;
    2986 : 00000000;
    2987 : 00000000;
    2988 : 00000000;
    2989 : 00000000;
    298A : 00000000;
    298B : 00000000;
    298C : 00000000;
    298D : 00000000;
    298E : 00000000;
    298F : 00000000;
    2990 : 00000000;
    2991 : 00000000;
    2992 : 00000000;
    2993 : 00000000;
    2994 : 00000000;
    2995 : 00000000;
    2996 : 00000000;
    2997 : 00000000;
    2998 : 00000000;
    2999 : 00000000;
    299A : 00000000;
    299B : 00000000;
    299C : 00000000;
    299D : 00000000;
    299E : 00000000;
    299F : 00000000;
    29A0 : 00000000;
    29A1 : 00000000;
    29A2 : 00000000;
    29A3 : 00000000;
    29A4 : 00000000;
    29A5 : 00000000;
    29A6 : 00000000;
    29A7 : 00000000;
    29A8 : 00000000;
    29A9 : 00000000;
    29AA : 00000000;
    29AB : 00000000;
    29AC : 00000000;
    29AD : 00000000;
    29AE : 00000000;
    29AF : 00000000;
    29B0 : 00000000;
    29B1 : 00000000;
    29B2 : 00000000;
    29B3 : 00000000;
    29B4 : 00000000;
    29B5 : 00000000;
    29B6 : 00000000;
    29B7 : 00000000;
    29B8 : 00000000;
    29B9 : 00000000;
    29BA : 00000000;
    29BB : 00000000;
    29BC : 00000000;
    29BD : 00000000;
    29BE : 00000000;
    29BF : 00000000;
    29C0 : 00000000;
    29C1 : 00000000;
    29C2 : 00000000;
    29C3 : 00000000;
    29C4 : 00000000;
    29C5 : 00000000;
    29C6 : 00000000;
    29C7 : 00000000;
    29C8 : 00000000;
    29C9 : 00000000;
    29CA : 00000000;
    29CB : 00000000;
    29CC : 00000000;
    29CD : 00000000;
    29CE : 00000000;
    29CF : 00000000;
    29D0 : 00000000;
    29D1 : 00000000;
    29D2 : 00000000;
    29D3 : 00000000;
    29D4 : 00000000;
    29D5 : 00000000;
    29D6 : 00000000;
    29D7 : 00000000;
    29D8 : 00000000;
    29D9 : 00000000;
    29DA : 00000000;
    29DB : 00000000;
    29DC : 00000000;
    29DD : 00000000;
    29DE : 00000000;
    29DF : 00000000;
    29E0 : 00000000;
    29E1 : 00000000;
    29E2 : 00000000;
    29E3 : 00000000;
    29E4 : 00000000;
    29E5 : 00000000;
    29E6 : 00000000;
    29E7 : 00000000;
    29E8 : 00000000;
    29E9 : 00000000;
    29EA : 00000000;
    29EB : 00000000;
    29EC : 00000000;
    29ED : 00000000;
    29EE : 00000000;
    29EF : 00000000;
    29F0 : 00000000;
    29F1 : 00000000;
    29F2 : 00000000;
    29F3 : 00000000;
    29F4 : 00000000;
    29F5 : 00000000;
    29F6 : 00000000;
    29F7 : 00000000;
    29F8 : 00000000;
    29F9 : 00000000;
    29FA : 00000000;
    29FB : 00000000;
    29FC : 00000000;
    29FD : 00000000;
    29FE : 00000000;
    29FF : 00000000;
    2A00 : 00000000;
    2A01 : 00000000;
    2A02 : 00000000;
    2A03 : 00000000;
    2A04 : 00000000;
    2A05 : 00000000;
    2A06 : 00000000;
    2A07 : 00000000;
    2A08 : 00000000;
    2A09 : 00000000;
    2A0A : 00000000;
    2A0B : 00000000;
    2A0C : 00000000;
    2A0D : 00000000;
    2A0E : 00000000;
    2A0F : 00000000;
    2A10 : 00000000;
    2A11 : 00000000;
    2A12 : 00000000;
    2A13 : 00000000;
    2A14 : 00000000;
    2A15 : 00000000;
    2A16 : 00000000;
    2A17 : 00000000;
    2A18 : 00000000;
    2A19 : 00000000;
    2A1A : 00000000;
    2A1B : 00000000;
    2A1C : 00000000;
    2A1D : 00000000;
    2A1E : 00000000;
    2A1F : 00000000;
    2A20 : 00000000;
    2A21 : 00000000;
    2A22 : 00000000;
    2A23 : 00000000;
    2A24 : 00000000;
    2A25 : 00000000;
    2A26 : 00000000;
    2A27 : 00000000;
    2A28 : 00000000;
    2A29 : 00000000;
    2A2A : 00000000;
    2A2B : 00000000;
    2A2C : 00000000;
    2A2D : 00000000;
    2A2E : 00000000;
    2A2F : 00000000;
    2A30 : 00000000;
    2A31 : 00000000;
    2A32 : 00000000;
    2A33 : 00000000;
    2A34 : 00000000;
    2A35 : 00000000;
    2A36 : 00000000;
    2A37 : 00000000;
    2A38 : 00000000;
    2A39 : 00000000;
    2A3A : 00000000;
    2A3B : 00000000;
    2A3C : 00000000;
    2A3D : 00000000;
    2A3E : 00000000;
    2A3F : 00000000;
    2A40 : 00000000;
    2A41 : 00000000;
    2A42 : 00000000;
    2A43 : 00000000;
    2A44 : 00000000;
    2A45 : 00000000;
    2A46 : 00000000;
    2A47 : 00000000;
    2A48 : 00000000;
    2A49 : 00000000;
    2A4A : 00000000;
    2A4B : 00000000;
    2A4C : 00000000;
    2A4D : 00000000;
    2A4E : 00000000;
    2A4F : 00000000;
    2A50 : 00000000;
    2A51 : 00000000;
    2A52 : 00000000;
    2A53 : 00000000;
    2A54 : 00000000;
    2A55 : 00000000;
    2A56 : 00000000;
    2A57 : 00000000;
    2A58 : 00000000;
    2A59 : 00000000;
    2A5A : 00000000;
    2A5B : 00000000;
    2A5C : 00000000;
    2A5D : 00000000;
    2A5E : 00000000;
    2A5F : 00000000;
    2A60 : 00000000;
    2A61 : 00000000;
    2A62 : 00000000;
    2A63 : 00000000;
    2A64 : 00000000;
    2A65 : 00000000;
    2A66 : 00000000;
    2A67 : 00000000;
    2A68 : 00000000;
    2A69 : 00000000;
    2A6A : 00000000;
    2A6B : 00000000;
    2A6C : 00000000;
    2A6D : 00000000;
    2A6E : 00000000;
    2A6F : 00000000;
    2A70 : 00000000;
    2A71 : 00000000;
    2A72 : 00000000;
    2A73 : 00000000;
    2A74 : 00000000;
    2A75 : 00000000;
    2A76 : 00000000;
    2A77 : 00000000;
    2A78 : 00000000;
    2A79 : 00000000;
    2A7A : 00000000;
    2A7B : 00000000;
    2A7C : 00000000;
    2A7D : 00000000;
    2A7E : 00000000;
    2A7F : 00000000;
    2A80 : 00000000;
    2A81 : 00000000;
    2A82 : 00000000;
    2A83 : 00000000;
    2A84 : 00000000;
    2A85 : 00000000;
    2A86 : 00000000;
    2A87 : 00000000;
    2A88 : 00000000;
    2A89 : 00000000;
    2A8A : 00000000;
    2A8B : 00000000;
    2A8C : 00000000;
    2A8D : 00000000;
    2A8E : 00000000;
    2A8F : 00000000;
    2A90 : 00000000;
    2A91 : 00000000;
    2A92 : 00000000;
    2A93 : 00000000;
    2A94 : 00000000;
    2A95 : 00000000;
    2A96 : 00000000;
    2A97 : 00000000;
    2A98 : 00000000;
    2A99 : 00000000;
    2A9A : 00000000;
    2A9B : 00000000;
    2A9C : 00000000;
    2A9D : 00000000;
    2A9E : 00000000;
    2A9F : 00000000;
    2AA0 : 00000000;
    2AA1 : 00000000;
    2AA2 : 00000000;
    2AA3 : 00000000;
    2AA4 : 00000000;
    2AA5 : 00000000;
    2AA6 : 00000000;
    2AA7 : 00000000;
    2AA8 : 00000000;
    2AA9 : 00000000;
    2AAA : 00000000;
    2AAB : 00000000;
    2AAC : 00000000;
    2AAD : 00000000;
    2AAE : 00000000;
    2AAF : 00000000;
    2AB0 : 00000000;
    2AB1 : 00000000;
    2AB2 : 00000000;
    2AB3 : 00000000;
    2AB4 : 00000000;
    2AB5 : 00000000;
    2AB6 : 00000000;
    2AB7 : 00000000;
    2AB8 : 00000000;
    2AB9 : 00000000;
    2ABA : 00000000;
    2ABB : 00000000;
    2ABC : 00000000;
    2ABD : 00000000;
    2ABE : 00000000;
    2ABF : 00000000;
    2AC0 : 00000000;
    2AC1 : 00000000;
    2AC2 : 00000000;
    2AC3 : 00000000;
    2AC4 : 00000000;
    2AC5 : 00000000;
    2AC6 : 00000000;
    2AC7 : 00000000;
    2AC8 : 00000000;
    2AC9 : 00000000;
    2ACA : 00000000;
    2ACB : 00000000;
    2ACC : 00000000;
    2ACD : 00000000;
    2ACE : 00000000;
    2ACF : 00000000;
    2AD0 : 00000000;
    2AD1 : 00000000;
    2AD2 : 00000000;
    2AD3 : 00000000;
    2AD4 : 00000000;
    2AD5 : 00000000;
    2AD6 : 00000000;
    2AD7 : 00000000;
    2AD8 : 00000000;
    2AD9 : 00000000;
    2ADA : 00000000;
    2ADB : 00000000;
    2ADC : 00000000;
    2ADD : 00000000;
    2ADE : 00000000;
    2ADF : 00000000;
    2AE0 : 00000000;
    2AE1 : 00000000;
    2AE2 : 00000000;
    2AE3 : 00000000;
    2AE4 : 00000000;
    2AE5 : 00000000;
    2AE6 : 00000000;
    2AE7 : 00000000;
    2AE8 : 00000000;
    2AE9 : 00000000;
    2AEA : 00000000;
    2AEB : 00000000;
    2AEC : 00000000;
    2AED : 00000000;
    2AEE : 00000000;
    2AEF : 00000000;
    2AF0 : 00000000;
    2AF1 : 00000000;
    2AF2 : 00000000;
    2AF3 : 00000000;
    2AF4 : 00000000;
    2AF5 : 00000000;
    2AF6 : 00000000;
    2AF7 : 00000000;
    2AF8 : 00000000;
    2AF9 : 00000000;
    2AFA : 00000000;
    2AFB : 00000000;
    2AFC : 00000000;
    2AFD : 00000000;
    2AFE : 00000000;
    2AFF : 00000000;
    2B00 : 00000000;
    2B01 : 00000000;
    2B02 : 00000000;
    2B03 : 00000000;
    2B04 : 00000000;
    2B05 : 00000000;
    2B06 : 00000000;
    2B07 : 00000000;
    2B08 : 00000000;
    2B09 : 00000000;
    2B0A : 00000000;
    2B0B : 00000000;
    2B0C : 00000000;
    2B0D : 00000000;
    2B0E : 00000000;
    2B0F : 00000000;
    2B10 : 00000000;
    2B11 : 00000000;
    2B12 : 00000000;
    2B13 : 00000000;
    2B14 : 00000000;
    2B15 : 00000000;
    2B16 : 00000000;
    2B17 : 00000000;
    2B18 : 00000000;
    2B19 : 00000000;
    2B1A : 00000000;
    2B1B : 00000000;
    2B1C : 00000000;
    2B1D : 00000000;
    2B1E : 00000000;
    2B1F : 00000000;
    2B20 : 00000000;
    2B21 : 00000000;
    2B22 : 00000000;
    2B23 : 00000000;
    2B24 : 00000000;
    2B25 : 00000000;
    2B26 : 00000000;
    2B27 : 00000000;
    2B28 : 00000000;
    2B29 : 00000000;
    2B2A : 00000000;
    2B2B : 00000000;
    2B2C : 00000000;
    2B2D : 00000000;
    2B2E : 00000000;
    2B2F : 00000000;
    2B30 : 00000000;
    2B31 : 00000000;
    2B32 : 00000000;
    2B33 : 00000000;
    2B34 : 00000000;
    2B35 : 00000000;
    2B36 : 00000000;
    2B37 : 00000000;
    2B38 : 00000000;
    2B39 : 00000000;
    2B3A : 00000000;
    2B3B : 00000000;
    2B3C : 00000000;
    2B3D : 00000000;
    2B3E : 00000000;
    2B3F : 00000000;
    2B40 : 00000000;
    2B41 : 00000000;
    2B42 : 00000000;
    2B43 : 00000000;
    2B44 : 00000000;
    2B45 : 00000000;
    2B46 : 00000000;
    2B47 : 00000000;
    2B48 : 00000000;
    2B49 : 00000000;
    2B4A : 00000000;
    2B4B : 00000000;
    2B4C : 00000000;
    2B4D : 00000000;
    2B4E : 00000000;
    2B4F : 00000000;
    2B50 : 00000000;
    2B51 : 00000000;
    2B52 : 00000000;
    2B53 : 00000000;
    2B54 : 00000000;
    2B55 : 00000000;
    2B56 : 00000000;
    2B57 : 00000000;
    2B58 : 00000000;
    2B59 : 00000000;
    2B5A : 00000000;
    2B5B : 00000000;
    2B5C : 00000000;
    2B5D : 00000000;
    2B5E : 00000000;
    2B5F : 00000000;
    2B60 : 00000000;
    2B61 : 00000000;
    2B62 : 00000000;
    2B63 : 00000000;
    2B64 : 00000000;
    2B65 : 00000000;
    2B66 : 00000000;
    2B67 : 00000000;
    2B68 : 00000000;
    2B69 : 00000000;
    2B6A : 00000000;
    2B6B : 00000000;
    2B6C : 00000000;
    2B6D : 00000000;
    2B6E : 00000000;
    2B6F : 00000000;
    2B70 : 00000000;
    2B71 : 00000000;
    2B72 : 00000000;
    2B73 : 00000000;
    2B74 : 00000000;
    2B75 : 00000000;
    2B76 : 00000000;
    2B77 : 00000000;
    2B78 : 00000000;
    2B79 : 00000000;
    2B7A : 00000000;
    2B7B : 00000000;
    2B7C : 00000000;
    2B7D : 00000000;
    2B7E : 00000000;
    2B7F : 00000000;
    2B80 : 00000000;
    2B81 : 00000000;
    2B82 : 00000000;
    2B83 : 00000000;
    2B84 : 00000000;
    2B85 : 00000000;
    2B86 : 00000000;
    2B87 : 00000000;
    2B88 : 00000000;
    2B89 : 00000000;
    2B8A : 00000000;
    2B8B : 00000000;
    2B8C : 00000000;
    2B8D : 00000000;
    2B8E : 00000000;
    2B8F : 00000000;
    2B90 : 00000000;
    2B91 : 00000000;
    2B92 : 00000000;
    2B93 : 00000000;
    2B94 : 00000000;
    2B95 : 00000000;
    2B96 : 00000000;
    2B97 : 00000000;
    2B98 : 00000000;
    2B99 : 00000000;
    2B9A : 00000000;
    2B9B : 00000000;
    2B9C : 00000000;
    2B9D : 00000000;
    2B9E : 00000000;
    2B9F : 00000000;
    2BA0 : 00000000;
    2BA1 : 00000000;
    2BA2 : 00000000;
    2BA3 : 00000000;
    2BA4 : 00000000;
    2BA5 : 00000000;
    2BA6 : 00000000;
    2BA7 : 00000000;
    2BA8 : 00000000;
    2BA9 : 00000000;
    2BAA : 00000000;
    2BAB : 00000000;
    2BAC : 00000000;
    2BAD : 00000000;
    2BAE : 00000000;
    2BAF : 00000000;
    2BB0 : 00000000;
    2BB1 : 00000000;
    2BB2 : 00000000;
    2BB3 : 00000000;
    2BB4 : 00000000;
    2BB5 : 00000000;
    2BB6 : 00000000;
    2BB7 : 00000000;
    2BB8 : 00000000;
    2BB9 : 00000000;
    2BBA : 00000000;
    2BBB : 00000000;
    2BBC : 00000000;
    2BBD : 00000000;
    2BBE : 00000000;
    2BBF : 00000000;
    2BC0 : 00000000;
    2BC1 : 00000000;
    2BC2 : 00000000;
    2BC3 : 00000000;
    2BC4 : 00000000;
    2BC5 : 00000000;
    2BC6 : 00000000;
    2BC7 : 00000000;
    2BC8 : 00000000;
    2BC9 : 00000000;
    2BCA : 00000000;
    2BCB : 00000000;
    2BCC : 00000000;
    2BCD : 00000000;
    2BCE : 00000000;
    2BCF : 00000000;
    2BD0 : 00000000;
    2BD1 : 00000000;
    2BD2 : 00000000;
    2BD3 : 00000000;
    2BD4 : 00000000;
    2BD5 : 00000000;
    2BD6 : 00000000;
    2BD7 : 00000000;
    2BD8 : 00000000;
    2BD9 : 00000000;
    2BDA : 00000000;
    2BDB : 00000000;
    2BDC : 00000000;
    2BDD : 00000000;
    2BDE : 00000000;
    2BDF : 00000000;
    2BE0 : 00000000;
    2BE1 : 00000000;
    2BE2 : 00000000;
    2BE3 : 00000000;
    2BE4 : 00000000;
    2BE5 : 00000000;
    2BE6 : 00000000;
    2BE7 : 00000000;
    2BE8 : 00000000;
    2BE9 : 00000000;
    2BEA : 00000000;
    2BEB : 00000000;
    2BEC : 00000000;
    2BED : 00000000;
    2BEE : 00000000;
    2BEF : 00000000;
    2BF0 : 00000000;
    2BF1 : 00000000;
    2BF2 : 00000000;
    2BF3 : 00000000;
    2BF4 : 00000000;
    2BF5 : 00000000;
    2BF6 : 00000000;
    2BF7 : 00000000;
    2BF8 : 00000000;
    2BF9 : 00000000;
    2BFA : 00000000;
    2BFB : 00000000;
    2BFC : 00000000;
    2BFD : 00000000;
    2BFE : 00000000;
    2BFF : 00000000;
    2C00 : 00000000;
    2C01 : 00000000;
    2C02 : 00000000;
    2C03 : 00000000;
    2C04 : 00000000;
    2C05 : 00000000;
    2C06 : 00000000;
    2C07 : 00000000;
    2C08 : 00000000;
    2C09 : 00000000;
    2C0A : 00000000;
    2C0B : 00000000;
    2C0C : 00000000;
    2C0D : 00000000;
    2C0E : 00000000;
    2C0F : 00000000;
    2C10 : 00000000;
    2C11 : 00000000;
    2C12 : 00000000;
    2C13 : 00000000;
    2C14 : 00000000;
    2C15 : 00000000;
    2C16 : 00000000;
    2C17 : 00000000;
    2C18 : 00000000;
    2C19 : 00000000;
    2C1A : 00000000;
    2C1B : 00000000;
    2C1C : 00000000;
    2C1D : 00000000;
    2C1E : 00000000;
    2C1F : 00000000;
    2C20 : 00000000;
    2C21 : 00000000;
    2C22 : 00000000;
    2C23 : 00000000;
    2C24 : 00000000;
    2C25 : 00000000;
    2C26 : 00000000;
    2C27 : 00000000;
    2C28 : 00000000;
    2C29 : 00000000;
    2C2A : 00000000;
    2C2B : 00000000;
    2C2C : 00000000;
    2C2D : 00000000;
    2C2E : 00000000;
    2C2F : 00000000;
    2C30 : 00000000;
    2C31 : 00000000;
    2C32 : 00000000;
    2C33 : 00000000;
    2C34 : 00000000;
    2C35 : 00000000;
    2C36 : 00000000;
    2C37 : 00000000;
    2C38 : 00000000;
    2C39 : 00000000;
    2C3A : 00000000;
    2C3B : 00000000;
    2C3C : 00000000;
    2C3D : 00000000;
    2C3E : 00000000;
    2C3F : 00000000;
    2C40 : 00000000;
    2C41 : 00000000;
    2C42 : 00000000;
    2C43 : 00000000;
    2C44 : 00000000;
    2C45 : 00000000;
    2C46 : 00000000;
    2C47 : 00000000;
    2C48 : 00000000;
    2C49 : 00000000;
    2C4A : 00000000;
    2C4B : 00000000;
    2C4C : 00000000;
    2C4D : 00000000;
    2C4E : 00000000;
    2C4F : 00000000;
    2C50 : 00000000;
    2C51 : 00000000;
    2C52 : 00000000;
    2C53 : 00000000;
    2C54 : 00000000;
    2C55 : 00000000;
    2C56 : 00000000;
    2C57 : 00000000;
    2C58 : 00000000;
    2C59 : 00000000;
    2C5A : 00000000;
    2C5B : 00000000;
    2C5C : 00000000;
    2C5D : 00000000;
    2C5E : 00000000;
    2C5F : 00000000;
    2C60 : 00000000;
    2C61 : 00000000;
    2C62 : 00000000;
    2C63 : 00000000;
    2C64 : 00000000;
    2C65 : 00000000;
    2C66 : 00000000;
    2C67 : 00000000;
    2C68 : 00000000;
    2C69 : 00000000;
    2C6A : 00000000;
    2C6B : 00000000;
    2C6C : 00000000;
    2C6D : 00000000;
    2C6E : 00000000;
    2C6F : 00000000;
    2C70 : 00000000;
    2C71 : 00000000;
    2C72 : 00000000;
    2C73 : 00000000;
    2C74 : 00000000;
    2C75 : 00000000;
    2C76 : 00000000;
    2C77 : 00000000;
    2C78 : 00000000;
    2C79 : 00000000;
    2C7A : 00000000;
    2C7B : 00000000;
    2C7C : 00000000;
    2C7D : 00000000;
    2C7E : 00000000;
    2C7F : 00000000;
    2C80 : 00000000;
    2C81 : 00000000;
    2C82 : 00000000;
    2C83 : 00000000;
    2C84 : 00000000;
    2C85 : 00000000;
    2C86 : 00000000;
    2C87 : 00000000;
    2C88 : 00000000;
    2C89 : 00000000;
    2C8A : 00000000;
    2C8B : 00000000;
    2C8C : 00000000;
    2C8D : 00000000;
    2C8E : 00000000;
    2C8F : 00000000;
    2C90 : 00000000;
    2C91 : 00000000;
    2C92 : 00000000;
    2C93 : 00000000;
    2C94 : 00000000;
    2C95 : 00000000;
    2C96 : 00000000;
    2C97 : 00000000;
    2C98 : 00000000;
    2C99 : 00000000;
    2C9A : 00000000;
    2C9B : 00000000;
    2C9C : 00000000;
    2C9D : 00000000;
    2C9E : 00000000;
    2C9F : 00000000;
    2CA0 : 00000000;
    2CA1 : 00000000;
    2CA2 : 00000000;
    2CA3 : 00000000;
    2CA4 : 00000000;
    2CA5 : 00000000;
    2CA6 : 00000000;
    2CA7 : 00000000;
    2CA8 : 00000000;
    2CA9 : 00000000;
    2CAA : 00000000;
    2CAB : 00000000;
    2CAC : 00000000;
    2CAD : 00000000;
    2CAE : 00000000;
    2CAF : 00000000;
    2CB0 : 00000000;
    2CB1 : 00000000;
    2CB2 : 00000000;
    2CB3 : 00000000;
    2CB4 : 00000000;
    2CB5 : 00000000;
    2CB6 : 00000000;
    2CB7 : 00000000;
    2CB8 : 00000000;
    2CB9 : 00000000;
    2CBA : 00000000;
    2CBB : 00000000;
    2CBC : 00000000;
    2CBD : 00000000;
    2CBE : 00000000;
    2CBF : 00000000;
    2CC0 : 00000000;
    2CC1 : 00000000;
    2CC2 : 00000000;
    2CC3 : 00000000;
    2CC4 : 00000000;
    2CC5 : 00000000;
    2CC6 : 00000000;
    2CC7 : 00000000;
    2CC8 : 00000000;
    2CC9 : 00000000;
    2CCA : 00000000;
    2CCB : 00000000;
    2CCC : 00000000;
    2CCD : 00000000;
    2CCE : 00000000;
    2CCF : 00000000;
    2CD0 : 00000000;
    2CD1 : 00000000;
    2CD2 : 00000000;
    2CD3 : 00000000;
    2CD4 : 00000000;
    2CD5 : 00000000;
    2CD6 : 00000000;
    2CD7 : 00000000;
    2CD8 : 00000000;
    2CD9 : 00000000;
    2CDA : 00000000;
    2CDB : 00000000;
    2CDC : 00000000;
    2CDD : 00000000;
    2CDE : 00000000;
    2CDF : 00000000;
    2CE0 : 00000000;
    2CE1 : 00000000;
    2CE2 : 00000000;
    2CE3 : 00000000;
    2CE4 : 00000000;
    2CE5 : 00000000;
    2CE6 : 00000000;
    2CE7 : 00000000;
    2CE8 : 00000000;
    2CE9 : 00000000;
    2CEA : 00000000;
    2CEB : 00000000;
    2CEC : 00000000;
    2CED : 00000000;
    2CEE : 00000000;
    2CEF : 00000000;
    2CF0 : 00000000;
    2CF1 : 00000000;
    2CF2 : 00000000;
    2CF3 : 00000000;
    2CF4 : 00000000;
    2CF5 : 00000000;
    2CF6 : 00000000;
    2CF7 : 00000000;
    2CF8 : 00000000;
    2CF9 : 00000000;
    2CFA : 00000000;
    2CFB : 00000000;
    2CFC : 00000000;
    2CFD : 00000000;
    2CFE : 00000000;
    2CFF : 00000000;
    2D00 : 00000000;
    2D01 : 00000000;
    2D02 : 00000000;
    2D03 : 00000000;
    2D04 : 00000000;
    2D05 : 00000000;
    2D06 : 00000000;
    2D07 : 00000000;
    2D08 : 00000000;
    2D09 : 00000000;
    2D0A : 00000000;
    2D0B : 00000000;
    2D0C : 00000000;
    2D0D : 00000000;
    2D0E : 00000000;
    2D0F : 00000000;
    2D10 : 00000000;
    2D11 : 00000000;
    2D12 : 00000000;
    2D13 : 00000000;
    2D14 : 00000000;
    2D15 : 00000000;
    2D16 : 00000000;
    2D17 : 00000000;
    2D18 : 00000000;
    2D19 : 00000000;
    2D1A : 00000000;
    2D1B : 00000000;
    2D1C : 00000000;
    2D1D : 00000000;
    2D1E : 00000000;
    2D1F : 00000000;
    2D20 : 00000000;
    2D21 : 00000000;
    2D22 : 00000000;
    2D23 : 00000000;
    2D24 : 00000000;
    2D25 : 00000000;
    2D26 : 00000000;
    2D27 : 00000000;
    2D28 : 00000000;
    2D29 : 00000000;
    2D2A : 00000000;
    2D2B : 00000000;
    2D2C : 00000000;
    2D2D : 00000000;
    2D2E : 00000000;
    2D2F : 00000000;
    2D30 : 00000000;
    2D31 : 00000000;
    2D32 : 00000000;
    2D33 : 00000000;
    2D34 : 00000000;
    2D35 : 00000000;
    2D36 : 00000000;
    2D37 : 00000000;
    2D38 : 00000000;
    2D39 : 00000000;
    2D3A : 00000000;
    2D3B : 00000000;
    2D3C : 00000000;
    2D3D : 00000000;
    2D3E : 00000000;
    2D3F : 00000000;
    2D40 : 00000000;
    2D41 : 00000000;
    2D42 : 00000000;
    2D43 : 00000000;
    2D44 : 00000000;
    2D45 : 00000000;
    2D46 : 00000000;
    2D47 : 00000000;
    2D48 : 00000000;
    2D49 : 00000000;
    2D4A : 00000000;
    2D4B : 00000000;
    2D4C : 00000000;
    2D4D : 00000000;
    2D4E : 00000000;
    2D4F : 00000000;
    2D50 : 00000000;
    2D51 : 00000000;
    2D52 : 00000000;
    2D53 : 00000000;
    2D54 : 00000000;
    2D55 : 00000000;
    2D56 : 00000000;
    2D57 : 00000000;
    2D58 : 00000000;
    2D59 : 00000000;
    2D5A : 00000000;
    2D5B : 00000000;
    2D5C : 00000000;
    2D5D : 00000000;
    2D5E : 00000000;
    2D5F : 00000000;
    2D60 : 00000000;
    2D61 : 00000000;
    2D62 : 00000000;
    2D63 : 00000000;
    2D64 : 00000000;
    2D65 : 00000000;
    2D66 : 00000000;
    2D67 : 00000000;
    2D68 : 00000000;
    2D69 : 00000000;
    2D6A : 00000000;
    2D6B : 00000000;
    2D6C : 00000000;
    2D6D : 00000000;
    2D6E : 00000000;
    2D6F : 00000000;
    2D70 : 00000000;
    2D71 : 00000000;
    2D72 : 00000000;
    2D73 : 00000000;
    2D74 : 00000000;
    2D75 : 00000000;
    2D76 : 00000000;
    2D77 : 00000000;
    2D78 : 00000000;
    2D79 : 00000000;
    2D7A : 00000000;
    2D7B : 00000000;
    2D7C : 00000000;
    2D7D : 00000000;
    2D7E : 00000000;
    2D7F : 00000000;
    2D80 : 00000000;
    2D81 : 00000000;
    2D82 : 00000000;
    2D83 : 00000000;
    2D84 : 00000000;
    2D85 : 00000000;
    2D86 : 00000000;
    2D87 : 00000000;
    2D88 : 00000000;
    2D89 : 00000000;
    2D8A : 00000000;
    2D8B : 00000000;
    2D8C : 00000000;
    2D8D : 00000000;
    2D8E : 00000000;
    2D8F : 00000000;
    2D90 : 00000000;
    2D91 : 00000000;
    2D92 : 00000000;
    2D93 : 00000000;
    2D94 : 00000000;
    2D95 : 00000000;
    2D96 : 00000000;
    2D97 : 00000000;
    2D98 : 00000000;
    2D99 : 00000000;
    2D9A : 00000000;
    2D9B : 00000000;
    2D9C : 00000000;
    2D9D : 00000000;
    2D9E : 00000000;
    2D9F : 00000000;
    2DA0 : 00000000;
    2DA1 : 00000000;
    2DA2 : 00000000;
    2DA3 : 00000000;
    2DA4 : 00000000;
    2DA5 : 00000000;
    2DA6 : 00000000;
    2DA7 : 00000000;
    2DA8 : 00000000;
    2DA9 : 00000000;
    2DAA : 00000000;
    2DAB : 00000000;
    2DAC : 00000000;
    2DAD : 00000000;
    2DAE : 00000000;
    2DAF : 00000000;
    2DB0 : 00000000;
    2DB1 : 00000000;
    2DB2 : 00000000;
    2DB3 : 00000000;
    2DB4 : 00000000;
    2DB5 : 00000000;
    2DB6 : 00000000;
    2DB7 : 00000000;
    2DB8 : 00000000;
    2DB9 : 00000000;
    2DBA : 00000000;
    2DBB : 00000000;
    2DBC : 00000000;
    2DBD : 00000000;
    2DBE : 00000000;
    2DBF : 00000000;
    2DC0 : 00000000;
    2DC1 : 00000000;
    2DC2 : 00000000;
    2DC3 : 00000000;
    2DC4 : 00000000;
    2DC5 : 00000000;
    2DC6 : 00000000;
    2DC7 : 00000000;
    2DC8 : 00000000;
    2DC9 : 00000000;
    2DCA : 00000000;
    2DCB : 00000000;
    2DCC : 00000000;
    2DCD : 00000000;
    2DCE : 00000000;
    2DCF : 00000000;
    2DD0 : 00000000;
    2DD1 : 00000000;
    2DD2 : 00000000;
    2DD3 : 00000000;
    2DD4 : 00000000;
    2DD5 : 00000000;
    2DD6 : 00000000;
    2DD7 : 00000000;
    2DD8 : 00000000;
    2DD9 : 00000000;
    2DDA : 00000000;
    2DDB : 00000000;
    2DDC : 00000000;
    2DDD : 00000000;
    2DDE : 00000000;
    2DDF : 00000000;
    2DE0 : 00000000;
    2DE1 : 00000000;
    2DE2 : 00000000;
    2DE3 : 00000000;
    2DE4 : 00000000;
    2DE5 : 00000000;
    2DE6 : 00000000;
    2DE7 : 00000000;
    2DE8 : 00000000;
    2DE9 : 00000000;
    2DEA : 00000000;
    2DEB : 00000000;
    2DEC : 00000000;
    2DED : 00000000;
    2DEE : 00000000;
    2DEF : 00000000;
    2DF0 : 00000000;
    2DF1 : 00000000;
    2DF2 : 00000000;
    2DF3 : 00000000;
    2DF4 : 00000000;
    2DF5 : 00000000;
    2DF6 : 00000000;
    2DF7 : 00000000;
    2DF8 : 00000000;
    2DF9 : 00000000;
    2DFA : 00000000;
    2DFB : 00000000;
    2DFC : 00000000;
    2DFD : 00000000;
    2DFE : 00000000;
    2DFF : 00000000;
    2E00 : 00000000;
    2E01 : 00000000;
    2E02 : 00000000;
    2E03 : 00000000;
    2E04 : 00000000;
    2E05 : 00000000;
    2E06 : 00000000;
    2E07 : 00000000;
    2E08 : 00000000;
    2E09 : 00000000;
    2E0A : 00000000;
    2E0B : 00000000;
    2E0C : 00000000;
    2E0D : 00000000;
    2E0E : 00000000;
    2E0F : 00000000;
    2E10 : 00000000;
    2E11 : 00000000;
    2E12 : 00000000;
    2E13 : 00000000;
    2E14 : 00000000;
    2E15 : 00000000;
    2E16 : 00000000;
    2E17 : 00000000;
    2E18 : 00000000;
    2E19 : 00000000;
    2E1A : 00000000;
    2E1B : 00000000;
    2E1C : 00000000;
    2E1D : 00000000;
    2E1E : 00000000;
    2E1F : 00000000;
    2E20 : 00000000;
    2E21 : 00000000;
    2E22 : 00000000;
    2E23 : 00000000;
    2E24 : 00000000;
    2E25 : 00000000;
    2E26 : 00000000;
    2E27 : 00000000;
    2E28 : 00000000;
    2E29 : 00000000;
    2E2A : 00000000;
    2E2B : 00000000;
    2E2C : 00000000;
    2E2D : 00000000;
    2E2E : 00000000;
    2E2F : 00000000;
    2E30 : 00000000;
    2E31 : 00000000;
    2E32 : 00000000;
    2E33 : 00000000;
    2E34 : 00000000;
    2E35 : 00000000;
    2E36 : 00000000;
    2E37 : 00000000;
    2E38 : 00000000;
    2E39 : 00000000;
    2E3A : 00000000;
    2E3B : 00000000;
    2E3C : 00000000;
    2E3D : 00000000;
    2E3E : 00000000;
    2E3F : 00000000;
    2E40 : 00000000;
    2E41 : 00000000;
    2E42 : 00000000;
    2E43 : 00000000;
    2E44 : 00000000;
    2E45 : 00000000;
    2E46 : 00000000;
    2E47 : 00000000;
    2E48 : 00000000;
    2E49 : 00000000;
    2E4A : 00000000;
    2E4B : 00000000;
    2E4C : 00000000;
    2E4D : 00000000;
    2E4E : 00000000;
    2E4F : 00000000;
    2E50 : 00000000;
    2E51 : 00000000;
    2E52 : 00000000;
    2E53 : 00000000;
    2E54 : 00000000;
    2E55 : 00000000;
    2E56 : 00000000;
    2E57 : 00000000;
    2E58 : 00000000;
    2E59 : 00000000;
    2E5A : 00000000;
    2E5B : 00000000;
    2E5C : 00000000;
    2E5D : 00000000;
    2E5E : 00000000;
    2E5F : 00000000;
    2E60 : 00000000;
    2E61 : 00000000;
    2E62 : 00000000;
    2E63 : 00000000;
    2E64 : 00000000;
    2E65 : 00000000;
    2E66 : 00000000;
    2E67 : 00000000;
    2E68 : 00000000;
    2E69 : 00000000;
    2E6A : 00000000;
    2E6B : 00000000;
    2E6C : 00000000;
    2E6D : 00000000;
    2E6E : 00000000;
    2E6F : 00000000;
    2E70 : 00000000;
    2E71 : 00000000;
    2E72 : 00000000;
    2E73 : 00000000;
    2E74 : 00000000;
    2E75 : 00000000;
    2E76 : 00000000;
    2E77 : 00000000;
    2E78 : 00000000;
    2E79 : 00000000;
    2E7A : 00000000;
    2E7B : 00000000;
    2E7C : 00000000;
    2E7D : 00000000;
    2E7E : 00000000;
    2E7F : 00000000;
    2E80 : 00000000;
    2E81 : 00000000;
    2E82 : 00000000;
    2E83 : 00000000;
    2E84 : 00000000;
    2E85 : 00000000;
    2E86 : 00000000;
    2E87 : 00000000;
    2E88 : 00000000;
    2E89 : 00000000;
    2E8A : 00000000;
    2E8B : 00000000;
    2E8C : 00000000;
    2E8D : 00000000;
    2E8E : 00000000;
    2E8F : 00000000;
    2E90 : 00000000;
    2E91 : 00000000;
    2E92 : 00000000;
    2E93 : 00000000;
    2E94 : 00000000;
    2E95 : 00000000;
    2E96 : 00000000;
    2E97 : 00000000;
    2E98 : 00000000;
    2E99 : 00000000;
    2E9A : 00000000;
    2E9B : 00000000;
    2E9C : 00000000;
    2E9D : 00000000;
    2E9E : 00000000;
    2E9F : 00000000;
    2EA0 : 00000000;
    2EA1 : 00000000;
    2EA2 : 00000000;
    2EA3 : 00000000;
    2EA4 : 00000000;
    2EA5 : 00000000;
    2EA6 : 00000000;
    2EA7 : 00000000;
    2EA8 : 00000000;
    2EA9 : 00000000;
    2EAA : 00000000;
    2EAB : 00000000;
    2EAC : 00000000;
    2EAD : 00000000;
    2EAE : 00000000;
    2EAF : 00000000;
    2EB0 : 00000000;
    2EB1 : 00000000;
    2EB2 : 00000000;
    2EB3 : 00000000;
    2EB4 : 00000000;
    2EB5 : 00000000;
    2EB6 : 00000000;
    2EB7 : 00000000;
    2EB8 : 00000000;
    2EB9 : 00000000;
    2EBA : 00000000;
    2EBB : 00000000;
    2EBC : 00000000;
    2EBD : 00000000;
    2EBE : 00000000;
    2EBF : 00000000;
    2EC0 : 00000000;
    2EC1 : 00000000;
    2EC2 : 00000000;
    2EC3 : 00000000;
    2EC4 : 00000000;
    2EC5 : 00000000;
    2EC6 : 00000000;
    2EC7 : 00000000;
    2EC8 : 00000000;
    2EC9 : 00000000;
    2ECA : 00000000;
    2ECB : 00000000;
    2ECC : 00000000;
    2ECD : 00000000;
    2ECE : 00000000;
    2ECF : 00000000;
    2ED0 : 00000000;
    2ED1 : 00000000;
    2ED2 : 00000000;
    2ED3 : 00000000;
    2ED4 : 00000000;
    2ED5 : 00000000;
    2ED6 : 00000000;
    2ED7 : 00000000;
    2ED8 : 00000000;
    2ED9 : 00000000;
    2EDA : 00000000;
    2EDB : 00000000;
    2EDC : 00000000;
    2EDD : 00000000;
    2EDE : 00000000;
    2EDF : 00000000;
    2EE0 : 00000000;
    2EE1 : 00000000;
    2EE2 : 00000000;
    2EE3 : 00000000;
    2EE4 : 00000000;
    2EE5 : 00000000;
    2EE6 : 00000000;
    2EE7 : 00000000;
    2EE8 : 00000000;
    2EE9 : 00000000;
    2EEA : 00000000;
    2EEB : 00000000;
    2EEC : 00000000;
    2EED : 00000000;
    2EEE : 00000000;
    2EEF : 00000000;
    2EF0 : 00000000;
    2EF1 : 00000000;
    2EF2 : 00000000;
    2EF3 : 00000000;
    2EF4 : 00000000;
    2EF5 : 00000000;
    2EF6 : 00000000;
    2EF7 : 00000000;
    2EF8 : 00000000;
    2EF9 : 00000000;
    2EFA : 00000000;
    2EFB : 00000000;
    2EFC : 00000000;
    2EFD : 00000000;
    2EFE : 00000000;
    2EFF : 00000000;
    2F00 : 00000000;
    2F01 : 00000000;
    2F02 : 00000000;
    2F03 : 00000000;
    2F04 : 00000000;
    2F05 : 00000000;
    2F06 : 00000000;
    2F07 : 00000000;
    2F08 : 00000000;
    2F09 : 00000000;
    2F0A : 00000000;
    2F0B : 00000000;
    2F0C : 00000000;
    2F0D : 00000000;
    2F0E : 00000000;
    2F0F : 00000000;
    2F10 : 00000000;
    2F11 : 00000000;
    2F12 : 00000000;
    2F13 : 00000000;
    2F14 : 00000000;
    2F15 : 00000000;
    2F16 : 00000000;
    2F17 : 00000000;
    2F18 : 00000000;
    2F19 : 00000000;
    2F1A : 00000000;
    2F1B : 00000000;
    2F1C : 00000000;
    2F1D : 00000000;
    2F1E : 00000000;
    2F1F : 00000000;
    2F20 : 00000000;
    2F21 : 00000000;
    2F22 : 00000000;
    2F23 : 00000000;
    2F24 : 00000000;
    2F25 : 00000000;
    2F26 : 00000000;
    2F27 : 00000000;
    2F28 : 00000000;
    2F29 : 00000000;
    2F2A : 00000000;
    2F2B : 00000000;
    2F2C : 00000000;
    2F2D : 00000000;
    2F2E : 00000000;
    2F2F : 00000000;
    2F30 : 00000000;
    2F31 : 00000000;
    2F32 : 00000000;
    2F33 : 00000000;
    2F34 : 00000000;
    2F35 : 00000000;
    2F36 : 00000000;
    2F37 : 00000000;
    2F38 : 00000000;
    2F39 : 00000000;
    2F3A : 00000000;
    2F3B : 00000000;
    2F3C : 00000000;
    2F3D : 00000000;
    2F3E : 00000000;
    2F3F : 00000000;
    2F40 : 00000000;
    2F41 : 00000000;
    2F42 : 00000000;
    2F43 : 00000000;
    2F44 : 00000000;
    2F45 : 00000000;
    2F46 : 00000000;
    2F47 : 00000000;
    2F48 : 00000000;
    2F49 : 00000000;
    2F4A : 00000000;
    2F4B : 00000000;
    2F4C : 00000000;
    2F4D : 00000000;
    2F4E : 00000000;
    2F4F : 00000000;
    2F50 : 00000000;
    2F51 : 00000000;
    2F52 : 00000000;
    2F53 : 00000000;
    2F54 : 00000000;
    2F55 : 00000000;
    2F56 : 00000000;
    2F57 : 00000000;
    2F58 : 00000000;
    2F59 : 00000000;
    2F5A : 00000000;
    2F5B : 00000000;
    2F5C : 00000000;
    2F5D : 00000000;
    2F5E : 00000000;
    2F5F : 00000000;
    2F60 : 00000000;
    2F61 : 00000000;
    2F62 : 00000000;
    2F63 : 00000000;
    2F64 : 00000000;
    2F65 : 00000000;
    2F66 : 00000000;
    2F67 : 00000000;
    2F68 : 00000000;
    2F69 : 00000000;
    2F6A : 00000000;
    2F6B : 00000000;
    2F6C : 00000000;
    2F6D : 00000000;
    2F6E : 00000000;
    2F6F : 00000000;
    2F70 : 00000000;
    2F71 : 00000000;
    2F72 : 00000000;
    2F73 : 00000000;
    2F74 : 00000000;
    2F75 : 00000000;
    2F76 : 00000000;
    2F77 : 00000000;
    2F78 : 00000000;
    2F79 : 00000000;
    2F7A : 00000000;
    2F7B : 00000000;
    2F7C : 00000000;
    2F7D : 00000000;
    2F7E : 00000000;
    2F7F : 00000000;
    2F80 : 00000000;
    2F81 : 00000000;
    2F82 : 00000000;
    2F83 : 00000000;
    2F84 : 00000000;
    2F85 : 00000000;
    2F86 : 00000000;
    2F87 : 00000000;
    2F88 : 00000000;
    2F89 : 00000000;
    2F8A : 00000000;
    2F8B : 00000000;
    2F8C : 00000000;
    2F8D : 00000000;
    2F8E : 00000000;
    2F8F : 00000000;
    2F90 : 00000000;
    2F91 : 00000000;
    2F92 : 00000000;
    2F93 : 00000000;
    2F94 : 00000000;
    2F95 : 00000000;
    2F96 : 00000000;
    2F97 : 00000000;
    2F98 : 00000000;
    2F99 : 00000000;
    2F9A : 00000000;
    2F9B : 00000000;
    2F9C : 00000000;
    2F9D : 00000000;
    2F9E : 00000000;
    2F9F : 00000000;
    2FA0 : 00000000;
    2FA1 : 00000000;
    2FA2 : 00000000;
    2FA3 : 00000000;
    2FA4 : 00000000;
    2FA5 : 00000000;
    2FA6 : 00000000;
    2FA7 : 00000000;
    2FA8 : 00000000;
    2FA9 : 00000000;
    2FAA : 00000000;
    2FAB : 00000000;
    2FAC : 00000000;
    2FAD : 00000000;
    2FAE : 00000000;
    2FAF : 00000000;
    2FB0 : 00000000;
    2FB1 : 00000000;
    2FB2 : 00000000;
    2FB3 : 00000000;
    2FB4 : 00000000;
    2FB5 : 00000000;
    2FB6 : 00000000;
    2FB7 : 00000000;
    2FB8 : 00000000;
    2FB9 : 00000000;
    2FBA : 00000000;
    2FBB : 00000000;
    2FBC : 00000000;
    2FBD : 00000000;
    2FBE : 00000000;
    2FBF : 00000000;
    2FC0 : 00000000;
    2FC1 : 00000000;
    2FC2 : 00000000;
    2FC3 : 00000000;
    2FC4 : 00000000;
    2FC5 : 00000000;
    2FC6 : 00000000;
    2FC7 : 00000000;
    2FC8 : 00000000;
    2FC9 : 00000000;
    2FCA : 00000000;
    2FCB : 00000000;
    2FCC : 00000000;
    2FCD : 00000000;
    2FCE : 00000000;
    2FCF : 00000000;
    2FD0 : 00000000;
    2FD1 : 00000000;
    2FD2 : 00000000;
    2FD3 : 00000000;
    2FD4 : 00000000;
    2FD5 : 00000000;
    2FD6 : 00000000;
    2FD7 : 00000000;
    2FD8 : 00000000;
    2FD9 : 00000000;
    2FDA : 00000000;
    2FDB : 00000000;
    2FDC : 00000000;
    2FDD : 00000000;
    2FDE : 00000000;
    2FDF : 00000000;
    2FE0 : 00000000;
    2FE1 : 00000000;
    2FE2 : 00000000;
    2FE3 : 00000000;
    2FE4 : 00000000;
    2FE5 : 00000000;
    2FE6 : 00000000;
    2FE7 : 00000000;
    2FE8 : 00000000;
    2FE9 : 00000000;
    2FEA : 00000000;
    2FEB : 00000000;
    2FEC : 00000000;
    2FED : 00000000;
    2FEE : 00000000;
    2FEF : 00000000;
    2FF0 : 00000000;
    2FF1 : 00000000;
    2FF2 : 00000000;
    2FF3 : 00000000;
    2FF4 : 00000000;
    2FF5 : 00000000;
    2FF6 : 00000000;
    2FF7 : 00000000;
    2FF8 : 00000000;
    2FF9 : 00000000;
    2FFA : 00000000;
    2FFB : 00000000;
    2FFC : 00000000;
    2FFD : 00000000;
    2FFE : 00000000;
    2FFF : 00000000;
    3000 : 00000000;
    3001 : 00000000;
    3002 : 00000000;
    3003 : 00000000;
    3004 : 00000000;
    3005 : 00000000;
    3006 : 00000000;
    3007 : 00000000;
    3008 : 00000000;
    3009 : 00000000;
    300A : 00000000;
    300B : 00000000;
    300C : 00000000;
    300D : 00000000;
    300E : 00000000;
    300F : 00000000;
    3010 : 00000000;
    3011 : 00000000;
    3012 : 00000000;
    3013 : 00000000;
    3014 : 00000000;
    3015 : 00000000;
    3016 : 00000000;
    3017 : 00000000;
    3018 : 00000000;
    3019 : 00000000;
    301A : 00000000;
    301B : 00000000;
    301C : 00000000;
    301D : 00000000;
    301E : 00000000;
    301F : 00000000;
    3020 : 00000000;
    3021 : 00000000;
    3022 : 00000000;
    3023 : 00000000;
    3024 : 00000000;
    3025 : 00000000;
    3026 : 00000000;
    3027 : 00000000;
    3028 : 00000000;
    3029 : 00000000;
    302A : 00000000;
    302B : 00000000;
    302C : 00000000;
    302D : 00000000;
    302E : 00000000;
    302F : 00000000;
    3030 : 00000000;
    3031 : 00000000;
    3032 : 00000000;
    3033 : 00000000;
    3034 : 00000000;
    3035 : 00000000;
    3036 : 00000000;
    3037 : 00000000;
    3038 : 00000000;
    3039 : 00000000;
    303A : 00000000;
    303B : 00000000;
    303C : 00000000;
    303D : 00000000;
    303E : 00000000;
    303F : 00000000;
    3040 : 00000000;
    3041 : 00000000;
    3042 : 00000000;
    3043 : 00000000;
    3044 : 00000000;
    3045 : 00000000;
    3046 : 00000000;
    3047 : 00000000;
    3048 : 00000000;
    3049 : 00000000;
    304A : 00000000;
    304B : 00000000;
    304C : 00000000;
    304D : 00000000;
    304E : 00000000;
    304F : 00000000;
    3050 : 00000000;
    3051 : 00000000;
    3052 : 00000000;
    3053 : 00000000;
    3054 : 00000000;
    3055 : 00000000;
    3056 : 00000000;
    3057 : 00000000;
    3058 : 00000000;
    3059 : 00000000;
    305A : 00000000;
    305B : 00000000;
    305C : 00000000;
    305D : 00000000;
    305E : 00000000;
    305F : 00000000;
    3060 : 00000000;
    3061 : 00000000;
    3062 : 00000000;
    3063 : 00000000;
    3064 : 00000000;
    3065 : 00000000;
    3066 : 00000000;
    3067 : 00000000;
    3068 : 00000000;
    3069 : 00000000;
    306A : 00000000;
    306B : 00000000;
    306C : 00000000;
    306D : 00000000;
    306E : 00000000;
    306F : 00000000;
    3070 : 00000000;
    3071 : 00000000;
    3072 : 00000000;
    3073 : 00000000;
    3074 : 00000000;
    3075 : 00000000;
    3076 : 00000000;
    3077 : 00000000;
    3078 : 00000000;
    3079 : 00000000;
    307A : 00000000;
    307B : 00000000;
    307C : 00000000;
    307D : 00000000;
    307E : 00000000;
    307F : 00000000;
    3080 : 00000000;
    3081 : 00000000;
    3082 : 00000000;
    3083 : 00000000;
    3084 : 00000000;
    3085 : 00000000;
    3086 : 00000000;
    3087 : 00000000;
    3088 : 00000000;
    3089 : 00000000;
    308A : 00000000;
    308B : 00000000;
    308C : 00000000;
    308D : 00000000;
    308E : 00000000;
    308F : 00000000;
    3090 : 00000000;
    3091 : 00000000;
    3092 : 00000000;
    3093 : 00000000;
    3094 : 00000000;
    3095 : 00000000;
    3096 : 00000000;
    3097 : 00000000;
    3098 : 00000000;
    3099 : 00000000;
    309A : 00000000;
    309B : 00000000;
    309C : 00000000;
    309D : 00000000;
    309E : 00000000;
    309F : 00000000;
    30A0 : 00000000;
    30A1 : 00000000;
    30A2 : 00000000;
    30A3 : 00000000;
    30A4 : 00000000;
    30A5 : 00000000;
    30A6 : 00000000;
    30A7 : 00000000;
    30A8 : 00000000;
    30A9 : 00000000;
    30AA : 00000000;
    30AB : 00000000;
    30AC : 00000000;
    30AD : 00000000;
    30AE : 00000000;
    30AF : 00000000;
    30B0 : 00000000;
    30B1 : 00000000;
    30B2 : 00000000;
    30B3 : 00000000;
    30B4 : 00000000;
    30B5 : 00000000;
    30B6 : 00000000;
    30B7 : 00000000;
    30B8 : 00000000;
    30B9 : 00000000;
    30BA : 00000000;
    30BB : 00000000;
    30BC : 00000000;
    30BD : 00000000;
    30BE : 00000000;
    30BF : 00000000;
    30C0 : 00000000;
    30C1 : 00000000;
    30C2 : 00000000;
    30C3 : 00000000;
    30C4 : 00000000;
    30C5 : 00000000;
    30C6 : 00000000;
    30C7 : 00000000;
    30C8 : 00000000;
    30C9 : 00000000;
    30CA : 00000000;
    30CB : 00000000;
    30CC : 00000000;
    30CD : 00000000;
    30CE : 00000000;
    30CF : 00000000;
    30D0 : 00000000;
    30D1 : 00000000;
    30D2 : 00000000;
    30D3 : 00000000;
    30D4 : 00000000;
    30D5 : 00000000;
    30D6 : 00000000;
    30D7 : 00000000;
    30D8 : 00000000;
    30D9 : 00000000;
    30DA : 00000000;
    30DB : 00000000;
    30DC : 00000000;
    30DD : 00000000;
    30DE : 00000000;
    30DF : 00000000;
    30E0 : 00000000;
    30E1 : 00000000;
    30E2 : 00000000;
    30E3 : 00000000;
    30E4 : 00000000;
    30E5 : 00000000;
    30E6 : 00000000;
    30E7 : 00000000;
    30E8 : 00000000;
    30E9 : 00000000;
    30EA : 00000000;
    30EB : 00000000;
    30EC : 00000000;
    30ED : 00000000;
    30EE : 00000000;
    30EF : 00000000;
    30F0 : 00000000;
    30F1 : 00000000;
    30F2 : 00000000;
    30F3 : 00000000;
    30F4 : 00000000;
    30F5 : 00000000;
    30F6 : 00000000;
    30F7 : 00000000;
    30F8 : 00000000;
    30F9 : 00000000;
    30FA : 00000000;
    30FB : 00000000;
    30FC : 00000000;
    30FD : 00000000;
    30FE : 00000000;
    30FF : 00000000;
    3100 : 00000000;
    3101 : 00000000;
    3102 : 00000000;
    3103 : 00000000;
    3104 : 00000000;
    3105 : 00000000;
    3106 : 00000000;
    3107 : 00000000;
    3108 : 00000000;
    3109 : 00000000;
    310A : 00000000;
    310B : 00000000;
    310C : 00000000;
    310D : 00000000;
    310E : 00000000;
    310F : 00000000;
    3110 : 00000000;
    3111 : 00000000;
    3112 : 00000000;
    3113 : 00000000;
    3114 : 00000000;
    3115 : 00000000;
    3116 : 00000000;
    3117 : 00000000;
    3118 : 00000000;
    3119 : 00000000;
    311A : 00000000;
    311B : 00000000;
    311C : 00000000;
    311D : 00000000;
    311E : 00000000;
    311F : 00000000;
    3120 : 00000000;
    3121 : 00000000;
    3122 : 00000000;
    3123 : 00000000;
    3124 : 00000000;
    3125 : 00000000;
    3126 : 00000000;
    3127 : 00000000;
    3128 : 00000000;
    3129 : 00000000;
    312A : 00000000;
    312B : 00000000;
    312C : 00000000;
    312D : 00000000;
    312E : 00000000;
    312F : 00000000;
    3130 : 00000000;
    3131 : 00000000;
    3132 : 00000000;
    3133 : 00000000;
    3134 : 00000000;
    3135 : 00000000;
    3136 : 00000000;
    3137 : 00000000;
    3138 : 00000000;
    3139 : 00000000;
    313A : 00000000;
    313B : 00000000;
    313C : 00000000;
    313D : 00000000;
    313E : 00000000;
    313F : 00000000;
    3140 : 00000000;
    3141 : 00000000;
    3142 : 00000000;
    3143 : 00000000;
    3144 : 00000000;
    3145 : 00000000;
    3146 : 00000000;
    3147 : 00000000;
    3148 : 00000000;
    3149 : 00000000;
    314A : 00000000;
    314B : 00000000;
    314C : 00000000;
    314D : 00000000;
    314E : 00000000;
    314F : 00000000;
    3150 : 00000000;
    3151 : 00000000;
    3152 : 00000000;
    3153 : 00000000;
    3154 : 00000000;
    3155 : 00000000;
    3156 : 00000000;
    3157 : 00000000;
    3158 : 00000000;
    3159 : 00000000;
    315A : 00000000;
    315B : 00000000;
    315C : 00000000;
    315D : 00000000;
    315E : 00000000;
    315F : 00000000;
    3160 : 00000000;
    3161 : 00000000;
    3162 : 00000000;
    3163 : 00000000;
    3164 : 00000000;
    3165 : 00000000;
    3166 : 00000000;
    3167 : 00000000;
    3168 : 00000000;
    3169 : 00000000;
    316A : 00000000;
    316B : 00000000;
    316C : 00000000;
    316D : 00000000;
    316E : 00000000;
    316F : 00000000;
    3170 : 00000000;
    3171 : 00000000;
    3172 : 00000000;
    3173 : 00000000;
    3174 : 00000000;
    3175 : 00000000;
    3176 : 00000000;
    3177 : 00000000;
    3178 : 00000000;
    3179 : 00000000;
    317A : 00000000;
    317B : 00000000;
    317C : 00000000;
    317D : 00000000;
    317E : 00000000;
    317F : 00000000;
    3180 : 00000000;
    3181 : 00000000;
    3182 : 00000000;
    3183 : 00000000;
    3184 : 00000000;
    3185 : 00000000;
    3186 : 00000000;
    3187 : 00000000;
    3188 : 00000000;
    3189 : 00000000;
    318A : 00000000;
    318B : 00000000;
    318C : 00000000;
    318D : 00000000;
    318E : 00000000;
    318F : 00000000;
    3190 : 00000000;
    3191 : 00000000;
    3192 : 00000000;
    3193 : 00000000;
    3194 : 00000000;
    3195 : 00000000;
    3196 : 00000000;
    3197 : 00000000;
    3198 : 00000000;
    3199 : 00000000;
    319A : 00000000;
    319B : 00000000;
    319C : 00000000;
    319D : 00000000;
    319E : 00000000;
    319F : 00000000;
    31A0 : 00000000;
    31A1 : 00000000;
    31A2 : 00000000;
    31A3 : 00000000;
    31A4 : 00000000;
    31A5 : 00000000;
    31A6 : 00000000;
    31A7 : 00000000;
    31A8 : 00000000;
    31A9 : 00000000;
    31AA : 00000000;
    31AB : 00000000;
    31AC : 00000000;
    31AD : 00000000;
    31AE : 00000000;
    31AF : 00000000;
    31B0 : 00000000;
    31B1 : 00000000;
    31B2 : 00000000;
    31B3 : 00000000;
    31B4 : 00000000;
    31B5 : 00000000;
    31B6 : 00000000;
    31B7 : 00000000;
    31B8 : 00000000;
    31B9 : 00000000;
    31BA : 00000000;
    31BB : 00000000;
    31BC : 00000000;
    31BD : 00000000;
    31BE : 00000000;
    31BF : 00000000;
    31C0 : 00000000;
    31C1 : 00000000;
    31C2 : 00000000;
    31C3 : 00000000;
    31C4 : 00000000;
    31C5 : 00000000;
    31C6 : 00000000;
    31C7 : 00000000;
    31C8 : 00000000;
    31C9 : 00000000;
    31CA : 00000000;
    31CB : 00000000;
    31CC : 00000000;
    31CD : 00000000;
    31CE : 00000000;
    31CF : 00000000;
    31D0 : 00000000;
    31D1 : 00000000;
    31D2 : 00000000;
    31D3 : 00000000;
    31D4 : 00000000;
    31D5 : 00000000;
    31D6 : 00000000;
    31D7 : 00000000;
    31D8 : 00000000;
    31D9 : 00000000;
    31DA : 00000000;
    31DB : 00000000;
    31DC : 00000000;
    31DD : 00000000;
    31DE : 00000000;
    31DF : 00000000;
    31E0 : 00000000;
    31E1 : 00000000;
    31E2 : 00000000;
    31E3 : 00000000;
    31E4 : 00000000;
    31E5 : 00000000;
    31E6 : 00000000;
    31E7 : 00000000;
    31E8 : 00000000;
    31E9 : 00000000;
    31EA : 00000000;
    31EB : 00000000;
    31EC : 00000000;
    31ED : 00000000;
    31EE : 00000000;
    31EF : 00000000;
    31F0 : 00000000;
    31F1 : 00000000;
    31F2 : 00000000;
    31F3 : 00000000;
    31F4 : 00000000;
    31F5 : 00000000;
    31F6 : 00000000;
    31F7 : 00000000;
    31F8 : 00000000;
    31F9 : 00000000;
    31FA : 00000000;
    31FB : 00000000;
    31FC : 00000000;
    31FD : 00000000;
    31FE : 00000000;
    31FF : 00000000;
    3200 : 00000000;
    3201 : 00000000;
    3202 : 00000000;
    3203 : 00000000;
    3204 : 00000000;
    3205 : 00000000;
    3206 : 00000000;
    3207 : 00000000;
    3208 : 00000000;
    3209 : 00000000;
    320A : 00000000;
    320B : 00000000;
    320C : 00000000;
    320D : 00000000;
    320E : 00000000;
    320F : 00000000;
    3210 : 00000000;
    3211 : 00000000;
    3212 : 00000000;
    3213 : 00000000;
    3214 : 00000000;
    3215 : 00000000;
    3216 : 00000000;
    3217 : 00000000;
    3218 : 00000000;
    3219 : 00000000;
    321A : 00000000;
    321B : 00000000;
    321C : 00000000;
    321D : 00000000;
    321E : 00000000;
    321F : 00000000;
    3220 : 00000000;
    3221 : 00000000;
    3222 : 00000000;
    3223 : 00000000;
    3224 : 00000000;
    3225 : 00000000;
    3226 : 00000000;
    3227 : 00000000;
    3228 : 00000000;
    3229 : 00000000;
    322A : 00000000;
    322B : 00000000;
    322C : 00000000;
    322D : 00000000;
    322E : 00000000;
    322F : 00000000;
    3230 : 00000000;
    3231 : 00000000;
    3232 : 00000000;
    3233 : 00000000;
    3234 : 00000000;
    3235 : 00000000;
    3236 : 00000000;
    3237 : 00000000;
    3238 : 00000000;
    3239 : 00000000;
    323A : 00000000;
    323B : 00000000;
    323C : 00000000;
    323D : 00000000;
    323E : 00000000;
    323F : 00000000;
    3240 : 00000000;
    3241 : 00000000;
    3242 : 00000000;
    3243 : 00000000;
    3244 : 00000000;
    3245 : 00000000;
    3246 : 00000000;
    3247 : 00000000;
    3248 : 00000000;
    3249 : 00000000;
    324A : 00000000;
    324B : 00000000;
    324C : 00000000;
    324D : 00000000;
    324E : 00000000;
    324F : 00000000;
    3250 : 00000000;
    3251 : 00000000;
    3252 : 00000000;
    3253 : 00000000;
    3254 : 00000000;
    3255 : 00000000;
    3256 : 00000000;
    3257 : 00000000;
    3258 : 00000000;
    3259 : 00000000;
    325A : 00000000;
    325B : 00000000;
    325C : 00000000;
    325D : 00000000;
    325E : 00000000;
    325F : 00000000;
    3260 : 00000000;
    3261 : 00000000;
    3262 : 00000000;
    3263 : 00000000;
    3264 : 00000000;
    3265 : 00000000;
    3266 : 00000000;
    3267 : 00000000;
    3268 : 00000000;
    3269 : 00000000;
    326A : 00000000;
    326B : 00000000;
    326C : 00000000;
    326D : 00000000;
    326E : 00000000;
    326F : 00000000;
    3270 : 00000000;
    3271 : 00000000;
    3272 : 00000000;
    3273 : 00000000;
    3274 : 00000000;
    3275 : 00000000;
    3276 : 00000000;
    3277 : 00000000;
    3278 : 00000000;
    3279 : 00000000;
    327A : 00000000;
    327B : 00000000;
    327C : 00000000;
    327D : 00000000;
    327E : 00000000;
    327F : 00000000;
    3280 : 00000000;
    3281 : 00000000;
    3282 : 00000000;
    3283 : 00000000;
    3284 : 00000000;
    3285 : 00000000;
    3286 : 00000000;
    3287 : 00000000;
    3288 : 00000000;
    3289 : 00000000;
    328A : 00000000;
    328B : 00000000;
    328C : 00000000;
    328D : 00000000;
    328E : 00000000;
    328F : 00000000;
    3290 : 00000000;
    3291 : 00000000;
    3292 : 00000000;
    3293 : 00000000;
    3294 : 00000000;
    3295 : 00000000;
    3296 : 00000000;
    3297 : 00000000;
    3298 : 00000000;
    3299 : 00000000;
    329A : 00000000;
    329B : 00000000;
    329C : 00000000;
    329D : 00000000;
    329E : 00000000;
    329F : 00000000;
    32A0 : 00000000;
    32A1 : 00000000;
    32A2 : 00000000;
    32A3 : 00000000;
    32A4 : 00000000;
    32A5 : 00000000;
    32A6 : 00000000;
    32A7 : 00000000;
    32A8 : 00000000;
    32A9 : 00000000;
    32AA : 00000000;
    32AB : 00000000;
    32AC : 00000000;
    32AD : 00000000;
    32AE : 00000000;
    32AF : 00000000;
    32B0 : 00000000;
    32B1 : 00000000;
    32B2 : 00000000;
    32B3 : 00000000;
    32B4 : 00000000;
    32B5 : 00000000;
    32B6 : 00000000;
    32B7 : 00000000;
    32B8 : 00000000;
    32B9 : 00000000;
    32BA : 00000000;
    32BB : 00000000;
    32BC : 00000000;
    32BD : 00000000;
    32BE : 00000000;
    32BF : 00000000;
    32C0 : 00000000;
    32C1 : 00000000;
    32C2 : 00000000;
    32C3 : 00000000;
    32C4 : 00000000;
    32C5 : 00000000;
    32C6 : 00000000;
    32C7 : 00000000;
    32C8 : 00000000;
    32C9 : 00000000;
    32CA : 00000000;
    32CB : 00000000;
    32CC : 00000000;
    32CD : 00000000;
    32CE : 00000000;
    32CF : 00000000;
    32D0 : 00000000;
    32D1 : 00000000;
    32D2 : 00000000;
    32D3 : 00000000;
    32D4 : 00000000;
    32D5 : 00000000;
    32D6 : 00000000;
    32D7 : 00000000;
    32D8 : 00000000;
    32D9 : 00000000;
    32DA : 00000000;
    32DB : 00000000;
    32DC : 00000000;
    32DD : 00000000;
    32DE : 00000000;
    32DF : 00000000;
    32E0 : 00000000;
    32E1 : 00000000;
    32E2 : 00000000;
    32E3 : 00000000;
    32E4 : 00000000;
    32E5 : 00000000;
    32E6 : 00000000;
    32E7 : 00000000;
    32E8 : 00000000;
    32E9 : 00000000;
    32EA : 00000000;
    32EB : 00000000;
    32EC : 00000000;
    32ED : 00000000;
    32EE : 00000000;
    32EF : 00000000;
    32F0 : 00000000;
    32F1 : 00000000;
    32F2 : 00000000;
    32F3 : 00000000;
    32F4 : 00000000;
    32F5 : 00000000;
    32F6 : 00000000;
    32F7 : 00000000;
    32F8 : 00000000;
    32F9 : 00000000;
    32FA : 00000000;
    32FB : 00000000;
    32FC : 00000000;
    32FD : 00000000;
    32FE : 00000000;
    32FF : 00000000;
    3300 : 00000000;
    3301 : 00000000;
    3302 : 00000000;
    3303 : 00000000;
    3304 : 00000000;
    3305 : 00000000;
    3306 : 00000000;
    3307 : 00000000;
    3308 : 00000000;
    3309 : 00000000;
    330A : 00000000;
    330B : 00000000;
    330C : 00000000;
    330D : 00000000;
    330E : 00000000;
    330F : 00000000;
    3310 : 00000000;
    3311 : 00000000;
    3312 : 00000000;
    3313 : 00000000;
    3314 : 00000000;
    3315 : 00000000;
    3316 : 00000000;
    3317 : 00000000;
    3318 : 00000000;
    3319 : 00000000;
    331A : 00000000;
    331B : 00000000;
    331C : 00000000;
    331D : 00000000;
    331E : 00000000;
    331F : 00000000;
    3320 : 00000000;
    3321 : 00000000;
    3322 : 00000000;
    3323 : 00000000;
    3324 : 00000000;
    3325 : 00000000;
    3326 : 00000000;
    3327 : 00000000;
    3328 : 00000000;
    3329 : 00000000;
    332A : 00000000;
    332B : 00000000;
    332C : 00000000;
    332D : 00000000;
    332E : 00000000;
    332F : 00000000;
    3330 : 00000000;
    3331 : 00000000;
    3332 : 00000000;
    3333 : 00000000;
    3334 : 00000000;
    3335 : 00000000;
    3336 : 00000000;
    3337 : 00000000;
    3338 : 00000000;
    3339 : 00000000;
    333A : 00000000;
    333B : 00000000;
    333C : 00000000;
    333D : 00000000;
    333E : 00000000;
    333F : 00000000;
    3340 : 00000000;
    3341 : 00000000;
    3342 : 00000000;
    3343 : 00000000;
    3344 : 00000000;
    3345 : 00000000;
    3346 : 00000000;
    3347 : 00000000;
    3348 : 00000000;
    3349 : 00000000;
    334A : 00000000;
    334B : 00000000;
    334C : 00000000;
    334D : 00000000;
    334E : 00000000;
    334F : 00000000;
    3350 : 00000000;
    3351 : 00000000;
    3352 : 00000000;
    3353 : 00000000;
    3354 : 00000000;
    3355 : 00000000;
    3356 : 00000000;
    3357 : 00000000;
    3358 : 00000000;
    3359 : 00000000;
    335A : 00000000;
    335B : 00000000;
    335C : 00000000;
    335D : 00000000;
    335E : 00000000;
    335F : 00000000;
    3360 : 00000000;
    3361 : 00000000;
    3362 : 00000000;
    3363 : 00000000;
    3364 : 00000000;
    3365 : 00000000;
    3366 : 00000000;
    3367 : 00000000;
    3368 : 00000000;
    3369 : 00000000;
    336A : 00000000;
    336B : 00000000;
    336C : 00000000;
    336D : 00000000;
    336E : 00000000;
    336F : 00000000;
    3370 : 00000000;
    3371 : 00000000;
    3372 : 00000000;
    3373 : 00000000;
    3374 : 00000000;
    3375 : 00000000;
    3376 : 00000000;
    3377 : 00000000;
    3378 : 00000000;
    3379 : 00000000;
    337A : 00000000;
    337B : 00000000;
    337C : 00000000;
    337D : 00000000;
    337E : 00000000;
    337F : 00000000;
    3380 : 00000000;
    3381 : 00000000;
    3382 : 00000000;
    3383 : 00000000;
    3384 : 00000000;
    3385 : 00000000;
    3386 : 00000000;
    3387 : 00000000;
    3388 : 00000000;
    3389 : 00000000;
    338A : 00000000;
    338B : 00000000;
    338C : 00000000;
    338D : 00000000;
    338E : 00000000;
    338F : 00000000;
    3390 : 00000000;
    3391 : 00000000;
    3392 : 00000000;
    3393 : 00000000;
    3394 : 00000000;
    3395 : 00000000;
    3396 : 00000000;
    3397 : 00000000;
    3398 : 00000000;
    3399 : 00000000;
    339A : 00000000;
    339B : 00000000;
    339C : 00000000;
    339D : 00000000;
    339E : 00000000;
    339F : 00000000;
    33A0 : 00000000;
    33A1 : 00000000;
    33A2 : 00000000;
    33A3 : 00000000;
    33A4 : 00000000;
    33A5 : 00000000;
    33A6 : 00000000;
    33A7 : 00000000;
    33A8 : 00000000;
    33A9 : 00000000;
    33AA : 00000000;
    33AB : 00000000;
    33AC : 00000000;
    33AD : 00000000;
    33AE : 00000000;
    33AF : 00000000;
    33B0 : 00000000;
    33B1 : 00000000;
    33B2 : 00000000;
    33B3 : 00000000;
    33B4 : 00000000;
    33B5 : 00000000;
    33B6 : 00000000;
    33B7 : 00000000;
    33B8 : 00000000;
    33B9 : 00000000;
    33BA : 00000000;
    33BB : 00000000;
    33BC : 00000000;
    33BD : 00000000;
    33BE : 00000000;
    33BF : 00000000;
    33C0 : 00000000;
    33C1 : 00000000;
    33C2 : 00000000;
    33C3 : 00000000;
    33C4 : 00000000;
    33C5 : 00000000;
    33C6 : 00000000;
    33C7 : 00000000;
    33C8 : 00000000;
    33C9 : 00000000;
    33CA : 00000000;
    33CB : 00000000;
    33CC : 00000000;
    33CD : 00000000;
    33CE : 00000000;
    33CF : 00000000;
    33D0 : 00000000;
    33D1 : 00000000;
    33D2 : 00000000;
    33D3 : 00000000;
    33D4 : 00000000;
    33D5 : 00000000;
    33D6 : 00000000;
    33D7 : 00000000;
    33D8 : 00000000;
    33D9 : 00000000;
    33DA : 00000000;
    33DB : 00000000;
    33DC : 00000000;
    33DD : 00000000;
    33DE : 00000000;
    33DF : 00000000;
    33E0 : 00000000;
    33E1 : 00000000;
    33E2 : 00000000;
    33E3 : 00000000;
    33E4 : 00000000;
    33E5 : 00000000;
    33E6 : 00000000;
    33E7 : 00000000;
    33E8 : 00000000;
    33E9 : 00000000;
    33EA : 00000000;
    33EB : 00000000;
    33EC : 00000000;
    33ED : 00000000;
    33EE : 00000000;
    33EF : 00000000;
    33F0 : 00000000;
    33F1 : 00000000;
    33F2 : 00000000;
    33F3 : 00000000;
    33F4 : 00000000;
    33F5 : 00000000;
    33F6 : 00000000;
    33F7 : 00000000;
    33F8 : 00000000;
    33F9 : 00000000;
    33FA : 00000000;
    33FB : 00000000;
    33FC : 00000000;
    33FD : 00000000;
    33FE : 00000000;
    33FF : 00000000;
    3400 : 00000000;
    3401 : 00000000;
    3402 : 00000000;
    3403 : 00000000;
    3404 : 00000000;
    3405 : 00000000;
    3406 : 00000000;
    3407 : 00000000;
    3408 : 00000000;
    3409 : 00000000;
    340A : 00000000;
    340B : 00000000;
    340C : 00000000;
    340D : 00000000;
    340E : 00000000;
    340F : 00000000;
    3410 : 00000000;
    3411 : 00000000;
    3412 : 00000000;
    3413 : 00000000;
    3414 : 00000000;
    3415 : 00000000;
    3416 : 00000000;
    3417 : 00000000;
    3418 : 00000000;
    3419 : 00000000;
    341A : 00000000;
    341B : 00000000;
    341C : 00000000;
    341D : 00000000;
    341E : 00000000;
    341F : 00000000;
    3420 : 00000000;
    3421 : 00000000;
    3422 : 00000000;
    3423 : 00000000;
    3424 : 00000000;
    3425 : 00000000;
    3426 : 00000000;
    3427 : 00000000;
    3428 : 00000000;
    3429 : 00000000;
    342A : 00000000;
    342B : 00000000;
    342C : 00000000;
    342D : 00000000;
    342E : 00000000;
    342F : 00000000;
    3430 : 00000000;
    3431 : 00000000;
    3432 : 00000000;
    3433 : 00000000;
    3434 : 00000000;
    3435 : 00000000;
    3436 : 00000000;
    3437 : 00000000;
    3438 : 00000000;
    3439 : 00000000;
    343A : 00000000;
    343B : 00000000;
    343C : 00000000;
    343D : 00000000;
    343E : 00000000;
    343F : 00000000;
    3440 : 00000000;
    3441 : 00000000;
    3442 : 00000000;
    3443 : 00000000;
    3444 : 00000000;
    3445 : 00000000;
    3446 : 00000000;
    3447 : 00000000;
    3448 : 00000000;
    3449 : 00000000;
    344A : 00000000;
    344B : 00000000;
    344C : 00000000;
    344D : 00000000;
    344E : 00000000;
    344F : 00000000;
    3450 : 00000000;
    3451 : 00000000;
    3452 : 00000000;
    3453 : 00000000;
    3454 : 00000000;
    3455 : 00000000;
    3456 : 00000000;
    3457 : 00000000;
    3458 : 00000000;
    3459 : 00000000;
    345A : 00000000;
    345B : 00000000;
    345C : 00000000;
    345D : 00000000;
    345E : 00000000;
    345F : 00000000;
    3460 : 00000000;
    3461 : 00000000;
    3462 : 00000000;
    3463 : 00000000;
    3464 : 00000000;
    3465 : 00000000;
    3466 : 00000000;
    3467 : 00000000;
    3468 : 00000000;
    3469 : 00000000;
    346A : 00000000;
    346B : 00000000;
    346C : 00000000;
    346D : 00000000;
    346E : 00000000;
    346F : 00000000;
    3470 : 00000000;
    3471 : 00000000;
    3472 : 00000000;
    3473 : 00000000;
    3474 : 00000000;
    3475 : 00000000;
    3476 : 00000000;
    3477 : 00000000;
    3478 : 00000000;
    3479 : 00000000;
    347A : 00000000;
    347B : 00000000;
    347C : 00000000;
    347D : 00000000;
    347E : 00000000;
    347F : 00000000;
    3480 : 00000000;
    3481 : 00000000;
    3482 : 00000000;
    3483 : 00000000;
    3484 : 00000000;
    3485 : 00000000;
    3486 : 00000000;
    3487 : 00000000;
    3488 : 00000000;
    3489 : 00000000;
    348A : 00000000;
    348B : 00000000;
    348C : 00000000;
    348D : 00000000;
    348E : 00000000;
    348F : 00000000;
    3490 : 00000000;
    3491 : 00000000;
    3492 : 00000000;
    3493 : 00000000;
    3494 : 00000000;
    3495 : 00000000;
    3496 : 00000000;
    3497 : 00000000;
    3498 : 00000000;
    3499 : 00000000;
    349A : 00000000;
    349B : 00000000;
    349C : 00000000;
    349D : 00000000;
    349E : 00000000;
    349F : 00000000;
    34A0 : 00000000;
    34A1 : 00000000;
    34A2 : 00000000;
    34A3 : 00000000;
    34A4 : 00000000;
    34A5 : 00000000;
    34A6 : 00000000;
    34A7 : 00000000;
    34A8 : 00000000;
    34A9 : 00000000;
    34AA : 00000000;
    34AB : 00000000;
    34AC : 00000000;
    34AD : 00000000;
    34AE : 00000000;
    34AF : 00000000;
    34B0 : 00000000;
    34B1 : 00000000;
    34B2 : 00000000;
    34B3 : 00000000;
    34B4 : 00000000;
    34B5 : 00000000;
    34B6 : 00000000;
    34B7 : 00000000;
    34B8 : 00000000;
    34B9 : 00000000;
    34BA : 00000000;
    34BB : 00000000;
    34BC : 00000000;
    34BD : 00000000;
    34BE : 00000000;
    34BF : 00000000;
    34C0 : 00000000;
    34C1 : 00000000;
    34C2 : 00000000;
    34C3 : 00000000;
    34C4 : 00000000;
    34C5 : 00000000;
    34C6 : 00000000;
    34C7 : 00000000;
    34C8 : 00000000;
    34C9 : 00000000;
    34CA : 00000000;
    34CB : 00000000;
    34CC : 00000000;
    34CD : 00000000;
    34CE : 00000000;
    34CF : 00000000;
    34D0 : 00000000;
    34D1 : 00000000;
    34D2 : 00000000;
    34D3 : 00000000;
    34D4 : 00000000;
    34D5 : 00000000;
    34D6 : 00000000;
    34D7 : 00000000;
    34D8 : 00000000;
    34D9 : 00000000;
    34DA : 00000000;
    34DB : 00000000;
    34DC : 00000000;
    34DD : 00000000;
    34DE : 00000000;
    34DF : 00000000;
    34E0 : 00000000;
    34E1 : 00000000;
    34E2 : 00000000;
    34E3 : 00000000;
    34E4 : 00000000;
    34E5 : 00000000;
    34E6 : 00000000;
    34E7 : 00000000;
    34E8 : 00000000;
    34E9 : 00000000;
    34EA : 00000000;
    34EB : 00000000;
    34EC : 00000000;
    34ED : 00000000;
    34EE : 00000000;
    34EF : 00000000;
    34F0 : 00000000;
    34F1 : 00000000;
    34F2 : 00000000;
    34F3 : 00000000;
    34F4 : 00000000;
    34F5 : 00000000;
    34F6 : 00000000;
    34F7 : 00000000;
    34F8 : 00000000;
    34F9 : 00000000;
    34FA : 00000000;
    34FB : 00000000;
    34FC : 00000000;
    34FD : 00000000;
    34FE : 00000000;
    34FF : 00000000;
    3500 : 00000000;
    3501 : 00000000;
    3502 : 00000000;
    3503 : 00000000;
    3504 : 00000000;
    3505 : 00000000;
    3506 : 00000000;
    3507 : 00000000;
    3508 : 00000000;
    3509 : 00000000;
    350A : 00000000;
    350B : 00000000;
    350C : 00000000;
    350D : 00000000;
    350E : 00000000;
    350F : 00000000;
    3510 : 00000000;
    3511 : 00000000;
    3512 : 00000000;
    3513 : 00000000;
    3514 : 00000000;
    3515 : 00000000;
    3516 : 00000000;
    3517 : 00000000;
    3518 : 00000000;
    3519 : 00000000;
    351A : 00000000;
    351B : 00000000;
    351C : 00000000;
    351D : 00000000;
    351E : 00000000;
    351F : 00000000;
    3520 : 00000000;
    3521 : 00000000;
    3522 : 00000000;
    3523 : 00000000;
    3524 : 00000000;
    3525 : 00000000;
    3526 : 00000000;
    3527 : 00000000;
    3528 : 00000000;
    3529 : 00000000;
    352A : 00000000;
    352B : 00000000;
    352C : 00000000;
    352D : 00000000;
    352E : 00000000;
    352F : 00000000;
    3530 : 00000000;
    3531 : 00000000;
    3532 : 00000000;
    3533 : 00000000;
    3534 : 00000000;
    3535 : 00000000;
    3536 : 00000000;
    3537 : 00000000;
    3538 : 00000000;
    3539 : 00000000;
    353A : 00000000;
    353B : 00000000;
    353C : 00000000;
    353D : 00000000;
    353E : 00000000;
    353F : 00000000;
    3540 : 00000000;
    3541 : 00000000;
    3542 : 00000000;
    3543 : 00000000;
    3544 : 00000000;
    3545 : 00000000;
    3546 : 00000000;
    3547 : 00000000;
    3548 : 00000000;
    3549 : 00000000;
    354A : 00000000;
    354B : 00000000;
    354C : 00000000;
    354D : 00000000;
    354E : 00000000;
    354F : 00000000;
    3550 : 00000000;
    3551 : 00000000;
    3552 : 00000000;
    3553 : 00000000;
    3554 : 00000000;
    3555 : 00000000;
    3556 : 00000000;
    3557 : 00000000;
    3558 : 00000000;
    3559 : 00000000;
    355A : 00000000;
    355B : 00000000;
    355C : 00000000;
    355D : 00000000;
    355E : 00000000;
    355F : 00000000;
    3560 : 00000000;
    3561 : 00000000;
    3562 : 00000000;
    3563 : 00000000;
    3564 : 00000000;
    3565 : 00000000;
    3566 : 00000000;
    3567 : 00000000;
    3568 : 00000000;
    3569 : 00000000;
    356A : 00000000;
    356B : 00000000;
    356C : 00000000;
    356D : 00000000;
    356E : 00000000;
    356F : 00000000;
    3570 : 00000000;
    3571 : 00000000;
    3572 : 00000000;
    3573 : 00000000;
    3574 : 00000000;
    3575 : 00000000;
    3576 : 00000000;
    3577 : 00000000;
    3578 : 00000000;
    3579 : 00000000;
    357A : 00000000;
    357B : 00000000;
    357C : 00000000;
    357D : 00000000;
    357E : 00000000;
    357F : 00000000;
    3580 : 00000000;
    3581 : 00000000;
    3582 : 00000000;
    3583 : 00000000;
    3584 : 00000000;
    3585 : 00000000;
    3586 : 00000000;
    3587 : 00000000;
    3588 : 00000000;
    3589 : 00000000;
    358A : 00000000;
    358B : 00000000;
    358C : 00000000;
    358D : 00000000;
    358E : 00000000;
    358F : 00000000;
    3590 : 00000000;
    3591 : 00000000;
    3592 : 00000000;
    3593 : 00000000;
    3594 : 00000000;
    3595 : 00000000;
    3596 : 00000000;
    3597 : 00000000;
    3598 : 00000000;
    3599 : 00000000;
    359A : 00000000;
    359B : 00000000;
    359C : 00000000;
    359D : 00000000;
    359E : 00000000;
    359F : 00000000;
    35A0 : 00000000;
    35A1 : 00000000;
    35A2 : 00000000;
    35A3 : 00000000;
    35A4 : 00000000;
    35A5 : 00000000;
    35A6 : 00000000;
    35A7 : 00000000;
    35A8 : 00000000;
    35A9 : 00000000;
    35AA : 00000000;
    35AB : 00000000;
    35AC : 00000000;
    35AD : 00000000;
    35AE : 00000000;
    35AF : 00000000;
    35B0 : 00000000;
    35B1 : 00000000;
    35B2 : 00000000;
    35B3 : 00000000;
    35B4 : 00000000;
    35B5 : 00000000;
    35B6 : 00000000;
    35B7 : 00000000;
    35B8 : 00000000;
    35B9 : 00000000;
    35BA : 00000000;
    35BB : 00000000;
    35BC : 00000000;
    35BD : 00000000;
    35BE : 00000000;
    35BF : 00000000;
    35C0 : 00000000;
    35C1 : 00000000;
    35C2 : 00000000;
    35C3 : 00000000;
    35C4 : 00000000;
    35C5 : 00000000;
    35C6 : 00000000;
    35C7 : 00000000;
    35C8 : 00000000;
    35C9 : 00000000;
    35CA : 00000000;
    35CB : 00000000;
    35CC : 00000000;
    35CD : 00000000;
    35CE : 00000000;
    35CF : 00000000;
    35D0 : 00000000;
    35D1 : 00000000;
    35D2 : 00000000;
    35D3 : 00000000;
    35D4 : 00000000;
    35D5 : 00000000;
    35D6 : 00000000;
    35D7 : 00000000;
    35D8 : 00000000;
    35D9 : 00000000;
    35DA : 00000000;
    35DB : 00000000;
    35DC : 00000000;
    35DD : 00000000;
    35DE : 00000000;
    35DF : 00000000;
    35E0 : 00000000;
    35E1 : 00000000;
    35E2 : 00000000;
    35E3 : 00000000;
    35E4 : 00000000;
    35E5 : 00000000;
    35E6 : 00000000;
    35E7 : 00000000;
    35E8 : 00000000;
    35E9 : 00000000;
    35EA : 00000000;
    35EB : 00000000;
    35EC : 00000000;
    35ED : 00000000;
    35EE : 00000000;
    35EF : 00000000;
    35F0 : 00000000;
    35F1 : 00000000;
    35F2 : 00000000;
    35F3 : 00000000;
    35F4 : 00000000;
    35F5 : 00000000;
    35F6 : 00000000;
    35F7 : 00000000;
    35F8 : 00000000;
    35F9 : 00000000;
    35FA : 00000000;
    35FB : 00000000;
    35FC : 00000000;
    35FD : 00000000;
    35FE : 00000000;
    35FF : 00000000;
    3600 : 00000000;
    3601 : 00000000;
    3602 : 00000000;
    3603 : 00000000;
    3604 : 00000000;
    3605 : 00000000;
    3606 : 00000000;
    3607 : 00000000;
    3608 : 00000000;
    3609 : 00000000;
    360A : 00000000;
    360B : 00000000;
    360C : 00000000;
    360D : 00000000;
    360E : 00000000;
    360F : 00000000;
    3610 : 00000000;
    3611 : 00000000;
    3612 : 00000000;
    3613 : 00000000;
    3614 : 00000000;
    3615 : 00000000;
    3616 : 00000000;
    3617 : 00000000;
    3618 : 00000000;
    3619 : 00000000;
    361A : 00000000;
    361B : 00000000;
    361C : 00000000;
    361D : 00000000;
    361E : 00000000;
    361F : 00000000;
    3620 : 00000000;
    3621 : 00000000;
    3622 : 00000000;
    3623 : 00000000;
    3624 : 00000000;
    3625 : 00000000;
    3626 : 00000000;
    3627 : 00000000;
    3628 : 00000000;
    3629 : 00000000;
    362A : 00000000;
    362B : 00000000;
    362C : 00000000;
    362D : 00000000;
    362E : 00000000;
    362F : 00000000;
    3630 : 00000000;
    3631 : 00000000;
    3632 : 00000000;
    3633 : 00000000;
    3634 : 00000000;
    3635 : 00000000;
    3636 : 00000000;
    3637 : 00000000;
    3638 : 00000000;
    3639 : 00000000;
    363A : 00000000;
    363B : 00000000;
    363C : 00000000;
    363D : 00000000;
    363E : 00000000;
    363F : 00000000;
    3640 : 00000000;
    3641 : 00000000;
    3642 : 00000000;
    3643 : 00000000;
    3644 : 00000000;
    3645 : 00000000;
    3646 : 00000000;
    3647 : 00000000;
    3648 : 00000000;
    3649 : 00000000;
    364A : 00000000;
    364B : 00000000;
    364C : 00000000;
    364D : 00000000;
    364E : 00000000;
    364F : 00000000;
    3650 : 00000000;
    3651 : 00000000;
    3652 : 00000000;
    3653 : 00000000;
    3654 : 00000000;
    3655 : 00000000;
    3656 : 00000000;
    3657 : 00000000;
    3658 : 00000000;
    3659 : 00000000;
    365A : 00000000;
    365B : 00000000;
    365C : 00000000;
    365D : 00000000;
    365E : 00000000;
    365F : 00000000;
    3660 : 00000000;
    3661 : 00000000;
    3662 : 00000000;
    3663 : 00000000;
    3664 : 00000000;
    3665 : 00000000;
    3666 : 00000000;
    3667 : 00000000;
    3668 : 00000000;
    3669 : 00000000;
    366A : 00000000;
    366B : 00000000;
    366C : 00000000;
    366D : 00000000;
    366E : 00000000;
    366F : 00000000;
    3670 : 00000000;
    3671 : 00000000;
    3672 : 00000000;
    3673 : 00000000;
    3674 : 00000000;
    3675 : 00000000;
    3676 : 00000000;
    3677 : 00000000;
    3678 : 00000000;
    3679 : 00000000;
    367A : 00000000;
    367B : 00000000;
    367C : 00000000;
    367D : 00000000;
    367E : 00000000;
    367F : 00000000;
    3680 : 00000000;
    3681 : 00000000;
    3682 : 00000000;
    3683 : 00000000;
    3684 : 00000000;
    3685 : 00000000;
    3686 : 00000000;
    3687 : 00000000;
    3688 : 00000000;
    3689 : 00000000;
    368A : 00000000;
    368B : 00000000;
    368C : 00000000;
    368D : 00000000;
    368E : 00000000;
    368F : 00000000;
    3690 : 00000000;
    3691 : 00000000;
    3692 : 00000000;
    3693 : 00000000;
    3694 : 00000000;
    3695 : 00000000;
    3696 : 00000000;
    3697 : 00000000;
    3698 : 00000000;
    3699 : 00000000;
    369A : 00000000;
    369B : 00000000;
    369C : 00000000;
    369D : 00000000;
    369E : 00000000;
    369F : 00000000;
    36A0 : 00000000;
    36A1 : 00000000;
    36A2 : 00000000;
    36A3 : 00000000;
    36A4 : 00000000;
    36A5 : 00000000;
    36A6 : 00000000;
    36A7 : 00000000;
    36A8 : 00000000;
    36A9 : 00000000;
    36AA : 00000000;
    36AB : 00000000;
    36AC : 00000000;
    36AD : 00000000;
    36AE : 00000000;
    36AF : 00000000;
    36B0 : 00000000;
    36B1 : 00000000;
    36B2 : 00000000;
    36B3 : 00000000;
    36B4 : 00000000;
    36B5 : 00000000;
    36B6 : 00000000;
    36B7 : 00000000;
    36B8 : 00000000;
    36B9 : 00000000;
    36BA : 00000000;
    36BB : 00000000;
    36BC : 00000000;
    36BD : 00000000;
    36BE : 00000000;
    36BF : 00000000;
    36C0 : 00000000;
    36C1 : 00000000;
    36C2 : 00000000;
    36C3 : 00000000;
    36C4 : 00000000;
    36C5 : 00000000;
    36C6 : 00000000;
    36C7 : 00000000;
    36C8 : 00000000;
    36C9 : 00000000;
    36CA : 00000000;
    36CB : 00000000;
    36CC : 00000000;
    36CD : 00000000;
    36CE : 00000000;
    36CF : 00000000;
    36D0 : 00000000;
    36D1 : 00000000;
    36D2 : 00000000;
    36D3 : 00000000;
    36D4 : 00000000;
    36D5 : 00000000;
    36D6 : 00000000;
    36D7 : 00000000;
    36D8 : 00000000;
    36D9 : 00000000;
    36DA : 00000000;
    36DB : 00000000;
    36DC : 00000000;
    36DD : 00000000;
    36DE : 00000000;
    36DF : 00000000;
    36E0 : 00000000;
    36E1 : 00000000;
    36E2 : 00000000;
    36E3 : 00000000;
    36E4 : 00000000;
    36E5 : 00000000;
    36E6 : 00000000;
    36E7 : 00000000;
    36E8 : 00000000;
    36E9 : 00000000;
    36EA : 00000000;
    36EB : 00000000;
    36EC : 00000000;
    36ED : 00000000;
    36EE : 00000000;
    36EF : 00000000;
    36F0 : 00000000;
    36F1 : 00000000;
    36F2 : 00000000;
    36F3 : 00000000;
    36F4 : 00000000;
    36F5 : 00000000;
    36F6 : 00000000;
    36F7 : 00000000;
    36F8 : 00000000;
    36F9 : 00000000;
    36FA : 00000000;
    36FB : 00000000;
    36FC : 00000000;
    36FD : 00000000;
    36FE : 00000000;
    36FF : 00000000;
    3700 : 00000000;
    3701 : 00000000;
    3702 : 00000000;
    3703 : 00000000;
    3704 : 00000000;
    3705 : 00000000;
    3706 : 00000000;
    3707 : 00000000;
    3708 : 00000000;
    3709 : 00000000;
    370A : 00000000;
    370B : 00000000;
    370C : 00000000;
    370D : 00000000;
    370E : 00000000;
    370F : 00000000;
    3710 : 00000000;
    3711 : 00000000;
    3712 : 00000000;
    3713 : 00000000;
    3714 : 00000000;
    3715 : 00000000;
    3716 : 00000000;
    3717 : 00000000;
    3718 : 00000000;
    3719 : 00000000;
    371A : 00000000;
    371B : 00000000;
    371C : 00000000;
    371D : 00000000;
    371E : 00000000;
    371F : 00000000;
    3720 : 00000000;
    3721 : 00000000;
    3722 : 00000000;
    3723 : 00000000;
    3724 : 00000000;
    3725 : 00000000;
    3726 : 00000000;
    3727 : 00000000;
    3728 : 00000000;
    3729 : 00000000;
    372A : 00000000;
    372B : 00000000;
    372C : 00000000;
    372D : 00000000;
    372E : 00000000;
    372F : 00000000;
    3730 : 00000000;
    3731 : 00000000;
    3732 : 00000000;
    3733 : 00000000;
    3734 : 00000000;
    3735 : 00000000;
    3736 : 00000000;
    3737 : 00000000;
    3738 : 00000000;
    3739 : 00000000;
    373A : 00000000;
    373B : 00000000;
    373C : 00000000;
    373D : 00000000;
    373E : 00000000;
    373F : 00000000;
    3740 : 00000000;
    3741 : 00000000;
    3742 : 00000000;
    3743 : 00000000;
    3744 : 00000000;
    3745 : 00000000;
    3746 : 00000000;
    3747 : 00000000;
    3748 : 00000000;
    3749 : 00000000;
    374A : 00000000;
    374B : 00000000;
    374C : 00000000;
    374D : 00000000;
    374E : 00000000;
    374F : 00000000;
    3750 : 00000000;
    3751 : 00000000;
    3752 : 00000000;
    3753 : 00000000;
    3754 : 00000000;
    3755 : 00000000;
    3756 : 00000000;
    3757 : 00000000;
    3758 : 00000000;
    3759 : 00000000;
    375A : 00000000;
    375B : 00000000;
    375C : 00000000;
    375D : 00000000;
    375E : 00000000;
    375F : 00000000;
    3760 : 00000000;
    3761 : 00000000;
    3762 : 00000000;
    3763 : 00000000;
    3764 : 00000000;
    3765 : 00000000;
    3766 : 00000000;
    3767 : 00000000;
    3768 : 00000000;
    3769 : 00000000;
    376A : 00000000;
    376B : 00000000;
    376C : 00000000;
    376D : 00000000;
    376E : 00000000;
    376F : 00000000;
    3770 : 00000000;
    3771 : 00000000;
    3772 : 00000000;
    3773 : 00000000;
    3774 : 00000000;
    3775 : 00000000;
    3776 : 00000000;
    3777 : 00000000;
    3778 : 00000000;
    3779 : 00000000;
    377A : 00000000;
    377B : 00000000;
    377C : 00000000;
    377D : 00000000;
    377E : 00000000;
    377F : 00000000;
    3780 : 00000000;
    3781 : 00000000;
    3782 : 00000000;
    3783 : 00000000;
    3784 : 00000000;
    3785 : 00000000;
    3786 : 00000000;
    3787 : 00000000;
    3788 : 00000000;
    3789 : 00000000;
    378A : 00000000;
    378B : 00000000;
    378C : 00000000;
    378D : 00000000;
    378E : 00000000;
    378F : 00000000;
    3790 : 00000000;
    3791 : 00000000;
    3792 : 00000000;
    3793 : 00000000;
    3794 : 00000000;
    3795 : 00000000;
    3796 : 00000000;
    3797 : 00000000;
    3798 : 00000000;
    3799 : 00000000;
    379A : 00000000;
    379B : 00000000;
    379C : 00000000;
    379D : 00000000;
    379E : 00000000;
    379F : 00000000;
    37A0 : 00000000;
    37A1 : 00000000;
    37A2 : 00000000;
    37A3 : 00000000;
    37A4 : 00000000;
    37A5 : 00000000;
    37A6 : 00000000;
    37A7 : 00000000;
    37A8 : 00000000;
    37A9 : 00000000;
    37AA : 00000000;
    37AB : 00000000;
    37AC : 00000000;
    37AD : 00000000;
    37AE : 00000000;
    37AF : 00000000;
    37B0 : 00000000;
    37B1 : 00000000;
    37B2 : 00000000;
    37B3 : 00000000;
    37B4 : 00000000;
    37B5 : 00000000;
    37B6 : 00000000;
    37B7 : 00000000;
    37B8 : 00000000;
    37B9 : 00000000;
    37BA : 00000000;
    37BB : 00000000;
    37BC : 00000000;
    37BD : 00000000;
    37BE : 00000000;
    37BF : 00000000;
    37C0 : 00000000;
    37C1 : 00000000;
    37C2 : 00000000;
    37C3 : 00000000;
    37C4 : 00000000;
    37C5 : 00000000;
    37C6 : 00000000;
    37C7 : 00000000;
    37C8 : 00000000;
    37C9 : 00000000;
    37CA : 00000000;
    37CB : 00000000;
    37CC : 00000000;
    37CD : 00000000;
    37CE : 00000000;
    37CF : 00000000;
    37D0 : 00000000;
    37D1 : 00000000;
    37D2 : 00000000;
    37D3 : 00000000;
    37D4 : 00000000;
    37D5 : 00000000;
    37D6 : 00000000;
    37D7 : 00000000;
    37D8 : 00000000;
    37D9 : 00000000;
    37DA : 00000000;
    37DB : 00000000;
    37DC : 00000000;
    37DD : 00000000;
    37DE : 00000000;
    37DF : 00000000;
    37E0 : 00000000;
    37E1 : 00000000;
    37E2 : 00000000;
    37E3 : 00000000;
    37E4 : 00000000;
    37E5 : 00000000;
    37E6 : 00000000;
    37E7 : 00000000;
    37E8 : 00000000;
    37E9 : 00000000;
    37EA : 00000000;
    37EB : 00000000;
    37EC : 00000000;
    37ED : 00000000;
    37EE : 00000000;
    37EF : 00000000;
    37F0 : 00000000;
    37F1 : 00000000;
    37F2 : 00000000;
    37F3 : 00000000;
    37F4 : 00000000;
    37F5 : 00000000;
    37F6 : 00000000;
    37F7 : 00000000;
    37F8 : 00000000;
    37F9 : 00000000;
    37FA : 00000000;
    37FB : 00000000;
    37FC : 00000000;
    37FD : 00000000;
    37FE : 00000000;
    37FF : 00000000;
    3800 : 00000000;
    3801 : 00000000;
    3802 : 00000000;
    3803 : 00000000;
    3804 : 00000000;
    3805 : 00000000;
    3806 : 00000000;
    3807 : 00000000;
    3808 : 00000000;
    3809 : 00000000;
    380A : 00000000;
    380B : 00000000;
    380C : 00000000;
    380D : 00000000;
    380E : 00000000;
    380F : 00000000;
    3810 : 00000000;
    3811 : 00000000;
    3812 : 00000000;
    3813 : 00000000;
    3814 : 00000000;
    3815 : 00000000;
    3816 : 00000000;
    3817 : 00000000;
    3818 : 00000000;
    3819 : 00000000;
    381A : 00000000;
    381B : 00000000;
    381C : 00000000;
    381D : 00000000;
    381E : 00000000;
    381F : 00000000;
    3820 : 00000000;
    3821 : 00000000;
    3822 : 00000000;
    3823 : 00000000;
    3824 : 00000000;
    3825 : 00000000;
    3826 : 00000000;
    3827 : 00000000;
    3828 : 00000000;
    3829 : 00000000;
    382A : 00000000;
    382B : 00000000;
    382C : 00000000;
    382D : 00000000;
    382E : 00000000;
    382F : 00000000;
    3830 : 00000000;
    3831 : 00000000;
    3832 : 00000000;
    3833 : 00000000;
    3834 : 00000000;
    3835 : 00000000;
    3836 : 00000000;
    3837 : 00000000;
    3838 : 00000000;
    3839 : 00000000;
    383A : 00000000;
    383B : 00000000;
    383C : 00000000;
    383D : 00000000;
    383E : 00000000;
    383F : 00000000;
    3840 : 00000000;
    3841 : 00000000;
    3842 : 00000000;
    3843 : 00000000;
    3844 : 00000000;
    3845 : 00000000;
    3846 : 00000000;
    3847 : 00000000;
    3848 : 00000000;
    3849 : 00000000;
    384A : 00000000;
    384B : 00000000;
    384C : 00000000;
    384D : 00000000;
    384E : 00000000;
    384F : 00000000;
    3850 : 00000000;
    3851 : 00000000;
    3852 : 00000000;
    3853 : 00000000;
    3854 : 00000000;
    3855 : 00000000;
    3856 : 00000000;
    3857 : 00000000;
    3858 : 00000000;
    3859 : 00000000;
    385A : 00000000;
    385B : 00000000;
    385C : 00000000;
    385D : 00000000;
    385E : 00000000;
    385F : 00000000;
    3860 : 00000000;
    3861 : 00000000;
    3862 : 00000000;
    3863 : 00000000;
    3864 : 00000000;
    3865 : 00000000;
    3866 : 00000000;
    3867 : 00000000;
    3868 : 00000000;
    3869 : 00000000;
    386A : 00000000;
    386B : 00000000;
    386C : 00000000;
    386D : 00000000;
    386E : 00000000;
    386F : 00000000;
    3870 : 00000000;
    3871 : 00000000;
    3872 : 00000000;
    3873 : 00000000;
    3874 : 00000000;
    3875 : 00000000;
    3876 : 00000000;
    3877 : 00000000;
    3878 : 00000000;
    3879 : 00000000;
    387A : 00000000;
    387B : 00000000;
    387C : 00000000;
    387D : 00000000;
    387E : 00000000;
    387F : 00000000;
    3880 : 00000000;
    3881 : 00000000;
    3882 : 00000000;
    3883 : 00000000;
    3884 : 00000000;
    3885 : 00000000;
    3886 : 00000000;
    3887 : 00000000;
    3888 : 00000000;
    3889 : 00000000;
    388A : 00000000;
    388B : 00000000;
    388C : 00000000;
    388D : 00000000;
    388E : 00000000;
    388F : 00000000;
    3890 : 00000000;
    3891 : 00000000;
    3892 : 00000000;
    3893 : 00000000;
    3894 : 00000000;
    3895 : 00000000;
    3896 : 00000000;
    3897 : 00000000;
    3898 : 00000000;
    3899 : 00000000;
    389A : 00000000;
    389B : 00000000;
    389C : 00000000;
    389D : 00000000;
    389E : 00000000;
    389F : 00000000;
    38A0 : 00000000;
    38A1 : 00000000;
    38A2 : 00000000;
    38A3 : 00000000;
    38A4 : 00000000;
    38A5 : 00000000;
    38A6 : 00000000;
    38A7 : 00000000;
    38A8 : 00000000;
    38A9 : 00000000;
    38AA : 00000000;
    38AB : 00000000;
    38AC : 00000000;
    38AD : 00000000;
    38AE : 00000000;
    38AF : 00000000;
    38B0 : 00000000;
    38B1 : 00000000;
    38B2 : 00000000;
    38B3 : 00000000;
    38B4 : 00000000;
    38B5 : 00000000;
    38B6 : 00000000;
    38B7 : 00000000;
    38B8 : 00000000;
    38B9 : 00000000;
    38BA : 00000000;
    38BB : 00000000;
    38BC : 00000000;
    38BD : 00000000;
    38BE : 00000000;
    38BF : 00000000;
    38C0 : 00000000;
    38C1 : 00000000;
    38C2 : 00000000;
    38C3 : 00000000;
    38C4 : 00000000;
    38C5 : 00000000;
    38C6 : 00000000;
    38C7 : 00000000;
    38C8 : 00000000;
    38C9 : 00000000;
    38CA : 00000000;
    38CB : 00000000;
    38CC : 00000000;
    38CD : 00000000;
    38CE : 00000000;
    38CF : 00000000;
    38D0 : 00000000;
    38D1 : 00000000;
    38D2 : 00000000;
    38D3 : 00000000;
    38D4 : 00000000;
    38D5 : 00000000;
    38D6 : 00000000;
    38D7 : 00000000;
    38D8 : 00000000;
    38D9 : 00000000;
    38DA : 00000000;
    38DB : 00000000;
    38DC : 00000000;
    38DD : 00000000;
    38DE : 00000000;
    38DF : 00000000;
    38E0 : 00000000;
    38E1 : 00000000;
    38E2 : 00000000;
    38E3 : 00000000;
    38E4 : 00000000;
    38E5 : 00000000;
    38E6 : 00000000;
    38E7 : 00000000;
    38E8 : 00000000;
    38E9 : 00000000;
    38EA : 00000000;
    38EB : 00000000;
    38EC : 00000000;
    38ED : 00000000;
    38EE : 00000000;
    38EF : 00000000;
    38F0 : 00000000;
    38F1 : 00000000;
    38F2 : 00000000;
    38F3 : 00000000;
    38F4 : 00000000;
    38F5 : 00000000;
    38F6 : 00000000;
    38F7 : 00000000;
    38F8 : 00000000;
    38F9 : 00000000;
    38FA : 00000000;
    38FB : 00000000;
    38FC : 00000000;
    38FD : 00000000;
    38FE : 00000000;
    38FF : 00000000;
    3900 : 00000000;
    3901 : 00000000;
    3902 : 00000000;
    3903 : 00000000;
    3904 : 00000000;
    3905 : 00000000;
    3906 : 00000000;
    3907 : 00000000;
    3908 : 00000000;
    3909 : 00000000;
    390A : 00000000;
    390B : 00000000;
    390C : 00000000;
    390D : 00000000;
    390E : 00000000;
    390F : 00000000;
    3910 : 00000000;
    3911 : 00000000;
    3912 : 00000000;
    3913 : 00000000;
    3914 : 00000000;
    3915 : 00000000;
    3916 : 00000000;
    3917 : 00000000;
    3918 : 00000000;
    3919 : 00000000;
    391A : 00000000;
    391B : 00000000;
    391C : 00000000;
    391D : 00000000;
    391E : 00000000;
    391F : 00000000;
    3920 : 00000000;
    3921 : 00000000;
    3922 : 00000000;
    3923 : 00000000;
    3924 : 00000000;
    3925 : 00000000;
    3926 : 00000000;
    3927 : 00000000;
    3928 : 00000000;
    3929 : 00000000;
    392A : 00000000;
    392B : 00000000;
    392C : 00000000;
    392D : 00000000;
    392E : 00000000;
    392F : 00000000;
    3930 : 00000000;
    3931 : 00000000;
    3932 : 00000000;
    3933 : 00000000;
    3934 : 00000000;
    3935 : 00000000;
    3936 : 00000000;
    3937 : 00000000;
    3938 : 00000000;
    3939 : 00000000;
    393A : 00000000;
    393B : 00000000;
    393C : 00000000;
    393D : 00000000;
    393E : 00000000;
    393F : 00000000;
    3940 : 00000000;
    3941 : 00000000;
    3942 : 00000000;
    3943 : 00000000;
    3944 : 00000000;
    3945 : 00000000;
    3946 : 00000000;
    3947 : 00000000;
    3948 : 00000000;
    3949 : 00000000;
    394A : 00000000;
    394B : 00000000;
    394C : 00000000;
    394D : 00000000;
    394E : 00000000;
    394F : 00000000;
    3950 : 00000000;
    3951 : 00000000;
    3952 : 00000000;
    3953 : 00000000;
    3954 : 00000000;
    3955 : 00000000;
    3956 : 00000000;
    3957 : 00000000;
    3958 : 00000000;
    3959 : 00000000;
    395A : 00000000;
    395B : 00000000;
    395C : 00000000;
    395D : 00000000;
    395E : 00000000;
    395F : 00000000;
    3960 : 00000000;
    3961 : 00000000;
    3962 : 00000000;
    3963 : 00000000;
    3964 : 00000000;
    3965 : 00000000;
    3966 : 00000000;
    3967 : 00000000;
    3968 : 00000000;
    3969 : 00000000;
    396A : 00000000;
    396B : 00000000;
    396C : 00000000;
    396D : 00000000;
    396E : 00000000;
    396F : 00000000;
    3970 : 00000000;
    3971 : 00000000;
    3972 : 00000000;
    3973 : 00000000;
    3974 : 00000000;
    3975 : 00000000;
    3976 : 00000000;
    3977 : 00000000;
    3978 : 00000000;
    3979 : 00000000;
    397A : 00000000;
    397B : 00000000;
    397C : 00000000;
    397D : 00000000;
    397E : 00000000;
    397F : 00000000;
    3980 : 00000000;
    3981 : 00000000;
    3982 : 00000000;
    3983 : 00000000;
    3984 : 00000000;
    3985 : 00000000;
    3986 : 00000000;
    3987 : 00000000;
    3988 : 00000000;
    3989 : 00000000;
    398A : 00000000;
    398B : 00000000;
    398C : 00000000;
    398D : 00000000;
    398E : 00000000;
    398F : 00000000;
    3990 : 00000000;
    3991 : 00000000;
    3992 : 00000000;
    3993 : 00000000;
    3994 : 00000000;
    3995 : 00000000;
    3996 : 00000000;
    3997 : 00000000;
    3998 : 00000000;
    3999 : 00000000;
    399A : 00000000;
    399B : 00000000;
    399C : 00000000;
    399D : 00000000;
    399E : 00000000;
    399F : 00000000;
    39A0 : 00000000;
    39A1 : 00000000;
    39A2 : 00000000;
    39A3 : 00000000;
    39A4 : 00000000;
    39A5 : 00000000;
    39A6 : 00000000;
    39A7 : 00000000;
    39A8 : 00000000;
    39A9 : 00000000;
    39AA : 00000000;
    39AB : 00000000;
    39AC : 00000000;
    39AD : 00000000;
    39AE : 00000000;
    39AF : 00000000;
    39B0 : 00000000;
    39B1 : 00000000;
    39B2 : 00000000;
    39B3 : 00000000;
    39B4 : 00000000;
    39B5 : 00000000;
    39B6 : 00000000;
    39B7 : 00000000;
    39B8 : 00000000;
    39B9 : 00000000;
    39BA : 00000000;
    39BB : 00000000;
    39BC : 00000000;
    39BD : 00000000;
    39BE : 00000000;
    39BF : 00000000;
    39C0 : 00000000;
    39C1 : 00000000;
    39C2 : 00000000;
    39C3 : 00000000;
    39C4 : 00000000;
    39C5 : 00000000;
    39C6 : 00000000;
    39C7 : 00000000;
    39C8 : 00000000;
    39C9 : 00000000;
    39CA : 00000000;
    39CB : 00000000;
    39CC : 00000000;
    39CD : 00000000;
    39CE : 00000000;
    39CF : 00000000;
    39D0 : 00000000;
    39D1 : 00000000;
    39D2 : 00000000;
    39D3 : 00000000;
    39D4 : 00000000;
    39D5 : 00000000;
    39D6 : 00000000;
    39D7 : 00000000;
    39D8 : 00000000;
    39D9 : 00000000;
    39DA : 00000000;
    39DB : 00000000;
    39DC : 00000000;
    39DD : 00000000;
    39DE : 00000000;
    39DF : 00000000;
    39E0 : 00000000;
    39E1 : 00000000;
    39E2 : 00000000;
    39E3 : 00000000;
    39E4 : 00000000;
    39E5 : 00000000;
    39E6 : 00000000;
    39E7 : 00000000;
    39E8 : 00000000;
    39E9 : 00000000;
    39EA : 00000000;
    39EB : 00000000;
    39EC : 00000000;
    39ED : 00000000;
    39EE : 00000000;
    39EF : 00000000;
    39F0 : 00000000;
    39F1 : 00000000;
    39F2 : 00000000;
    39F3 : 00000000;
    39F4 : 00000000;
    39F5 : 00000000;
    39F6 : 00000000;
    39F7 : 00000000;
    39F8 : 00000000;
    39F9 : 00000000;
    39FA : 00000000;
    39FB : 00000000;
    39FC : 00000000;
    39FD : 00000000;
    39FE : 00000000;
    39FF : 00000000;
    3A00 : 00000000;
    3A01 : 00000000;
    3A02 : 00000000;
    3A03 : 00000000;
    3A04 : 00000000;
    3A05 : 00000000;
    3A06 : 00000000;
    3A07 : 00000000;
    3A08 : 00000000;
    3A09 : 00000000;
    3A0A : 00000000;
    3A0B : 00000000;
    3A0C : 00000000;
    3A0D : 00000000;
    3A0E : 00000000;
    3A0F : 00000000;
    3A10 : 00000000;
    3A11 : 00000000;
    3A12 : 00000000;
    3A13 : 00000000;
    3A14 : 00000000;
    3A15 : 00000000;
    3A16 : 00000000;
    3A17 : 00000000;
    3A18 : 00000000;
    3A19 : 00000000;
    3A1A : 00000000;
    3A1B : 00000000;
    3A1C : 00000000;
    3A1D : 00000000;
    3A1E : 00000000;
    3A1F : 00000000;
    3A20 : 00000000;
    3A21 : 00000000;
    3A22 : 00000000;
    3A23 : 00000000;
    3A24 : 00000000;
    3A25 : 00000000;
    3A26 : 00000000;
    3A27 : 00000000;
    3A28 : 00000000;
    3A29 : 00000000;
    3A2A : 00000000;
    3A2B : 00000000;
    3A2C : 00000000;
    3A2D : 00000000;
    3A2E : 00000000;
    3A2F : 00000000;
    3A30 : 00000000;
    3A31 : 00000000;
    3A32 : 00000000;
    3A33 : 00000000;
    3A34 : 00000000;
    3A35 : 00000000;
    3A36 : 00000000;
    3A37 : 00000000;
    3A38 : 00000000;
    3A39 : 00000000;
    3A3A : 00000000;
    3A3B : 00000000;
    3A3C : 00000000;
    3A3D : 00000000;
    3A3E : 00000000;
    3A3F : 00000000;
    3A40 : 00000000;
    3A41 : 00000000;
    3A42 : 00000000;
    3A43 : 00000000;
    3A44 : 00000000;
    3A45 : 00000000;
    3A46 : 00000000;
    3A47 : 00000000;
    3A48 : 00000000;
    3A49 : 00000000;
    3A4A : 00000000;
    3A4B : 00000000;
    3A4C : 00000000;
    3A4D : 00000000;
    3A4E : 00000000;
    3A4F : 00000000;
    3A50 : 00000000;
    3A51 : 00000000;
    3A52 : 00000000;
    3A53 : 00000000;
    3A54 : 00000000;
    3A55 : 00000000;
    3A56 : 00000000;
    3A57 : 00000000;
    3A58 : 00000000;
    3A59 : 00000000;
    3A5A : 00000000;
    3A5B : 00000000;
    3A5C : 00000000;
    3A5D : 00000000;
    3A5E : 00000000;
    3A5F : 00000000;
    3A60 : 00000000;
    3A61 : 00000000;
    3A62 : 00000000;
    3A63 : 00000000;
    3A64 : 00000000;
    3A65 : 00000000;
    3A66 : 00000000;
    3A67 : 00000000;
    3A68 : 00000000;
    3A69 : 00000000;
    3A6A : 00000000;
    3A6B : 00000000;
    3A6C : 00000000;
    3A6D : 00000000;
    3A6E : 00000000;
    3A6F : 00000000;
    3A70 : 00000000;
    3A71 : 00000000;
    3A72 : 00000000;
    3A73 : 00000000;
    3A74 : 00000000;
    3A75 : 00000000;
    3A76 : 00000000;
    3A77 : 00000000;
    3A78 : 00000000;
    3A79 : 00000000;
    3A7A : 00000000;
    3A7B : 00000000;
    3A7C : 00000000;
    3A7D : 00000000;
    3A7E : 00000000;
    3A7F : 00000000;
    3A80 : 00000000;
    3A81 : 00000000;
    3A82 : 00000000;
    3A83 : 00000000;
    3A84 : 00000000;
    3A85 : 00000000;
    3A86 : 00000000;
    3A87 : 00000000;
    3A88 : 00000000;
    3A89 : 00000000;
    3A8A : 00000000;
    3A8B : 00000000;
    3A8C : 00000000;
    3A8D : 00000000;
    3A8E : 00000000;
    3A8F : 00000000;
    3A90 : 00000000;
    3A91 : 00000000;
    3A92 : 00000000;
    3A93 : 00000000;
    3A94 : 00000000;
    3A95 : 00000000;
    3A96 : 00000000;
    3A97 : 00000000;
    3A98 : 00000000;
    3A99 : 00000000;
    3A9A : 00000000;
    3A9B : 00000000;
    3A9C : 00000000;
    3A9D : 00000000;
    3A9E : 00000000;
    3A9F : 00000000;
    3AA0 : 00000000;
    3AA1 : 00000000;
    3AA2 : 00000000;
    3AA3 : 00000000;
    3AA4 : 00000000;
    3AA5 : 00000000;
    3AA6 : 00000000;
    3AA7 : 00000000;
    3AA8 : 00000000;
    3AA9 : 00000000;
    3AAA : 00000000;
    3AAB : 00000000;
    3AAC : 00000000;
    3AAD : 00000000;
    3AAE : 00000000;
    3AAF : 00000000;
    3AB0 : 00000000;
    3AB1 : 00000000;
    3AB2 : 00000000;
    3AB3 : 00000000;
    3AB4 : 00000000;
    3AB5 : 00000000;
    3AB6 : 00000000;
    3AB7 : 00000000;
    3AB8 : 00000000;
    3AB9 : 00000000;
    3ABA : 00000000;
    3ABB : 00000000;
    3ABC : 00000000;
    3ABD : 00000000;
    3ABE : 00000000;
    3ABF : 00000000;
    3AC0 : 00000000;
    3AC1 : 00000000;
    3AC2 : 00000000;
    3AC3 : 00000000;
    3AC4 : 00000000;
    3AC5 : 00000000;
    3AC6 : 00000000;
    3AC7 : 00000000;
    3AC8 : 00000000;
    3AC9 : 00000000;
    3ACA : 00000000;
    3ACB : 00000000;
    3ACC : 00000000;
    3ACD : 00000000;
    3ACE : 00000000;
    3ACF : 00000000;
    3AD0 : 00000000;
    3AD1 : 00000000;
    3AD2 : 00000000;
    3AD3 : 00000000;
    3AD4 : 00000000;
    3AD5 : 00000000;
    3AD6 : 00000000;
    3AD7 : 00000000;
    3AD8 : 00000000;
    3AD9 : 00000000;
    3ADA : 00000000;
    3ADB : 00000000;
    3ADC : 00000000;
    3ADD : 00000000;
    3ADE : 00000000;
    3ADF : 00000000;
    3AE0 : 00000000;
    3AE1 : 00000000;
    3AE2 : 00000000;
    3AE3 : 00000000;
    3AE4 : 00000000;
    3AE5 : 00000000;
    3AE6 : 00000000;
    3AE7 : 00000000;
    3AE8 : 00000000;
    3AE9 : 00000000;
    3AEA : 00000000;
    3AEB : 00000000;
    3AEC : 00000000;
    3AED : 00000000;
    3AEE : 00000000;
    3AEF : 00000000;
    3AF0 : 00000000;
    3AF1 : 00000000;
    3AF2 : 00000000;
    3AF3 : 00000000;
    3AF4 : 00000000;
    3AF5 : 00000000;
    3AF6 : 00000000;
    3AF7 : 00000000;
    3AF8 : 00000000;
    3AF9 : 00000000;
    3AFA : 00000000;
    3AFB : 00000000;
    3AFC : 00000000;
    3AFD : 00000000;
    3AFE : 00000000;
    3AFF : 00000000;
    3B00 : 00000000;
    3B01 : 00000000;
    3B02 : 00000000;
    3B03 : 00000000;
    3B04 : 00000000;
    3B05 : 00000000;
    3B06 : 00000000;
    3B07 : 00000000;
    3B08 : 00000000;
    3B09 : 00000000;
    3B0A : 00000000;
    3B0B : 00000000;
    3B0C : 00000000;
    3B0D : 00000000;
    3B0E : 00000000;
    3B0F : 00000000;
    3B10 : 00000000;
    3B11 : 00000000;
    3B12 : 00000000;
    3B13 : 00000000;
    3B14 : 00000000;
    3B15 : 00000000;
    3B16 : 00000000;
    3B17 : 00000000;
    3B18 : 00000000;
    3B19 : 00000000;
    3B1A : 00000000;
    3B1B : 00000000;
    3B1C : 00000000;
    3B1D : 00000000;
    3B1E : 00000000;
    3B1F : 00000000;
    3B20 : 00000000;
    3B21 : 00000000;
    3B22 : 00000000;
    3B23 : 00000000;
    3B24 : 00000000;
    3B25 : 00000000;
    3B26 : 00000000;
    3B27 : 00000000;
    3B28 : 00000000;
    3B29 : 00000000;
    3B2A : 00000000;
    3B2B : 00000000;
    3B2C : 00000000;
    3B2D : 00000000;
    3B2E : 00000000;
    3B2F : 00000000;
    3B30 : 00000000;
    3B31 : 00000000;
    3B32 : 00000000;
    3B33 : 00000000;
    3B34 : 00000000;
    3B35 : 00000000;
    3B36 : 00000000;
    3B37 : 00000000;
    3B38 : 00000000;
    3B39 : 00000000;
    3B3A : 00000000;
    3B3B : 00000000;
    3B3C : 00000000;
    3B3D : 00000000;
    3B3E : 00000000;
    3B3F : 00000000;
    3B40 : 00000000;
    3B41 : 00000000;
    3B42 : 00000000;
    3B43 : 00000000;
    3B44 : 00000000;
    3B45 : 00000000;
    3B46 : 00000000;
    3B47 : 00000000;
    3B48 : 00000000;
    3B49 : 00000000;
    3B4A : 00000000;
    3B4B : 00000000;
    3B4C : 00000000;
    3B4D : 00000000;
    3B4E : 00000000;
    3B4F : 00000000;
    3B50 : 00000000;
    3B51 : 00000000;
    3B52 : 00000000;
    3B53 : 00000000;
    3B54 : 00000000;
    3B55 : 00000000;
    3B56 : 00000000;
    3B57 : 00000000;
    3B58 : 00000000;
    3B59 : 00000000;
    3B5A : 00000000;
    3B5B : 00000000;
    3B5C : 00000000;
    3B5D : 00000000;
    3B5E : 00000000;
    3B5F : 00000000;
    3B60 : 00000000;
    3B61 : 00000000;
    3B62 : 00000000;
    3B63 : 00000000;
    3B64 : 00000000;
    3B65 : 00000000;
    3B66 : 00000000;
    3B67 : 00000000;
    3B68 : 00000000;
    3B69 : 00000000;
    3B6A : 00000000;
    3B6B : 00000000;
    3B6C : 00000000;
    3B6D : 00000000;
    3B6E : 00000000;
    3B6F : 00000000;
    3B70 : 00000000;
    3B71 : 00000000;
    3B72 : 00000000;
    3B73 : 00000000;
    3B74 : 00000000;
    3B75 : 00000000;
    3B76 : 00000000;
    3B77 : 00000000;
    3B78 : 00000000;
    3B79 : 00000000;
    3B7A : 00000000;
    3B7B : 00000000;
    3B7C : 00000000;
    3B7D : 00000000;
    3B7E : 00000000;
    3B7F : 00000000;
    3B80 : 00000000;
    3B81 : 00000000;
    3B82 : 00000000;
    3B83 : 00000000;
    3B84 : 00000000;
    3B85 : 00000000;
    3B86 : 00000000;
    3B87 : 00000000;
    3B88 : 00000000;
    3B89 : 00000000;
    3B8A : 00000000;
    3B8B : 00000000;
    3B8C : 00000000;
    3B8D : 00000000;
    3B8E : 00000000;
    3B8F : 00000000;
    3B90 : 00000000;
    3B91 : 00000000;
    3B92 : 00000000;
    3B93 : 00000000;
    3B94 : 00000000;
    3B95 : 00000000;
    3B96 : 00000000;
    3B97 : 00000000;
    3B98 : 00000000;
    3B99 : 00000000;
    3B9A : 00000000;
    3B9B : 00000000;
    3B9C : 00000000;
    3B9D : 00000000;
    3B9E : 00000000;
    3B9F : 00000000;
    3BA0 : 00000000;
    3BA1 : 00000000;
    3BA2 : 00000000;
    3BA3 : 00000000;
    3BA4 : 00000000;
    3BA5 : 00000000;
    3BA6 : 00000000;
    3BA7 : 00000000;
    3BA8 : 00000000;
    3BA9 : 00000000;
    3BAA : 00000000;
    3BAB : 00000000;
    3BAC : 00000000;
    3BAD : 00000000;
    3BAE : 00000000;
    3BAF : 00000000;
    3BB0 : 00000000;
    3BB1 : 00000000;
    3BB2 : 00000000;
    3BB3 : 00000000;
    3BB4 : 00000000;
    3BB5 : 00000000;
    3BB6 : 00000000;
    3BB7 : 00000000;
    3BB8 : 00000000;
    3BB9 : 00000000;
    3BBA : 00000000;
    3BBB : 00000000;
    3BBC : 00000000;
    3BBD : 00000000;
    3BBE : 00000000;
    3BBF : 00000000;
    3BC0 : 00000000;
    3BC1 : 00000000;
    3BC2 : 00000000;
    3BC3 : 00000000;
    3BC4 : 00000000;
    3BC5 : 00000000;
    3BC6 : 00000000;
    3BC7 : 00000000;
    3BC8 : 00000000;
    3BC9 : 00000000;
    3BCA : 00000000;
    3BCB : 00000000;
    3BCC : 00000000;
    3BCD : 00000000;
    3BCE : 00000000;
    3BCF : 00000000;
    3BD0 : 00000000;
    3BD1 : 00000000;
    3BD2 : 00000000;
    3BD3 : 00000000;
    3BD4 : 00000000;
    3BD5 : 00000000;
    3BD6 : 00000000;
    3BD7 : 00000000;
    3BD8 : 00000000;
    3BD9 : 00000000;
    3BDA : 00000000;
    3BDB : 00000000;
    3BDC : 00000000;
    3BDD : 00000000;
    3BDE : 00000000;
    3BDF : 00000000;
    3BE0 : 00000000;
    3BE1 : 00000000;
    3BE2 : 00000000;
    3BE3 : 00000000;
    3BE4 : 00000000;
    3BE5 : 00000000;
    3BE6 : 00000000;
    3BE7 : 00000000;
    3BE8 : 00000000;
    3BE9 : 00000000;
    3BEA : 00000000;
    3BEB : 00000000;
    3BEC : 00000000;
    3BED : 00000000;
    3BEE : 00000000;
    3BEF : 00000000;
    3BF0 : 00000000;
    3BF1 : 00000000;
    3BF2 : 00000000;
    3BF3 : 00000000;
    3BF4 : 00000000;
    3BF5 : 00000000;
    3BF6 : 00000000;
    3BF7 : 00000000;
    3BF8 : 00000000;
    3BF9 : 00000000;
    3BFA : 00000000;
    3BFB : 00000000;
    3BFC : 00000000;
    3BFD : 00000000;
    3BFE : 00000000;
    3BFF : 00000000;
    3C00 : 00000000;
    3C01 : 00000000;
    3C02 : 00000000;
    3C03 : 00000000;
    3C04 : 00000000;
    3C05 : 00000000;
    3C06 : 00000000;
    3C07 : 00000000;
    3C08 : 00000000;
    3C09 : 00000000;
    3C0A : 00000000;
    3C0B : 00000000;
    3C0C : 00000000;
    3C0D : 00000000;
    3C0E : 00000000;
    3C0F : 00000000;
    3C10 : 00000000;
    3C11 : 00000000;
    3C12 : 00000000;
    3C13 : 00000000;
    3C14 : 00000000;
    3C15 : 00000000;
    3C16 : 00000000;
    3C17 : 00000000;
    3C18 : 00000000;
    3C19 : 00000000;
    3C1A : 00000000;
    3C1B : 00000000;
    3C1C : 00000000;
    3C1D : 00000000;
    3C1E : 00000000;
    3C1F : 00000000;
    3C20 : 00000000;
    3C21 : 00000000;
    3C22 : 00000000;
    3C23 : 00000000;
    3C24 : 00000000;
    3C25 : 00000000;
    3C26 : 00000000;
    3C27 : 00000000;
    3C28 : 00000000;
    3C29 : 00000000;
    3C2A : 00000000;
    3C2B : 00000000;
    3C2C : 00000000;
    3C2D : 00000000;
    3C2E : 00000000;
    3C2F : 00000000;
    3C30 : 00000000;
    3C31 : 00000000;
    3C32 : 00000000;
    3C33 : 00000000;
    3C34 : 00000000;
    3C35 : 00000000;
    3C36 : 00000000;
    3C37 : 00000000;
    3C38 : 00000000;
    3C39 : 00000000;
    3C3A : 00000000;
    3C3B : 00000000;
    3C3C : 00000000;
    3C3D : 00000000;
    3C3E : 00000000;
    3C3F : 00000000;
    3C40 : 00000000;
    3C41 : 00000000;
    3C42 : 00000000;
    3C43 : 00000000;
    3C44 : 00000000;
    3C45 : 00000000;
    3C46 : 00000000;
    3C47 : 00000000;
    3C48 : 00000000;
    3C49 : 00000000;
    3C4A : 00000000;
    3C4B : 00000000;
    3C4C : 00000000;
    3C4D : 00000000;
    3C4E : 00000000;
    3C4F : 00000000;
    3C50 : 00000000;
    3C51 : 00000000;
    3C52 : 00000000;
    3C53 : 00000000;
    3C54 : 00000000;
    3C55 : 00000000;
    3C56 : 00000000;
    3C57 : 00000000;
    3C58 : 00000000;
    3C59 : 00000000;
    3C5A : 00000000;
    3C5B : 00000000;
    3C5C : 00000000;
    3C5D : 00000000;
    3C5E : 00000000;
    3C5F : 00000000;
    3C60 : 00000000;
    3C61 : 00000000;
    3C62 : 00000000;
    3C63 : 00000000;
    3C64 : 00000000;
    3C65 : 00000000;
    3C66 : 00000000;
    3C67 : 00000000;
    3C68 : 00000000;
    3C69 : 00000000;
    3C6A : 00000000;
    3C6B : 00000000;
    3C6C : 00000000;
    3C6D : 00000000;
    3C6E : 00000000;
    3C6F : 00000000;
    3C70 : 00000000;
    3C71 : 00000000;
    3C72 : 00000000;
    3C73 : 00000000;
    3C74 : 00000000;
    3C75 : 00000000;
    3C76 : 00000000;
    3C77 : 00000000;
    3C78 : 00000000;
    3C79 : 00000000;
    3C7A : 00000000;
    3C7B : 00000000;
    3C7C : 00000000;
    3C7D : 00000000;
    3C7E : 00000000;
    3C7F : 00000000;
    3C80 : 00000000;
    3C81 : 00000000;
    3C82 : 00000000;
    3C83 : 00000000;
    3C84 : 00000000;
    3C85 : 00000000;
    3C86 : 00000000;
    3C87 : 00000000;
    3C88 : 00000000;
    3C89 : 00000000;
    3C8A : 00000000;
    3C8B : 00000000;
    3C8C : 00000000;
    3C8D : 00000000;
    3C8E : 00000000;
    3C8F : 00000000;
    3C90 : 00000000;
    3C91 : 00000000;
    3C92 : 00000000;
    3C93 : 00000000;
    3C94 : 00000000;
    3C95 : 00000000;
    3C96 : 00000000;
    3C97 : 00000000;
    3C98 : 00000000;
    3C99 : 00000000;
    3C9A : 00000000;
    3C9B : 00000000;
    3C9C : 00000000;
    3C9D : 00000000;
    3C9E : 00000000;
    3C9F : 00000000;
    3CA0 : 00000000;
    3CA1 : 00000000;
    3CA2 : 00000000;
    3CA3 : 00000000;
    3CA4 : 00000000;
    3CA5 : 00000000;
    3CA6 : 00000000;
    3CA7 : 00000000;
    3CA8 : 00000000;
    3CA9 : 00000000;
    3CAA : 00000000;
    3CAB : 00000000;
    3CAC : 00000000;
    3CAD : 00000000;
    3CAE : 00000000;
    3CAF : 00000000;
    3CB0 : 00000000;
    3CB1 : 00000000;
    3CB2 : 00000000;
    3CB3 : 00000000;
    3CB4 : 00000000;
    3CB5 : 00000000;
    3CB6 : 00000000;
    3CB7 : 00000000;
    3CB8 : 00000000;
    3CB9 : 00000000;
    3CBA : 00000000;
    3CBB : 00000000;
    3CBC : 00000000;
    3CBD : 00000000;
    3CBE : 00000000;
    3CBF : 00000000;
    3CC0 : 00000000;
    3CC1 : 00000000;
    3CC2 : 00000000;
    3CC3 : 00000000;
    3CC4 : 00000000;
    3CC5 : 00000000;
    3CC6 : 00000000;
    3CC7 : 00000000;
    3CC8 : 00000000;
    3CC9 : 00000000;
    3CCA : 00000000;
    3CCB : 00000000;
    3CCC : 00000000;
    3CCD : 00000000;
    3CCE : 00000000;
    3CCF : 00000000;
    3CD0 : 00000000;
    3CD1 : 00000000;
    3CD2 : 00000000;
    3CD3 : 00000000;
    3CD4 : 00000000;
    3CD5 : 00000000;
    3CD6 : 00000000;
    3CD7 : 00000000;
    3CD8 : 00000000;
    3CD9 : 00000000;
    3CDA : 00000000;
    3CDB : 00000000;
    3CDC : 00000000;
    3CDD : 00000000;
    3CDE : 00000000;
    3CDF : 00000000;
    3CE0 : 00000000;
    3CE1 : 00000000;
    3CE2 : 00000000;
    3CE3 : 00000000;
    3CE4 : 00000000;
    3CE5 : 00000000;
    3CE6 : 00000000;
    3CE7 : 00000000;
    3CE8 : 00000000;
    3CE9 : 00000000;
    3CEA : 00000000;
    3CEB : 00000000;
    3CEC : 00000000;
    3CED : 00000000;
    3CEE : 00000000;
    3CEF : 00000000;
    3CF0 : 00000000;
    3CF1 : 00000000;
    3CF2 : 00000000;
    3CF3 : 00000000;
    3CF4 : 00000000;
    3CF5 : 00000000;
    3CF6 : 00000000;
    3CF7 : 00000000;
    3CF8 : 00000000;
    3CF9 : 00000000;
    3CFA : 00000000;
    3CFB : 00000000;
    3CFC : 00000000;
    3CFD : 00000000;
    3CFE : 00000000;
    3CFF : 00000000;
    3D00 : 00000000;
    3D01 : 00000000;
    3D02 : 00000000;
    3D03 : 00000000;
    3D04 : 00000000;
    3D05 : 00000000;
    3D06 : 00000000;
    3D07 : 00000000;
    3D08 : 00000000;
    3D09 : 00000000;
    3D0A : 00000000;
    3D0B : 00000000;
    3D0C : 00000000;
    3D0D : 00000000;
    3D0E : 00000000;
    3D0F : 00000000;
    3D10 : 00000000;
    3D11 : 00000000;
    3D12 : 00000000;
    3D13 : 00000000;
    3D14 : 00000000;
    3D15 : 00000000;
    3D16 : 00000000;
    3D17 : 00000000;
    3D18 : 00000000;
    3D19 : 00000000;
    3D1A : 00000000;
    3D1B : 00000000;
    3D1C : 00000000;
    3D1D : 00000000;
    3D1E : 00000000;
    3D1F : 00000000;
    3D20 : 00000000;
    3D21 : 00000000;
    3D22 : 00000000;
    3D23 : 00000000;
    3D24 : 00000000;
    3D25 : 00000000;
    3D26 : 00000000;
    3D27 : 00000000;
    3D28 : 00000000;
    3D29 : 00000000;
    3D2A : 00000000;
    3D2B : 00000000;
    3D2C : 00000000;
    3D2D : 00000000;
    3D2E : 00000000;
    3D2F : 00000000;
    3D30 : 00000000;
    3D31 : 00000000;
    3D32 : 00000000;
    3D33 : 00000000;
    3D34 : 00000000;
    3D35 : 00000000;
    3D36 : 00000000;
    3D37 : 00000000;
    3D38 : 00000000;
    3D39 : 00000000;
    3D3A : 00000000;
    3D3B : 00000000;
    3D3C : 00000000;
    3D3D : 00000000;
    3D3E : 00000000;
    3D3F : 00000000;
    3D40 : 00000000;
    3D41 : 00000000;
    3D42 : 00000000;
    3D43 : 00000000;
    3D44 : 00000000;
    3D45 : 00000000;
    3D46 : 00000000;
    3D47 : 00000000;
    3D48 : 00000000;
    3D49 : 00000000;
    3D4A : 00000000;
    3D4B : 00000000;
    3D4C : 00000000;
    3D4D : 00000000;
    3D4E : 00000000;
    3D4F : 00000000;
    3D50 : 00000000;
    3D51 : 00000000;
    3D52 : 00000000;
    3D53 : 00000000;
    3D54 : 00000000;
    3D55 : 00000000;
    3D56 : 00000000;
    3D57 : 00000000;
    3D58 : 00000000;
    3D59 : 00000000;
    3D5A : 00000000;
    3D5B : 00000000;
    3D5C : 00000000;
    3D5D : 00000000;
    3D5E : 00000000;
    3D5F : 00000000;
    3D60 : 00000000;
    3D61 : 00000000;
    3D62 : 00000000;
    3D63 : 00000000;
    3D64 : 00000000;
    3D65 : 00000000;
    3D66 : 00000000;
    3D67 : 00000000;
    3D68 : 00000000;
    3D69 : 00000000;
    3D6A : 00000000;
    3D6B : 00000000;
    3D6C : 00000000;
    3D6D : 00000000;
    3D6E : 00000000;
    3D6F : 00000000;
    3D70 : 00000000;
    3D71 : 00000000;
    3D72 : 00000000;
    3D73 : 00000000;
    3D74 : 00000000;
    3D75 : 00000000;
    3D76 : 00000000;
    3D77 : 00000000;
    3D78 : 00000000;
    3D79 : 00000000;
    3D7A : 00000000;
    3D7B : 00000000;
    3D7C : 00000000;
    3D7D : 00000000;
    3D7E : 00000000;
    3D7F : 00000000;
    3D80 : 00000000;
    3D81 : 00000000;
    3D82 : 00000000;
    3D83 : 00000000;
    3D84 : 00000000;
    3D85 : 00000000;
    3D86 : 00000000;
    3D87 : 00000000;
    3D88 : 00000000;
    3D89 : 00000000;
    3D8A : 00000000;
    3D8B : 00000000;
    3D8C : 00000000;
    3D8D : 00000000;
    3D8E : 00000000;
    3D8F : 00000000;
    3D90 : 00000000;
    3D91 : 00000000;
    3D92 : 00000000;
    3D93 : 00000000;
    3D94 : 00000000;
    3D95 : 00000000;
    3D96 : 00000000;
    3D97 : 00000000;
    3D98 : 00000000;
    3D99 : 00000000;
    3D9A : 00000000;
    3D9B : 00000000;
    3D9C : 00000000;
    3D9D : 00000000;
    3D9E : 00000000;
    3D9F : 00000000;
    3DA0 : 00000000;
    3DA1 : 00000000;
    3DA2 : 00000000;
    3DA3 : 00000000;
    3DA4 : 00000000;
    3DA5 : 00000000;
    3DA6 : 00000000;
    3DA7 : 00000000;
    3DA8 : 00000000;
    3DA9 : 00000000;
    3DAA : 00000000;
    3DAB : 00000000;
    3DAC : 00000000;
    3DAD : 00000000;
    3DAE : 00000000;
    3DAF : 00000000;
    3DB0 : 00000000;
    3DB1 : 00000000;
    3DB2 : 00000000;
    3DB3 : 00000000;
    3DB4 : 00000000;
    3DB5 : 00000000;
    3DB6 : 00000000;
    3DB7 : 00000000;
    3DB8 : 00000000;
    3DB9 : 00000000;
    3DBA : 00000000;
    3DBB : 00000000;
    3DBC : 00000000;
    3DBD : 00000000;
    3DBE : 00000000;
    3DBF : 00000000;
    3DC0 : 00000000;
    3DC1 : 00000000;
    3DC2 : 00000000;
    3DC3 : 00000000;
    3DC4 : 00000000;
    3DC5 : 00000000;
    3DC6 : 00000000;
    3DC7 : 00000000;
    3DC8 : 00000000;
    3DC9 : 00000000;
    3DCA : 00000000;
    3DCB : 00000000;
    3DCC : 00000000;
    3DCD : 00000000;
    3DCE : 00000000;
    3DCF : 00000000;
    3DD0 : 00000000;
    3DD1 : 00000000;
    3DD2 : 00000000;
    3DD3 : 00000000;
    3DD4 : 00000000;
    3DD5 : 00000000;
    3DD6 : 00000000;
    3DD7 : 00000000;
    3DD8 : 00000000;
    3DD9 : 00000000;
    3DDA : 00000000;
    3DDB : 00000000;
    3DDC : 00000000;
    3DDD : 00000000;
    3DDE : 00000000;
    3DDF : 00000000;
    3DE0 : 00000000;
    3DE1 : 00000000;
    3DE2 : 00000000;
    3DE3 : 00000000;
    3DE4 : 00000000;
    3DE5 : 00000000;
    3DE6 : 00000000;
    3DE7 : 00000000;
    3DE8 : 00000000;
    3DE9 : 00000000;
    3DEA : 00000000;
    3DEB : 00000000;
    3DEC : 00000000;
    3DED : 00000000;
    3DEE : 00000000;
    3DEF : 00000000;
    3DF0 : 00000000;
    3DF1 : 00000000;
    3DF2 : 00000000;
    3DF3 : 00000000;
    3DF4 : 00000000;
    3DF5 : 00000000;
    3DF6 : 00000000;
    3DF7 : 00000000;
    3DF8 : 00000000;
    3DF9 : 00000000;
    3DFA : 00000000;
    3DFB : 00000000;
    3DFC : 00000000;
    3DFD : 00000000;
    3DFE : 00000000;
    3DFF : 00000000;
    3E00 : 00000000;
    3E01 : 00000000;
    3E02 : 00000000;
    3E03 : 00000000;
    3E04 : 00000000;
    3E05 : 00000000;
    3E06 : 00000000;
    3E07 : 00000000;
    3E08 : 00000000;
    3E09 : 00000000;
    3E0A : 00000000;
    3E0B : 00000000;
    3E0C : 00000000;
    3E0D : 00000000;
    3E0E : 00000000;
    3E0F : 00000000;
    3E10 : 00000000;
    3E11 : 00000000;
    3E12 : 00000000;
    3E13 : 00000000;
    3E14 : 00000000;
    3E15 : 00000000;
    3E16 : 00000000;
    3E17 : 00000000;
    3E18 : 00000000;
    3E19 : 00000000;
    3E1A : 00000000;
    3E1B : 00000000;
    3E1C : 00000000;
    3E1D : 00000000;
    3E1E : 00000000;
    3E1F : 00000000;
    3E20 : 00000000;
    3E21 : 00000000;
    3E22 : 00000000;
    3E23 : 00000000;
    3E24 : 00000000;
    3E25 : 00000000;
    3E26 : 00000000;
    3E27 : 00000000;
    3E28 : 00000000;
    3E29 : 00000000;
    3E2A : 00000000;
    3E2B : 00000000;
    3E2C : 00000000;
    3E2D : 00000000;
    3E2E : 00000000;
    3E2F : 00000000;
    3E30 : 00000000;
    3E31 : 00000000;
    3E32 : 00000000;
    3E33 : 00000000;
    3E34 : 00000000;
    3E35 : 00000000;
    3E36 : 00000000;
    3E37 : 00000000;
    3E38 : 00000000;
    3E39 : 00000000;
    3E3A : 00000000;
    3E3B : 00000000;
    3E3C : 00000000;
    3E3D : 00000000;
    3E3E : 00000000;
    3E3F : 00000000;
    3E40 : 00000000;
    3E41 : 00000000;
    3E42 : 00000000;
    3E43 : 00000000;
    3E44 : 00000000;
    3E45 : 00000000;
    3E46 : 00000000;
    3E47 : 00000000;
    3E48 : 00000000;
    3E49 : 00000000;
    3E4A : 00000000;
    3E4B : 00000000;
    3E4C : 00000000;
    3E4D : 00000000;
    3E4E : 00000000;
    3E4F : 00000000;
    3E50 : 00000000;
    3E51 : 00000000;
    3E52 : 00000000;
    3E53 : 00000000;
    3E54 : 00000000;
    3E55 : 00000000;
    3E56 : 00000000;
    3E57 : 00000000;
    3E58 : 00000000;
    3E59 : 00000000;
    3E5A : 00000000;
    3E5B : 00000000;
    3E5C : 00000000;
    3E5D : 00000000;
    3E5E : 00000000;
    3E5F : 00000000;
    3E60 : 00000000;
    3E61 : 00000000;
    3E62 : 00000000;
    3E63 : 00000000;
    3E64 : 00000000;
    3E65 : 00000000;
    3E66 : 00000000;
    3E67 : 00000000;
    3E68 : 00000000;
    3E69 : 00000000;
    3E6A : 00000000;
    3E6B : 00000000;
    3E6C : 00000000;
    3E6D : 00000000;
    3E6E : 00000000;
    3E6F : 00000000;
    3E70 : 00000000;
    3E71 : 00000000;
    3E72 : 00000000;
    3E73 : 00000000;
    3E74 : 00000000;
    3E75 : 00000000;
    3E76 : 00000000;
    3E77 : 00000000;
    3E78 : 00000000;
    3E79 : 00000000;
    3E7A : 00000000;
    3E7B : 00000000;
    3E7C : 00000000;
    3E7D : 00000000;
    3E7E : 00000000;
    3E7F : 00000000;
    3E80 : 00000000;
    3E81 : 00000000;
    3E82 : 00000000;
    3E83 : 00000000;
    3E84 : 00000000;
    3E85 : 00000000;
    3E86 : 00000000;
    3E87 : 00000000;
    3E88 : 00000000;
    3E89 : 00000000;
    3E8A : 00000000;
    3E8B : 00000000;
    3E8C : 00000000;
    3E8D : 00000000;
    3E8E : 00000000;
    3E8F : 00000000;
    3E90 : 00000000;
    3E91 : 00000000;
    3E92 : 00000000;
    3E93 : 00000000;
    3E94 : 00000000;
    3E95 : 00000000;
    3E96 : 00000000;
    3E97 : 00000000;
    3E98 : 00000000;
    3E99 : 00000000;
    3E9A : 00000000;
    3E9B : 00000000;
    3E9C : 00000000;
    3E9D : 00000000;
    3E9E : 00000000;
    3E9F : 00000000;
    3EA0 : 00000000;
    3EA1 : 00000000;
    3EA2 : 00000000;
    3EA3 : 00000000;
    3EA4 : 00000000;
    3EA5 : 00000000;
    3EA6 : 00000000;
    3EA7 : 00000000;
    3EA8 : 00000000;
    3EA9 : 00000000;
    3EAA : 00000000;
    3EAB : 00000000;
    3EAC : 00000000;
    3EAD : 00000000;
    3EAE : 00000000;
    3EAF : 00000000;
    3EB0 : 00000000;
    3EB1 : 00000000;
    3EB2 : 00000000;
    3EB3 : 00000000;
    3EB4 : 00000000;
    3EB5 : 00000000;
    3EB6 : 00000000;
    3EB7 : 00000000;
    3EB8 : 00000000;
    3EB9 : 00000000;
    3EBA : 00000000;
    3EBB : 00000000;
    3EBC : 00000000;
    3EBD : 00000000;
    3EBE : 00000000;
    3EBF : 00000000;
    3EC0 : 00000000;
    3EC1 : 00000000;
    3EC2 : 00000000;
    3EC3 : 00000000;
    3EC4 : 00000000;
    3EC5 : 00000000;
    3EC6 : 00000000;
    3EC7 : 00000000;
    3EC8 : 00000000;
    3EC9 : 00000000;
    3ECA : 00000000;
    3ECB : 00000000;
    3ECC : 00000000;
    3ECD : 00000000;
    3ECE : 00000000;
    3ECF : 00000000;
    3ED0 : 00000000;
    3ED1 : 00000000;
    3ED2 : 00000000;
    3ED3 : 00000000;
    3ED4 : 00000000;
    3ED5 : 00000000;
    3ED6 : 00000000;
    3ED7 : 00000000;
    3ED8 : 00000000;
    3ED9 : 00000000;
    3EDA : 00000000;
    3EDB : 00000000;
    3EDC : 00000000;
    3EDD : 00000000;
    3EDE : 00000000;
    3EDF : 00000000;
    3EE0 : 00000000;
    3EE1 : 00000000;
    3EE2 : 00000000;
    3EE3 : 00000000;
    3EE4 : 00000000;
    3EE5 : 00000000;
    3EE6 : 00000000;
    3EE7 : 00000000;
    3EE8 : 00000000;
    3EE9 : 00000000;
    3EEA : 00000000;
    3EEB : 00000000;
    3EEC : 00000000;
    3EED : 00000000;
    3EEE : 00000000;
    3EEF : 00000000;
    3EF0 : 00000000;
    3EF1 : 00000000;
    3EF2 : 00000000;
    3EF3 : 00000000;
    3EF4 : 00000000;
    3EF5 : 00000000;
    3EF6 : 00000000;
    3EF7 : 00000000;
    3EF8 : 00000000;
    3EF9 : 00000000;
    3EFA : 00000000;
    3EFB : 00000000;
    3EFC : 00000000;
    3EFD : 00000000;
    3EFE : 00000000;
    3EFF : 00000000;
    3F00 : 00000000;
    3F01 : 00000000;
    3F02 : 00000000;
    3F03 : 00000000;
    3F04 : 00000000;
    3F05 : 00000000;
    3F06 : 00000000;
    3F07 : 00000000;
    3F08 : 00000000;
    3F09 : 00000000;
    3F0A : 00000000;
    3F0B : 00000000;
    3F0C : 00000000;
    3F0D : 00000000;
    3F0E : 00000000;
    3F0F : 00000000;
    3F10 : 00000000;
    3F11 : 00000000;
    3F12 : 00000000;
    3F13 : 00000000;
    3F14 : 00000000;
    3F15 : 00000000;
    3F16 : 00000000;
    3F17 : 00000000;
    3F18 : 00000000;
    3F19 : 00000000;
    3F1A : 00000000;
    3F1B : 00000000;
    3F1C : 00000000;
    3F1D : 00000000;
    3F1E : 00000000;
    3F1F : 00000000;
    3F20 : 00000000;
    3F21 : 00000000;
    3F22 : 00000000;
    3F23 : 00000000;
    3F24 : 00000000;
    3F25 : 00000000;
    3F26 : 00000000;
    3F27 : 00000000;
    3F28 : 00000000;
    3F29 : 00000000;
    3F2A : 00000000;
    3F2B : 00000000;
    3F2C : 00000000;
    3F2D : 00000000;
    3F2E : 00000000;
    3F2F : 00000000;
    3F30 : 00000000;
    3F31 : 00000000;
    3F32 : 00000000;
    3F33 : 00000000;
    3F34 : 00000000;
    3F35 : 00000000;
    3F36 : 00000000;
    3F37 : 00000000;
    3F38 : 00000000;
    3F39 : 00000000;
    3F3A : 00000000;
    3F3B : 00000000;
    3F3C : 00000000;
    3F3D : 00000000;
    3F3E : 00000000;
    3F3F : 00000000;
    3F40 : 00000000;
    3F41 : 00000000;
    3F42 : 00000000;
    3F43 : 00000000;
    3F44 : 00000000;
    3F45 : 00000000;
    3F46 : 00000000;
    3F47 : 00000000;
    3F48 : 00000000;
    3F49 : 00000000;
    3F4A : 00000000;
    3F4B : 00000000;
    3F4C : 00000000;
    3F4D : 00000000;
    3F4E : 00000000;
    3F4F : 00000000;
    3F50 : 00000000;
    3F51 : 00000000;
    3F52 : 00000000;
    3F53 : 00000000;
    3F54 : 00000000;
    3F55 : 00000000;
    3F56 : 00000000;
    3F57 : 00000000;
    3F58 : 00000000;
    3F59 : 00000000;
    3F5A : 00000000;
    3F5B : 00000000;
    3F5C : 00000000;
    3F5D : 00000000;
    3F5E : 00000000;
    3F5F : 00000000;
    3F60 : 00000000;
    3F61 : 00000000;
    3F62 : 00000000;
    3F63 : 00000000;
    3F64 : 00000000;
    3F65 : 00000000;
    3F66 : 00000000;
    3F67 : 00000000;
    3F68 : 00000000;
    3F69 : 00000000;
    3F6A : 00000000;
    3F6B : 00000000;
    3F6C : 00000000;
    3F6D : 00000000;
    3F6E : 00000000;
    3F6F : 00000000;
    3F70 : 00000000;
    3F71 : 00000000;
    3F72 : 00000000;
    3F73 : 00000000;
    3F74 : 00000000;
    3F75 : 00000000;
    3F76 : 00000000;
    3F77 : 00000000;
    3F78 : 00000000;
    3F79 : 00000000;
    3F7A : 00000000;
    3F7B : 00000000;
    3F7C : 00000000;
    3F7D : 00000000;
    3F7E : 00000000;
    3F7F : 00000000;
    3F80 : 00000000;
    3F81 : 00000000;
    3F82 : 00000000;
    3F83 : 00000000;
    3F84 : 00000000;
    3F85 : 00000000;
    3F86 : 00000000;
    3F87 : 00000000;
    3F88 : 00000000;
    3F89 : 00000000;
    3F8A : 00000000;
    3F8B : 00000000;
    3F8C : 00000000;
    3F8D : 00000000;
    3F8E : 00000000;
    3F8F : 00000000;
    3F90 : 00000000;
    3F91 : 00000000;
    3F92 : 00000000;
    3F93 : 00000000;
    3F94 : 00000000;
    3F95 : 00000000;
    3F96 : 00000000;
    3F97 : 00000000;
    3F98 : 00000000;
    3F99 : 00000000;
    3F9A : 00000000;
    3F9B : 00000000;
    3F9C : 00000000;
    3F9D : 00000000;
    3F9E : 00000000;
    3F9F : 00000000;
    3FA0 : 00000000;
    3FA1 : 00000000;
    3FA2 : 00000000;
    3FA3 : 00000000;
    3FA4 : 00000000;
    3FA5 : 00000000;
    3FA6 : 00000000;
    3FA7 : 00000000;
    3FA8 : 00000000;
    3FA9 : 00000000;
    3FAA : 00000000;
    3FAB : 00000000;
    3FAC : 00000000;
    3FAD : 00000000;
    3FAE : 00000000;
    3FAF : 00000000;
    3FB0 : 00000000;
    3FB1 : 00000000;
    3FB2 : 00000000;
    3FB3 : 00000000;
    3FB4 : 00000000;
    3FB5 : 00000000;
    3FB6 : 00000000;
    3FB7 : 00000000;
    3FB8 : 00000000;
    3FB9 : 00000000;
    3FBA : 00000000;
    3FBB : 00000000;
    3FBC : 00000000;
    3FBD : 00000000;
    3FBE : 00000000;
    3FBF : 00000000;
    3FC0 : 00000000;
    3FC1 : 00000000;
    3FC2 : 00000000;
    3FC3 : 00000000;
    3FC4 : 00000000;
    3FC5 : 00000000;
    3FC6 : 00000000;
    3FC7 : 00000000;
    3FC8 : 00000000;
    3FC9 : 00000000;
    3FCA : 00000000;
    3FCB : 00000000;
    3FCC : 00000000;
    3FCD : 00000000;
    3FCE : 00000000;
    3FCF : 00000000;
    3FD0 : 00000000;
    3FD1 : 00000000;
    3FD2 : 00000000;
    3FD3 : 00000000;
    3FD4 : 00000000;
    3FD5 : 00000000;
    3FD6 : 00000000;
    3FD7 : 00000000;
    3FD8 : 00000000;
    3FD9 : 00000000;
    3FDA : 00000000;
    3FDB : 00000000;
    3FDC : 00000000;
    3FDD : 00000000;
    3FDE : 00000000;
    3FDF : 00000000;
    3FE0 : 00000000;
    3FE1 : 00000000;
    3FE2 : 00000000;
    3FE3 : 00000000;
    3FE4 : 00000000;
    3FE5 : 00000000;
    3FE6 : 00000000;
    3FE7 : 00000000;
    3FE8 : 00000000;
    3FE9 : 00000000;
    3FEA : 00000000;
    3FEB : 00000000;
    3FEC : 00000000;
    3FED : 00000000;
    3FEE : 00000000;
    3FEF : 00000000;
    3FF0 : 00000000;
    3FF1 : 00000000;
    3FF2 : 00000000;
    3FF3 : 00000000;
    3FF4 : 00000000;
    3FF5 : 00000000;
    3FF6 : 00000000;
    3FF7 : 00000000;
    3FF8 : 00000000;
    3FF9 : 00000000;
    3FFA : 00000000;
    3FFB : 00000000;
    3FFC : 00000000;
    3FFD : 00000000;
    3FFE : 00000000;
    3FFF : 00000000;
    4000 : 00000000;
    4001 : 00000000;
    4002 : 00000000;
    4003 : 00000000;
    4004 : 00000000;
    4005 : 00000000;
    4006 : 00000000;
    4007 : 00000000;
    4008 : 00000000;
    4009 : 00000000;
    400A : 00000000;
    400B : 00000000;
    400C : 00000000;
    400D : 00000000;
    400E : 00000000;
    400F : 00000000;
    4010 : 00000000;
    4011 : 00000000;
    4012 : 00000000;
    4013 : 00000000;
    4014 : 00000000;
    4015 : 00000000;
    4016 : 00000000;
    4017 : 00000000;
    4018 : 00000000;
    4019 : 00000000;
    401A : 00000000;
    401B : 00000000;
    401C : 00000000;
    401D : 00000000;
    401E : 00000000;
    401F : 00000000;
    4020 : 00000000;
    4021 : 00000000;
    4022 : 00000000;
    4023 : 00000000;
    4024 : 00000000;
    4025 : 00000000;
    4026 : 00000000;
    4027 : 00000000;
    4028 : 00000000;
    4029 : 00000000;
    402A : 00000000;
    402B : 00000000;
    402C : 00000000;
    402D : 00000000;
    402E : 00000000;
    402F : 00000000;
    4030 : 00000000;
    4031 : 00000000;
    4032 : 00000000;
    4033 : 00000000;
    4034 : 00000000;
    4035 : 00000000;
    4036 : 00000000;
    4037 : 00000000;
    4038 : 00000000;
    4039 : 00000000;
    403A : 00000000;
    403B : 00000000;
    403C : 00000000;
    403D : 00000000;
    403E : 00000000;
    403F : 00000000;
    4040 : 00000000;
    4041 : 00000000;
    4042 : 00000000;
    4043 : 00000000;
    4044 : 00000000;
    4045 : 00000000;
    4046 : 00000000;
    4047 : 00000000;
    4048 : 00000000;
    4049 : 00000000;
    404A : 00000000;
    404B : 00000000;
    404C : 00000000;
    404D : 00000000;
    404E : 00000000;
    404F : 00000000;
    4050 : 00000000;
    4051 : 00000000;
    4052 : 00000000;
    4053 : 00000000;
    4054 : 00000000;
    4055 : 00000000;
    4056 : 00000000;
    4057 : 00000000;
    4058 : 00000000;
    4059 : 00000000;
    405A : 00000000;
    405B : 00000000;
    405C : 00000000;
    405D : 00000000;
    405E : 00000000;
    405F : 00000000;
    4060 : 00000000;
    4061 : 00000000;
    4062 : 00000000;
    4063 : 00000000;
    4064 : 00000000;
    4065 : 00000000;
    4066 : 00000000;
    4067 : 00000000;
    4068 : 00000000;
    4069 : 00000000;
    406A : 00000000;
    406B : 00000000;
    406C : 00000000;
    406D : 00000000;
    406E : 00000000;
    406F : 00000000;
    4070 : 00000000;
    4071 : 00000000;
    4072 : 00000000;
    4073 : 00000000;
    4074 : 00000000;
    4075 : 00000000;
    4076 : 00000000;
    4077 : 00000000;
    4078 : 00000000;
    4079 : 00000000;
    407A : 00000000;
    407B : 00000000;
    407C : 00000000;
    407D : 00000000;
    407E : 00000000;
    407F : 00000000;
    4080 : 00000000;
    4081 : 00000000;
    4082 : 00000000;
    4083 : 00000000;
    4084 : 00000000;
    4085 : 00000000;
    4086 : 00000000;
    4087 : 00000000;
    4088 : 00000000;
    4089 : 00000000;
    408A : 00000000;
    408B : 00000000;
    408C : 00000000;
    408D : 00000000;
    408E : 00000000;
    408F : 00000000;
    4090 : 00000000;
    4091 : 00000000;
    4092 : 00000000;
    4093 : 00000000;
    4094 : 00000000;
    4095 : 00000000;
    4096 : 00000000;
    4097 : 00000000;
    4098 : 00000000;
    4099 : 00000000;
    409A : 00000000;
    409B : 00000000;
    409C : 00000000;
    409D : 00000000;
    409E : 00000000;
    409F : 00000000;
    40A0 : 00000000;
    40A1 : 00000000;
    40A2 : 00000000;
    40A3 : 00000000;
    40A4 : 00000000;
    40A5 : 00000000;
    40A6 : 00000000;
    40A7 : 00000000;
    40A8 : 00000000;
    40A9 : 00000000;
    40AA : 00000000;
    40AB : 00000000;
    40AC : 00000000;
    40AD : 00000000;
    40AE : 00000000;
    40AF : 00000000;
    40B0 : 00000000;
    40B1 : 00000000;
    40B2 : 00000000;
    40B3 : 00000000;
    40B4 : 00000000;
    40B5 : 00000000;
    40B6 : 00000000;
    40B7 : 00000000;
    40B8 : 00000000;
    40B9 : 00000000;
    40BA : 00000000;
    40BB : 00000000;
    40BC : 00000000;
    40BD : 00000000;
    40BE : 00000000;
    40BF : 00000000;
    40C0 : 00000000;
    40C1 : 00000000;
    40C2 : 00000000;
    40C3 : 00000000;
    40C4 : 00000000;
    40C5 : 00000000;
    40C6 : 00000000;
    40C7 : 00000000;
    40C8 : 00000000;
    40C9 : 00000000;
    40CA : 00000000;
    40CB : 00000000;
    40CC : 00000000;
    40CD : 00000000;
    40CE : 00000000;
    40CF : 00000000;
    40D0 : 00000000;
    40D1 : 00000000;
    40D2 : 00000000;
    40D3 : 00000000;
    40D4 : 00000000;
    40D5 : 00000000;
    40D6 : 00000000;
    40D7 : 00000000;
    40D8 : 00000000;
    40D9 : 00000000;
    40DA : 00000000;
    40DB : 00000000;
    40DC : 00000000;
    40DD : 00000000;
    40DE : 00000000;
    40DF : 00000000;
    40E0 : 00000000;
    40E1 : 00000000;
    40E2 : 00000000;
    40E3 : 00000000;
    40E4 : 00000000;
    40E5 : 00000000;
    40E6 : 00000000;
    40E7 : 00000000;
    40E8 : 00000000;
    40E9 : 00000000;
    40EA : 00000000;
    40EB : 00000000;
    40EC : 00000000;
    40ED : 00000000;
    40EE : 00000000;
    40EF : 00000000;
    40F0 : 00000000;
    40F1 : 00000000;
    40F2 : 00000000;
    40F3 : 00000000;
    40F4 : 00000000;
    40F5 : 00000000;
    40F6 : 00000000;
    40F7 : 00000000;
    40F8 : 00000000;
    40F9 : 00000000;
    40FA : 00000000;
    40FB : 00000000;
    40FC : 00000000;
    40FD : 00000000;
    40FE : 00000000;
    40FF : 00000000;
    4100 : 00000000;
    4101 : 00000000;
    4102 : 00000000;
    4103 : 00000000;
    4104 : 00000000;
    4105 : 00000000;
    4106 : 00000000;
    4107 : 00000000;
    4108 : 00000000;
    4109 : 00000000;
    410A : 00000000;
    410B : 00000000;
    410C : 00000000;
    410D : 00000000;
    410E : 00000000;
    410F : 00000000;
    4110 : 00000000;
    4111 : 00000000;
    4112 : 00000000;
    4113 : 00000000;
    4114 : 00000000;
    4115 : 00000000;
    4116 : 00000000;
    4117 : 00000000;
    4118 : 00000000;
    4119 : 00000000;
    411A : 00000000;
    411B : 00000000;
    411C : 00000000;
    411D : 00000000;
    411E : 00000000;
    411F : 00000000;
    4120 : 00000000;
    4121 : 00000000;
    4122 : 00000000;
    4123 : 00000000;
    4124 : 00000000;
    4125 : 00000000;
    4126 : 00000000;
    4127 : 00000000;
    4128 : 00000000;
    4129 : 00000000;
    412A : 00000000;
    412B : 00000000;
    412C : 00000000;
    412D : 00000000;
    412E : 00000000;
    412F : 00000000;
    4130 : 00000000;
    4131 : 00000000;
    4132 : 00000000;
    4133 : 00000000;
    4134 : 00000000;
    4135 : 00000000;
    4136 : 00000000;
    4137 : 00000000;
    4138 : 00000000;
    4139 : 00000000;
    413A : 00000000;
    413B : 00000000;
    413C : 00000000;
    413D : 00000000;
    413E : 00000000;
    413F : 00000000;
    4140 : 00000000;
    4141 : 00000000;
    4142 : 00000000;
    4143 : 00000000;
    4144 : 00000000;
    4145 : 00000000;
    4146 : 00000000;
    4147 : 00000000;
    4148 : 00000000;
    4149 : 00000000;
    414A : 00000000;
    414B : 00000000;
    414C : 00000000;
    414D : 00000000;
    414E : 00000000;
    414F : 00000000;
    4150 : 00000000;
    4151 : 00000000;
    4152 : 00000000;
    4153 : 00000000;
    4154 : 00000000;
    4155 : 00000000;
    4156 : 00000000;
    4157 : 00000000;
    4158 : 00000000;
    4159 : 00000000;
    415A : 00000000;
    415B : 00000000;
    415C : 00000000;
    415D : 00000000;
    415E : 00000000;
    415F : 00000000;
    4160 : 00000000;
    4161 : 00000000;
    4162 : 00000000;
    4163 : 00000000;
    4164 : 00000000;
    4165 : 00000000;
    4166 : 00000000;
    4167 : 00000000;
    4168 : 00000000;
    4169 : 00000000;
    416A : 00000000;
    416B : 00000000;
    416C : 00000000;
    416D : 00000000;
    416E : 00000000;
    416F : 00000000;
    4170 : 00000000;
    4171 : 00000000;
    4172 : 00000000;
    4173 : 00000000;
    4174 : 00000000;
    4175 : 00000000;
    4176 : 00000000;
    4177 : 00000000;
    4178 : 00000000;
    4179 : 00000000;
    417A : 00000000;
    417B : 00000000;
    417C : 00000000;
    417D : 00000000;
    417E : 00000000;
    417F : 00000000;
    4180 : 00000000;
    4181 : 00000000;
    4182 : 00000000;
    4183 : 00000000;
    4184 : 00000000;
    4185 : 00000000;
    4186 : 00000000;
    4187 : 00000000;
    4188 : 00000000;
    4189 : 00000000;
    418A : 00000000;
    418B : 00000000;
    418C : 00000000;
    418D : 00000000;
    418E : 00000000;
    418F : 00000000;
    4190 : 00000000;
    4191 : 00000000;
    4192 : 00000000;
    4193 : 00000000;
    4194 : 00000000;
    4195 : 00000000;
    4196 : 00000000;
    4197 : 00000000;
    4198 : 00000000;
    4199 : 00000000;
    419A : 00000000;
    419B : 00000000;
    419C : 00000000;
    419D : 00000000;
    419E : 00000000;
    419F : 00000000;
    41A0 : 00000000;
    41A1 : 00000000;
    41A2 : 00000000;
    41A3 : 00000000;
    41A4 : 00000000;
    41A5 : 00000000;
    41A6 : 00000000;
    41A7 : 00000000;
    41A8 : 00000000;
    41A9 : 00000000;
    41AA : 00000000;
    41AB : 00000000;
    41AC : 00000000;
    41AD : 00000000;
    41AE : 00000000;
    41AF : 00000000;
    41B0 : 00000000;
    41B1 : 00000000;
    41B2 : 00000000;
    41B3 : 00000000;
    41B4 : 00000000;
    41B5 : 00000000;
    41B6 : 00000000;
    41B7 : 00000000;
    41B8 : 00000000;
    41B9 : 00000000;
    41BA : 00000000;
    41BB : 00000000;
    41BC : 00000000;
    41BD : 00000000;
    41BE : 00000000;
    41BF : 00000000;
    41C0 : 00000000;
    41C1 : 00000000;
    41C2 : 00000000;
    41C3 : 00000000;
    41C4 : 00000000;
    41C5 : 00000000;
    41C6 : 00000000;
    41C7 : 00000000;
    41C8 : 00000000;
    41C9 : 00000000;
    41CA : 00000000;
    41CB : 00000000;
    41CC : 00000000;
    41CD : 00000000;
    41CE : 00000000;
    41CF : 00000000;
    41D0 : 00000000;
    41D1 : 00000000;
    41D2 : 00000000;
    41D3 : 00000000;
    41D4 : 00000000;
    41D5 : 00000000;
    41D6 : 00000000;
    41D7 : 00000000;
    41D8 : 00000000;
    41D9 : 00000000;
    41DA : 00000000;
    41DB : 00000000;
    41DC : 00000000;
    41DD : 00000000;
    41DE : 00000000;
    41DF : 00000000;
    41E0 : 00000000;
    41E1 : 00000000;
    41E2 : 00000000;
    41E3 : 00000000;
    41E4 : 00000000;
    41E5 : 00000000;
    41E6 : 00000000;
    41E7 : 00000000;
    41E8 : 00000000;
    41E9 : 00000000;
    41EA : 00000000;
    41EB : 00000000;
    41EC : 00000000;
    41ED : 00000000;
    41EE : 00000000;
    41EF : 00000000;
    41F0 : 00000000;
    41F1 : 00000000;
    41F2 : 00000000;
    41F3 : 00000000;
    41F4 : 00000000;
    41F5 : 00000000;
    41F6 : 00000000;
    41F7 : 00000000;
    41F8 : 00000000;
    41F9 : 00000000;
    41FA : 00000000;
    41FB : 00000000;
    41FC : 00000000;
    41FD : 00000000;
    41FE : 00000000;
    41FF : 00000000;
    4200 : 00000000;
    4201 : 00000000;
    4202 : 00000000;
    4203 : 00000000;
    4204 : 00000000;
    4205 : 00000000;
    4206 : 00000000;
    4207 : 00000000;
    4208 : 00000000;
    4209 : 00000000;
    420A : 00000000;
    420B : 00000000;
    420C : 00000000;
    420D : 00000000;
    420E : 00000000;
    420F : 00000000;
    4210 : 00000000;
    4211 : 00000000;
    4212 : 00000000;
    4213 : 00000000;
    4214 : 00000000;
    4215 : 00000000;
    4216 : 00000000;
    4217 : 00000000;
    4218 : 00000000;
    4219 : 00000000;
    421A : 00000000;
    421B : 00000000;
    421C : 00000000;
    421D : 00000000;
    421E : 00000000;
    421F : 00000000;
    4220 : 00000000;
    4221 : 00000000;
    4222 : 00000000;
    4223 : 00000000;
    4224 : 00000000;
    4225 : 00000000;
    4226 : 00000000;
    4227 : 00000000;
    4228 : 00000000;
    4229 : 00000000;
    422A : 00000000;
    422B : 00000000;
    422C : 00000000;
    422D : 00000000;
    422E : 00000000;
    422F : 00000000;
    4230 : 00000000;
    4231 : 00000000;
    4232 : 00000000;
    4233 : 00000000;
    4234 : 00000000;
    4235 : 00000000;
    4236 : 00000000;
    4237 : 00000000;
    4238 : 00000000;
    4239 : 00000000;
    423A : 00000000;
    423B : 00000000;
    423C : 00000000;
    423D : 00000000;
    423E : 00000000;
    423F : 00000000;
    4240 : 00000000;
    4241 : 00000000;
    4242 : 00000000;
    4243 : 00000000;
    4244 : 00000000;
    4245 : 00000000;
    4246 : 00000000;
    4247 : 00000000;
    4248 : 00000000;
    4249 : 00000000;
    424A : 00000000;
    424B : 00000000;
    424C : 00000000;
    424D : 00000000;
    424E : 00000000;
    424F : 00000000;
    4250 : 00000000;
    4251 : 00000000;
    4252 : 00000000;
    4253 : 00000000;
    4254 : 00000000;
    4255 : 00000000;
    4256 : 00000000;
    4257 : 00000000;
    4258 : 00000000;
    4259 : 00000000;
    425A : 00000000;
    425B : 00000000;
    425C : 00000000;
    425D : 00000000;
    425E : 00000000;
    425F : 00000000;
    4260 : 00000000;
    4261 : 00000000;
    4262 : 00000000;
    4263 : 00000000;
    4264 : 00000000;
    4265 : 00000000;
    4266 : 00000000;
    4267 : 00000000;
    4268 : 00000000;
    4269 : 00000000;
    426A : 00000000;
    426B : 00000000;
    426C : 00000000;
    426D : 00000000;
    426E : 00000000;
    426F : 00000000;
    4270 : 00000000;
    4271 : 00000000;
    4272 : 00000000;
    4273 : 00000000;
    4274 : 00000000;
    4275 : 00000000;
    4276 : 00000000;
    4277 : 00000000;
    4278 : 00000000;
    4279 : 00000000;
    427A : 00000000;
    427B : 00000000;
    427C : 00000000;
    427D : 00000000;
    427E : 00000000;
    427F : 00000000;
    4280 : 00000000;
    4281 : 00000000;
    4282 : 00000000;
    4283 : 00000000;
    4284 : 00000000;
    4285 : 00000000;
    4286 : 00000000;
    4287 : 00000000;
    4288 : 00000000;
    4289 : 00000000;
    428A : 00000000;
    428B : 00000000;
    428C : 00000000;
    428D : 00000000;
    428E : 00000000;
    428F : 00000000;
    4290 : 00000000;
    4291 : 00000000;
    4292 : 00000000;
    4293 : 00000000;
    4294 : 00000000;
    4295 : 00000000;
    4296 : 00000000;
    4297 : 00000000;
    4298 : 00000000;
    4299 : 00000000;
    429A : 00000000;
    429B : 00000000;
    429C : 00000000;
    429D : 00000000;
    429E : 00000000;
    429F : 00000000;
    42A0 : 00000000;
    42A1 : 00000000;
    42A2 : 00000000;
    42A3 : 00000000;
    42A4 : 00000000;
    42A5 : 00000000;
    42A6 : 00000000;
    42A7 : 00000000;
    42A8 : 00000000;
    42A9 : 00000000;
    42AA : 00000000;
    42AB : 00000000;
    42AC : 00000000;
    42AD : 00000000;
    42AE : 00000000;
    42AF : 00000000;
    42B0 : 00000000;
    42B1 : 00000000;
    42B2 : 00000000;
    42B3 : 00000000;
    42B4 : 00000000;
    42B5 : 00000000;
    42B6 : 00000000;
    42B7 : 00000000;
    42B8 : 00000000;
    42B9 : 00000000;
    42BA : 00000000;
    42BB : 00000000;
    42BC : 00000000;
    42BD : 00000000;
    42BE : 00000000;
    42BF : 00000000;
    42C0 : 00000000;
    42C1 : 00000000;
    42C2 : 00000000;
    42C3 : 00000000;
    42C4 : 00000000;
    42C5 : 00000000;
    42C6 : 00000000;
    42C7 : 00000000;
    42C8 : 00000000;
    42C9 : 00000000;
    42CA : 00000000;
    42CB : 00000000;
    42CC : 00000000;
    42CD : 00000000;
    42CE : 00000000;
    42CF : 00000000;
    42D0 : 00000000;
    42D1 : 00000000;
    42D2 : 00000000;
    42D3 : 00000000;
    42D4 : 00000000;
    42D5 : 00000000;
    42D6 : 00000000;
    42D7 : 00000000;
    42D8 : 00000000;
    42D9 : 00000000;
    42DA : 00000000;
    42DB : 00000000;
    42DC : 00000000;
    42DD : 00000000;
    42DE : 00000000;
    42DF : 00000000;
    42E0 : 00000000;
    42E1 : 00000000;
    42E2 : 00000000;
    42E3 : 00000000;
    42E4 : 00000000;
    42E5 : 00000000;
    42E6 : 00000000;
    42E7 : 00000000;
    42E8 : 00000000;
    42E9 : 00000000;
    42EA : 00000000;
    42EB : 00000000;
    42EC : 00000000;
    42ED : 00000000;
    42EE : 00000000;
    42EF : 00000000;
    42F0 : 00000000;
    42F1 : 00000000;
    42F2 : 00000000;
    42F3 : 00000000;
    42F4 : 00000000;
    42F5 : 00000000;
    42F6 : 00000000;
    42F7 : 00000000;
    42F8 : 00000000;
    42F9 : 00000000;
    42FA : 00000000;
    42FB : 00000000;
    42FC : 00000000;
    42FD : 00000000;
    42FE : 00000000;
    42FF : 00000000;
    4300 : 00000000;
    4301 : 00000000;
    4302 : 00000000;
    4303 : 00000000;
    4304 : 00000000;
    4305 : 00000000;
    4306 : 00000000;
    4307 : 00000000;
    4308 : 00000000;
    4309 : 00000000;
    430A : 00000000;
    430B : 00000000;
    430C : 00000000;
    430D : 00000000;
    430E : 00000000;
    430F : 00000000;
    4310 : 00000000;
    4311 : 00000000;
    4312 : 00000000;
    4313 : 00000000;
    4314 : 00000000;
    4315 : 00000000;
    4316 : 00000000;
    4317 : 00000000;
    4318 : 00000000;
    4319 : 00000000;
    431A : 00000000;
    431B : 00000000;
    431C : 00000000;
    431D : 00000000;
    431E : 00000000;
    431F : 00000000;
    4320 : 00000000;
    4321 : 00000000;
    4322 : 00000000;
    4323 : 00000000;
    4324 : 00000000;
    4325 : 00000000;
    4326 : 00000000;
    4327 : 00000000;
    4328 : 00000000;
    4329 : 00000000;
    432A : 00000000;
    432B : 00000000;
    432C : 00000000;
    432D : 00000000;
    432E : 00000000;
    432F : 00000000;
    4330 : 00000000;
    4331 : 00000000;
    4332 : 00000000;
    4333 : 00000000;
    4334 : 00000000;
    4335 : 00000000;
    4336 : 00000000;
    4337 : 00000000;
    4338 : 00000000;
    4339 : 00000000;
    433A : 00000000;
    433B : 00000000;
    433C : 00000000;
    433D : 00000000;
    433E : 00000000;
    433F : 00000000;
    4340 : 00000000;
    4341 : 00000000;
    4342 : 00000000;
    4343 : 00000000;
    4344 : 00000000;
    4345 : 00000000;
    4346 : 00000000;
    4347 : 00000000;
    4348 : 00000000;
    4349 : 00000000;
    434A : 00000000;
    434B : 00000000;
    434C : 00000000;
    434D : 00000000;
    434E : 00000000;
    434F : 00000000;
    4350 : 00000000;
    4351 : 00000000;
    4352 : 00000000;
    4353 : 00000000;
    4354 : 00000000;
    4355 : 00000000;
    4356 : 00000000;
    4357 : 00000000;
    4358 : 00000000;
    4359 : 00000000;
    435A : 00000000;
    435B : 00000000;
    435C : 00000000;
    435D : 00000000;
    435E : 00000000;
    435F : 00000000;
    4360 : 00000000;
    4361 : 00000000;
    4362 : 00000000;
    4363 : 00000000;
    4364 : 00000000;
    4365 : 00000000;
    4366 : 00000000;
    4367 : 00000000;
    4368 : 00000000;
    4369 : 00000000;
    436A : 00000000;
    436B : 00000000;
    436C : 00000000;
    436D : 00000000;
    436E : 00000000;
    436F : 00000000;
    4370 : 00000000;
    4371 : 00000000;
    4372 : 00000000;
    4373 : 00000000;
    4374 : 00000000;
    4375 : 00000000;
    4376 : 00000000;
    4377 : 00000000;
    4378 : 00000000;
    4379 : 00000000;
    437A : 00000000;
    437B : 00000000;
    437C : 00000000;
    437D : 00000000;
    437E : 00000000;
    437F : 00000000;
    4380 : 00000000;
    4381 : 00000000;
    4382 : 00000000;
    4383 : 00000000;
    4384 : 00000000;
    4385 : 00000000;
    4386 : 00000000;
    4387 : 00000000;
    4388 : 00000000;
    4389 : 00000000;
    438A : 00000000;
    438B : 00000000;
    438C : 00000000;
    438D : 00000000;
    438E : 00000000;
    438F : 00000000;
    4390 : 00000000;
    4391 : 00000000;
    4392 : 00000000;
    4393 : 00000000;
    4394 : 00000000;
    4395 : 00000000;
    4396 : 00000000;
    4397 : 00000000;
    4398 : 00000000;
    4399 : 00000000;
    439A : 00000000;
    439B : 00000000;
    439C : 00000000;
    439D : 00000000;
    439E : 00000000;
    439F : 00000000;
    43A0 : 00000000;
    43A1 : 00000000;
    43A2 : 00000000;
    43A3 : 00000000;
    43A4 : 00000000;
    43A5 : 00000000;
    43A6 : 00000000;
    43A7 : 00000000;
    43A8 : 00000000;
    43A9 : 00000000;
    43AA : 00000000;
    43AB : 00000000;
    43AC : 00000000;
    43AD : 00000000;
    43AE : 00000000;
    43AF : 00000000;
    43B0 : 00000000;
    43B1 : 00000000;
    43B2 : 00000000;
    43B3 : 00000000;
    43B4 : 00000000;
    43B5 : 00000000;
    43B6 : 00000000;
    43B7 : 00000000;
    43B8 : 00000000;
    43B9 : 00000000;
    43BA : 00000000;
    43BB : 00000000;
    43BC : 00000000;
    43BD : 00000000;
    43BE : 00000000;
    43BF : 00000000;
    43C0 : 00000000;
    43C1 : 00000000;
    43C2 : 00000000;
    43C3 : 00000000;
    43C4 : 00000000;
    43C5 : 00000000;
    43C6 : 00000000;
    43C7 : 00000000;
    43C8 : 00000000;
    43C9 : 00000000;
    43CA : 00000000;
    43CB : 00000000;
    43CC : 00000000;
    43CD : 00000000;
    43CE : 00000000;
    43CF : 00000000;
    43D0 : 00000000;
    43D1 : 00000000;
    43D2 : 00000000;
    43D3 : 00000000;
    43D4 : 00000000;
    43D5 : 00000000;
    43D6 : 00000000;
    43D7 : 00000000;
    43D8 : 00000000;
    43D9 : 00000000;
    43DA : 00000000;
    43DB : 00000000;
    43DC : 00000000;
    43DD : 00000000;
    43DE : 00000000;
    43DF : 00000000;
    43E0 : 00000000;
    43E1 : 00000000;
    43E2 : 00000000;
    43E3 : 00000000;
    43E4 : 00000000;
    43E5 : 00000000;
    43E6 : 00000000;
    43E7 : 00000000;
    43E8 : 00000000;
    43E9 : 00000000;
    43EA : 00000000;
    43EB : 00000000;
    43EC : 00000000;
    43ED : 00000000;
    43EE : 00000000;
    43EF : 00000000;
    43F0 : 00000000;
    43F1 : 00000000;
    43F2 : 00000000;
    43F3 : 00000000;
    43F4 : 00000000;
    43F5 : 00000000;
    43F6 : 00000000;
    43F7 : 00000000;
    43F8 : 00000000;
    43F9 : 00000000;
    43FA : 00000000;
    43FB : 00000000;
    43FC : 00000000;
    43FD : 00000000;
    43FE : 00000000;
    43FF : 00000000;
    4400 : 00000000;
    4401 : 00000000;
    4402 : 00000000;
    4403 : 00000000;
    4404 : 00000000;
    4405 : 00000000;
    4406 : 00000000;
    4407 : 00000000;
    4408 : 00000000;
    4409 : 00000000;
    440A : 00000000;
    440B : 00000000;
    440C : 00000000;
    440D : 00000000;
    440E : 00000000;
    440F : 00000000;
    4410 : 00000000;
    4411 : 00000000;
    4412 : 00000000;
    4413 : 00000000;
    4414 : 00000000;
    4415 : 00000000;
    4416 : 00000000;
    4417 : 00000000;
    4418 : 00000000;
    4419 : 00000000;
    441A : 00000000;
    441B : 00000000;
    441C : 00000000;
    441D : 00000000;
    441E : 00000000;
    441F : 00000000;
    4420 : 00000000;
    4421 : 00000000;
    4422 : 00000000;
    4423 : 00000000;
    4424 : 00000000;
    4425 : 00000000;
    4426 : 00000000;
    4427 : 00000000;
    4428 : 00000000;
    4429 : 00000000;
    442A : 00000000;
    442B : 00000000;
    442C : 00000000;
    442D : 00000000;
    442E : 00000000;
    442F : 00000000;
    4430 : 00000000;
    4431 : 00000000;
    4432 : 00000000;
    4433 : 00000000;
    4434 : 00000000;
    4435 : 00000000;
    4436 : 00000000;
    4437 : 00000000;
    4438 : 00000000;
    4439 : 00000000;
    443A : 00000000;
    443B : 00000000;
    443C : 00000000;
    443D : 00000000;
    443E : 00000000;
    443F : 00000000;
    4440 : 00000000;
    4441 : 00000000;
    4442 : 00000000;
    4443 : 00000000;
    4444 : 00000000;
    4445 : 00000000;
    4446 : 00000000;
    4447 : 00000000;
    4448 : 00000000;
    4449 : 00000000;
    444A : 00000000;
    444B : 00000000;
    444C : 00000000;
    444D : 00000000;
    444E : 00000000;
    444F : 00000000;
    4450 : 00000000;
    4451 : 00000000;
    4452 : 00000000;
    4453 : 00000000;
    4454 : 00000000;
    4455 : 00000000;
    4456 : 00000000;
    4457 : 00000000;
    4458 : 00000000;
    4459 : 00000000;
    445A : 00000000;
    445B : 00000000;
    445C : 00000000;
    445D : 00000000;
    445E : 00000000;
    445F : 00000000;
    4460 : 00000000;
    4461 : 00000000;
    4462 : 00000000;
    4463 : 00000000;
    4464 : 00000000;
    4465 : 00000000;
    4466 : 00000000;
    4467 : 00000000;
    4468 : 00000000;
    4469 : 00000000;
    446A : 00000000;
    446B : 00000000;
    446C : 00000000;
    446D : 00000000;
    446E : 00000000;
    446F : 00000000;
    4470 : 00000000;
    4471 : 00000000;
    4472 : 00000000;
    4473 : 00000000;
    4474 : 00000000;
    4475 : 00000000;
    4476 : 00000000;
    4477 : 00000000;
    4478 : 00000000;
    4479 : 00000000;
    447A : 00000000;
    447B : 00000000;
    447C : 00000000;
    447D : 00000000;
    447E : 00000000;
    447F : 00000000;
    4480 : 00000000;
    4481 : 00000000;
    4482 : 00000000;
    4483 : 00000000;
    4484 : 00000000;
    4485 : 00000000;
    4486 : 00000000;
    4487 : 00000000;
    4488 : 00000000;
    4489 : 00000000;
    448A : 00000000;
    448B : 00000000;
    448C : 00000000;
    448D : 00000000;
    448E : 00000000;
    448F : 00000000;
    4490 : 00000000;
    4491 : 00000000;
    4492 : 00000000;
    4493 : 00000000;
    4494 : 00000000;
    4495 : 00000000;
    4496 : 00000000;
    4497 : 00000000;
    4498 : 00000000;
    4499 : 00000000;
    449A : 00000000;
    449B : 00000000;
    449C : 00000000;
    449D : 00000000;
    449E : 00000000;
    449F : 00000000;
    44A0 : 00000000;
    44A1 : 00000000;
    44A2 : 00000000;
    44A3 : 00000000;
    44A4 : 00000000;
    44A5 : 00000000;
    44A6 : 00000000;
    44A7 : 00000000;
    44A8 : 00000000;
    44A9 : 00000000;
    44AA : 00000000;
    44AB : 00000000;
    44AC : 00000000;
    44AD : 00000000;
    44AE : 00000000;
    44AF : 00000000;
    44B0 : 00000000;
    44B1 : 00000000;
    44B2 : 00000000;
    44B3 : 00000000;
    44B4 : 00000000;
    44B5 : 00000000;
    44B6 : 00000000;
    44B7 : 00000000;
    44B8 : 00000000;
    44B9 : 00000000;
    44BA : 00000000;
    44BB : 00000000;
    44BC : 00000000;
    44BD : 00000000;
    44BE : 00000000;
    44BF : 00000000;
    44C0 : 00000000;
    44C1 : 00000000;
    44C2 : 00000000;
    44C3 : 00000000;
    44C4 : 00000000;
    44C5 : 00000000;
    44C6 : 00000000;
    44C7 : 00000000;
    44C8 : 00000000;
    44C9 : 00000000;
    44CA : 00000000;
    44CB : 00000000;
    44CC : 00000000;
    44CD : 00000000;
    44CE : 00000000;
    44CF : 00000000;
    44D0 : 00000000;
    44D1 : 00000000;
    44D2 : 00000000;
    44D3 : 00000000;
    44D4 : 00000000;
    44D5 : 00000000;
    44D6 : 00000000;
    44D7 : 00000000;
    44D8 : 00000000;
    44D9 : 00000000;
    44DA : 00000000;
    44DB : 00000000;
    44DC : 00000000;
    44DD : 00000000;
    44DE : 00000000;
    44DF : 00000000;
    44E0 : 00000000;
    44E1 : 00000000;
    44E2 : 00000000;
    44E3 : 00000000;
    44E4 : 00000000;
    44E5 : 00000000;
    44E6 : 00000000;
    44E7 : 00000000;
    44E8 : 00000000;
    44E9 : 00000000;
    44EA : 00000000;
    44EB : 00000000;
    44EC : 00000000;
    44ED : 00000000;
    44EE : 00000000;
    44EF : 00000000;
    44F0 : 00000000;
    44F1 : 00000000;
    44F2 : 00000000;
    44F3 : 00000000;
    44F4 : 00000000;
    44F5 : 00000000;
    44F6 : 00000000;
    44F7 : 00000000;
    44F8 : 00000000;
    44F9 : 00000000;
    44FA : 00000000;
    44FB : 00000000;
    44FC : 00000000;
    44FD : 00000000;
    44FE : 00000000;
    44FF : 00000000;
    4500 : 00000000;
    4501 : 00000000;
    4502 : 00000000;
    4503 : 00000000;
    4504 : 00000000;
    4505 : 00000000;
    4506 : 00000000;
    4507 : 00000000;
    4508 : 00000000;
    4509 : 00000000;
    450A : 00000000;
    450B : 00000000;
    450C : 00000000;
    450D : 00000000;
    450E : 00000000;
    450F : 00000000;
    4510 : 00000000;
    4511 : 00000000;
    4512 : 00000000;
    4513 : 00000000;
    4514 : 00000000;
    4515 : 00000000;
    4516 : 00000000;
    4517 : 00000000;
    4518 : 00000000;
    4519 : 00000000;
    451A : 00000000;
    451B : 00000000;
    451C : 00000000;
    451D : 00000000;
    451E : 00000000;
    451F : 00000000;
    4520 : 00000000;
    4521 : 00000000;
    4522 : 00000000;
    4523 : 00000000;
    4524 : 00000000;
    4525 : 00000000;
    4526 : 00000000;
    4527 : 00000000;
    4528 : 00000000;
    4529 : 00000000;
    452A : 00000000;
    452B : 00000000;
    452C : 00000000;
    452D : 00000000;
    452E : 00000000;
    452F : 00000000;
    4530 : 00000000;
    4531 : 00000000;
    4532 : 00000000;
    4533 : 00000000;
    4534 : 00000000;
    4535 : 00000000;
    4536 : 00000000;
    4537 : 00000000;
    4538 : 00000000;
    4539 : 00000000;
    453A : 00000000;
    453B : 00000000;
    453C : 00000000;
    453D : 00000000;
    453E : 00000000;
    453F : 00000000;
    4540 : 00000000;
    4541 : 00000000;
    4542 : 00000000;
    4543 : 00000000;
    4544 : 00000000;
    4545 : 00000000;
    4546 : 00000000;
    4547 : 00000000;
    4548 : 00000000;
    4549 : 00000000;
    454A : 00000000;
    454B : 00000000;
    454C : 00000000;
    454D : 00000000;
    454E : 00000000;
    454F : 00000000;
    4550 : 00000000;
    4551 : 00000000;
    4552 : 00000000;
    4553 : 00000000;
    4554 : 00000000;
    4555 : 00000000;
    4556 : 00000000;
    4557 : 00000000;
    4558 : 00000000;
    4559 : 00000000;
    455A : 00000000;
    455B : 00000000;
    455C : 00000000;
    455D : 00000000;
    455E : 00000000;
    455F : 00000000;
    4560 : 00000000;
    4561 : 00000000;
    4562 : 00000000;
    4563 : 00000000;
    4564 : 00000000;
    4565 : 00000000;
    4566 : 00000000;
    4567 : 00000000;
    4568 : 00000000;
    4569 : 00000000;
    456A : 00000000;
    456B : 00000000;
    456C : 00000000;
    456D : 00000000;
    456E : 00000000;
    456F : 00000000;
    4570 : 00000000;
    4571 : 00000000;
    4572 : 00000000;
    4573 : 00000000;
    4574 : 00000000;
    4575 : 00000000;
    4576 : 00000000;
    4577 : 00000000;
    4578 : 00000000;
    4579 : 00000000;
    457A : 00000000;
    457B : 00000000;
    457C : 00000000;
    457D : 00000000;
    457E : 00000000;
    457F : 00000000;
    4580 : 00000000;
    4581 : 00000000;
    4582 : 00000000;
    4583 : 00000000;
    4584 : 00000000;
    4585 : 00000000;
    4586 : 00000000;
    4587 : 00000000;
    4588 : 00000000;
    4589 : 00000000;
    458A : 00000000;
    458B : 00000000;
    458C : 00000000;
    458D : 00000000;
    458E : 00000000;
    458F : 00000000;
    4590 : 00000000;
    4591 : 00000000;
    4592 : 00000000;
    4593 : 00000000;
    4594 : 00000000;
    4595 : 00000000;
    4596 : 00000000;
    4597 : 00000000;
    4598 : 00000000;
    4599 : 00000000;
    459A : 00000000;
    459B : 00000000;
    459C : 00000000;
    459D : 00000000;
    459E : 00000000;
    459F : 00000000;
    45A0 : 00000000;
    45A1 : 00000000;
    45A2 : 00000000;
    45A3 : 00000000;
    45A4 : 00000000;
    45A5 : 00000000;
    45A6 : 00000000;
    45A7 : 00000000;
    45A8 : 00000000;
    45A9 : 00000000;
    45AA : 00000000;
    45AB : 00000000;
    45AC : 00000000;
    45AD : 00000000;
    45AE : 00000000;
    45AF : 00000000;
    45B0 : 00000000;
    45B1 : 00000000;
    45B2 : 00000000;
    45B3 : 00000000;
    45B4 : 00000000;
    45B5 : 00000000;
    45B6 : 00000000;
    45B7 : 00000000;
    45B8 : 00000000;
    45B9 : 00000000;
    45BA : 00000000;
    45BB : 00000000;
    45BC : 00000000;
    45BD : 00000000;
    45BE : 00000000;
    45BF : 00000000;
    45C0 : 00000000;
    45C1 : 00000000;
    45C2 : 00000000;
    45C3 : 00000000;
    45C4 : 00000000;
    45C5 : 00000000;
    45C6 : 00000000;
    45C7 : 00000000;
    45C8 : 00000000;
    45C9 : 00000000;
    45CA : 00000000;
    45CB : 00000000;
    45CC : 00000000;
    45CD : 00000000;
    45CE : 00000000;
    45CF : 00000000;
    45D0 : 00000000;
    45D1 : 00000000;
    45D2 : 00000000;
    45D3 : 00000000;
    45D4 : 00000000;
    45D5 : 00000000;
    45D6 : 00000000;
    45D7 : 00000000;
    45D8 : 00000000;
    45D9 : 00000000;
    45DA : 00000000;
    45DB : 00000000;
    45DC : 00000000;
    45DD : 00000000;
    45DE : 00000000;
    45DF : 00000000;
    45E0 : 00000000;
    45E1 : 00000000;
    45E2 : 00000000;
    45E3 : 00000000;
    45E4 : 00000000;
    45E5 : 00000000;
    45E6 : 00000000;
    45E7 : 00000000;
    45E8 : 00000000;
    45E9 : 00000000;
    45EA : 00000000;
    45EB : 00000000;
    45EC : 00000000;
    45ED : 00000000;
    45EE : 00000000;
    45EF : 00000000;
    45F0 : 00000000;
    45F1 : 00000000;
    45F2 : 00000000;
    45F3 : 00000000;
    45F4 : 00000000;
    45F5 : 00000000;
    45F6 : 00000000;
    45F7 : 00000000;
    45F8 : 00000000;
    45F9 : 00000000;
    45FA : 00000000;
    45FB : 00000000;
    45FC : 00000000;
    45FD : 00000000;
    45FE : 00000000;
    45FF : 00000000;
    4600 : 00000000;
    4601 : 00000000;
    4602 : 00000000;
    4603 : 00000000;
    4604 : 00000000;
    4605 : 00000000;
    4606 : 00000000;
    4607 : 00000000;
    4608 : 00000000;
    4609 : 00000000;
    460A : 00000000;
    460B : 00000000;
    460C : 00000000;
    460D : 00000000;
    460E : 00000000;
    460F : 00000000;
    4610 : 00000000;
    4611 : 00000000;
    4612 : 00000000;
    4613 : 00000000;
    4614 : 00000000;
    4615 : 00000000;
    4616 : 00000000;
    4617 : 00000000;
    4618 : 00000000;
    4619 : 00000000;
    461A : 00000000;
    461B : 00000000;
    461C : 00000000;
    461D : 00000000;
    461E : 00000000;
    461F : 00000000;
    4620 : 00000000;
    4621 : 00000000;
    4622 : 00000000;
    4623 : 00000000;
    4624 : 00000000;
    4625 : 00000000;
    4626 : 00000000;
    4627 : 00000000;
    4628 : 00000000;
    4629 : 00000000;
    462A : 00000000;
    462B : 00000000;
    462C : 00000000;
    462D : 00000000;
    462E : 00000000;
    462F : 00000000;
    4630 : 00000000;
    4631 : 00000000;
    4632 : 00000000;
    4633 : 00000000;
    4634 : 00000000;
    4635 : 00000000;
    4636 : 00000000;
    4637 : 00000000;
    4638 : 00000000;
    4639 : 00000000;
    463A : 00000000;
    463B : 00000000;
    463C : 00000000;
    463D : 00000000;
    463E : 00000000;
    463F : 00000000;
    4640 : 00000000;
    4641 : 00000000;
    4642 : 00000000;
    4643 : 00000000;
    4644 : 00000000;
    4645 : 00000000;
    4646 : 00000000;
    4647 : 00000000;
    4648 : 00000000;
    4649 : 00000000;
    464A : 00000000;
    464B : 00000000;
    464C : 00000000;
    464D : 00000000;
    464E : 00000000;
    464F : 00000000;
    4650 : 00000000;
    4651 : 00000000;
    4652 : 00000000;
    4653 : 00000000;
    4654 : 00000000;
    4655 : 00000000;
    4656 : 00000000;
    4657 : 00000000;
    4658 : 00000000;
    4659 : 00000000;
    465A : 00000000;
    465B : 00000000;
    465C : 00000000;
    465D : 00000000;
    465E : 00000000;
    465F : 00000000;
    4660 : 00000000;
    4661 : 00000000;
    4662 : 00000000;
    4663 : 00000000;
    4664 : 00000000;
    4665 : 00000000;
    4666 : 00000000;
    4667 : 00000000;
    4668 : 00000000;
    4669 : 00000000;
    466A : 00000000;
    466B : 00000000;
    466C : 00000000;
    466D : 00000000;
    466E : 00000000;
    466F : 00000000;
    4670 : 00000000;
    4671 : 00000000;
    4672 : 00000000;
    4673 : 00000000;
    4674 : 00000000;
    4675 : 00000000;
    4676 : 00000000;
    4677 : 00000000;
    4678 : 00000000;
    4679 : 00000000;
    467A : 00000000;
    467B : 00000000;
    467C : 00000000;
    467D : 00000000;
    467E : 00000000;
    467F : 00000000;
    4680 : 00000000;
    4681 : 00000000;
    4682 : 00000000;
    4683 : 00000000;
    4684 : 00000000;
    4685 : 00000000;
    4686 : 00000000;
    4687 : 00000000;
    4688 : 00000000;
    4689 : 00000000;
    468A : 00000000;
    468B : 00000000;
    468C : 00000000;
    468D : 00000000;
    468E : 00000000;
    468F : 00000000;
    4690 : 00000000;
    4691 : 00000000;
    4692 : 00000000;
    4693 : 00000000;
    4694 : 00000000;
    4695 : 00000000;
    4696 : 00000000;
    4697 : 00000000;
    4698 : 00000000;
    4699 : 00000000;
    469A : 00000000;
    469B : 00000000;
    469C : 00000000;
    469D : 00000000;
    469E : 00000000;
    469F : 00000000;
    46A0 : 00000000;
    46A1 : 00000000;
    46A2 : 00000000;
    46A3 : 00000000;
    46A4 : 00000000;
    46A5 : 00000000;
    46A6 : 00000000;
    46A7 : 00000000;
    46A8 : 00000000;
    46A9 : 00000000;
    46AA : 00000000;
    46AB : 00000000;
    46AC : 00000000;
    46AD : 00000000;
    46AE : 00000000;
    46AF : 00000000;
    46B0 : 00000000;
    46B1 : 00000000;
    46B2 : 00000000;
    46B3 : 00000000;
    46B4 : 00000000;
    46B5 : 00000000;
    46B6 : 00000000;
    46B7 : 00000000;
    46B8 : 00000000;
    46B9 : 00000000;
    46BA : 00000000;
    46BB : 00000000;
    46BC : 00000000;
    46BD : 00000000;
    46BE : 00000000;
    46BF : 00000000;
    46C0 : 00000000;
    46C1 : 00000000;
    46C2 : 00000000;
    46C3 : 00000000;
    46C4 : 00000000;
    46C5 : 00000000;
    46C6 : 00000000;
    46C7 : 00000000;
    46C8 : 00000000;
    46C9 : 00000000;
    46CA : 00000000;
    46CB : 00000000;
    46CC : 00000000;
    46CD : 00000000;
    46CE : 00000000;
    46CF : 00000000;
    46D0 : 00000000;
    46D1 : 00000000;
    46D2 : 00000000;
    46D3 : 00000000;
    46D4 : 00000000;
    46D5 : 00000000;
    46D6 : 00000000;
    46D7 : 00000000;
    46D8 : 00000000;
    46D9 : 00000000;
    46DA : 00000000;
    46DB : 00000000;
    46DC : 00000000;
    46DD : 00000000;
    46DE : 00000000;
    46DF : 00000000;
    46E0 : 00000000;
    46E1 : 00000000;
    46E2 : 00000000;
    46E3 : 00000000;
    46E4 : 00000000;
    46E5 : 00000000;
    46E6 : 00000000;
    46E7 : 00000000;
    46E8 : 00000000;
    46E9 : 00000000;
    46EA : 00000000;
    46EB : 00000000;
    46EC : 00000000;
    46ED : 00000000;
    46EE : 00000000;
    46EF : 00000000;
    46F0 : 00000000;
    46F1 : 00000000;
    46F2 : 00000000;
    46F3 : 00000000;
    46F4 : 00000000;
    46F5 : 00000000;
    46F6 : 00000000;
    46F7 : 00000000;
    46F8 : 00000000;
    46F9 : 00000000;
    46FA : 00000000;
    46FB : 00000000;
    46FC : 00000000;
    46FD : 00000000;
    46FE : 00000000;
    46FF : 00000000;
    4700 : 00000000;
    4701 : 00000000;
    4702 : 00000000;
    4703 : 00000000;
    4704 : 00000000;
    4705 : 00000000;
    4706 : 00000000;
    4707 : 00000000;
    4708 : 00000000;
    4709 : 00000000;
    470A : 00000000;
    470B : 00000000;
    470C : 00000000;
    470D : 00000000;
    470E : 00000000;
    470F : 00000000;
    4710 : 00000000;
    4711 : 00000000;
    4712 : 00000000;
    4713 : 00000000;
    4714 : 00000000;
    4715 : 00000000;
    4716 : 00000000;
    4717 : 00000000;
    4718 : 00000000;
    4719 : 00000000;
    471A : 00000000;
    471B : 00000000;
    471C : 00000000;
    471D : 00000000;
    471E : 00000000;
    471F : 00000000;
    4720 : 00000000;
    4721 : 00000000;
    4722 : 00000000;
    4723 : 00000000;
    4724 : 00000000;
    4725 : 00000000;
    4726 : 00000000;
    4727 : 00000000;
    4728 : 00000000;
    4729 : 00000000;
    472A : 00000000;
    472B : 00000000;
    472C : 00000000;
    472D : 00000000;
    472E : 00000000;
    472F : 00000000;
    4730 : 00000000;
    4731 : 00000000;
    4732 : 00000000;
    4733 : 00000000;
    4734 : 00000000;
    4735 : 00000000;
    4736 : 00000000;
    4737 : 00000000;
    4738 : 00000000;
    4739 : 00000000;
    473A : 00000000;
    473B : 00000000;
    473C : 00000000;
    473D : 00000000;
    473E : 00000000;
    473F : 00000000;
    4740 : 00000000;
    4741 : 00000000;
    4742 : 00000000;
    4743 : 00000000;
    4744 : 00000000;
    4745 : 00000000;
    4746 : 00000000;
    4747 : 00000000;
    4748 : 00000000;
    4749 : 00000000;
    474A : 00000000;
    474B : 00000000;
    474C : 00000000;
    474D : 00000000;
    474E : 00000000;
    474F : 00000000;
    4750 : 00000000;
    4751 : 00000000;
    4752 : 00000000;
    4753 : 00000000;
    4754 : 00000000;
    4755 : 00000000;
    4756 : 00000000;
    4757 : 00000000;
    4758 : 00000000;
    4759 : 00000000;
    475A : 00000000;
    475B : 00000000;
    475C : 00000000;
    475D : 00000000;
    475E : 00000000;
    475F : 00000000;
    4760 : 00000000;
    4761 : 00000000;
    4762 : 00000000;
    4763 : 00000000;
    4764 : 00000000;
    4765 : 00000000;
    4766 : 00000000;
    4767 : 00000000;
    4768 : 00000000;
    4769 : 00000000;
    476A : 00000000;
    476B : 00000000;
    476C : 00000000;
    476D : 00000000;
    476E : 00000000;
    476F : 00000000;
    4770 : 00000000;
    4771 : 00000000;
    4772 : 00000000;
    4773 : 00000000;
    4774 : 00000000;
    4775 : 00000000;
    4776 : 00000000;
    4777 : 00000000;
    4778 : 00000000;
    4779 : 00000000;
    477A : 00000000;
    477B : 00000000;
    477C : 00000000;
    477D : 00000000;
    477E : 00000000;
    477F : 00000000;
    4780 : 00000000;
    4781 : 00000000;
    4782 : 00000000;
    4783 : 00000000;
    4784 : 00000000;
    4785 : 00000000;
    4786 : 00000000;
    4787 : 00000000;
    4788 : 00000000;
    4789 : 00000000;
    478A : 00000000;
    478B : 00000000;
    478C : 00000000;
    478D : 00000000;
    478E : 00000000;
    478F : 00000000;
    4790 : 00000000;
    4791 : 00000000;
    4792 : 00000000;
    4793 : 00000000;
    4794 : 00000000;
    4795 : 00000000;
    4796 : 00000000;
    4797 : 00000000;
    4798 : 00000000;
    4799 : 00000000;
    479A : 00000000;
    479B : 00000000;
    479C : 00000000;
    479D : 00000000;
    479E : 00000000;
    479F : 00000000;
    47A0 : 00000000;
    47A1 : 00000000;
    47A2 : 00000000;
    47A3 : 00000000;
    47A4 : 00000000;
    47A5 : 00000000;
    47A6 : 00000000;
    47A7 : 00000000;
    47A8 : 00000000;
    47A9 : 00000000;
    47AA : 00000000;
    47AB : 00000000;
    47AC : 00000000;
    47AD : 00000000;
    47AE : 00000000;
    47AF : 00000000;
    47B0 : 00000000;
    47B1 : 00000000;
    47B2 : 00000000;
    47B3 : 00000000;
    47B4 : 00000000;
    47B5 : 00000000;
    47B6 : 00000000;
    47B7 : 00000000;
    47B8 : 00000000;
    47B9 : 00000000;
    47BA : 00000000;
    47BB : 00000000;
    47BC : 00000000;
    47BD : 00000000;
    47BE : 00000000;
    47BF : 00000000;
    47C0 : 00000000;
    47C1 : 00000000;
    47C2 : 00000000;
    47C3 : 00000000;
    47C4 : 00000000;
    47C5 : 00000000;
    47C6 : 00000000;
    47C7 : 00000000;
    47C8 : 00000000;
    47C9 : 00000000;
    47CA : 00000000;
    47CB : 00000000;
    47CC : 00000000;
    47CD : 00000000;
    47CE : 00000000;
    47CF : 00000000;
    47D0 : 00000000;
    47D1 : 00000000;
    47D2 : 00000000;
    47D3 : 00000000;
    47D4 : 00000000;
    47D5 : 00000000;
    47D6 : 00000000;
    47D7 : 00000000;
    47D8 : 00000000;
    47D9 : 00000000;
    47DA : 00000000;
    47DB : 00000000;
    47DC : 00000000;
    47DD : 00000000;
    47DE : 00000000;
    47DF : 00000000;
    47E0 : 00000000;
    47E1 : 00000000;
    47E2 : 00000000;
    47E3 : 00000000;
    47E4 : 00000000;
    47E5 : 00000000;
    47E6 : 00000000;
    47E7 : 00000000;
    47E8 : 00000000;
    47E9 : 00000000;
    47EA : 00000000;
    47EB : 00000000;
    47EC : 00000000;
    47ED : 00000000;
    47EE : 00000000;
    47EF : 00000000;
    47F0 : 00000000;
    47F1 : 00000000;
    47F2 : 00000000;
    47F3 : 00000000;
    47F4 : 00000000;
    47F5 : 00000000;
    47F6 : 00000000;
    47F7 : 00000000;
    47F8 : 00000000;
    47F9 : 00000000;
    47FA : 00000000;
    47FB : 00000000;
    47FC : 00000000;
    47FD : 00000000;
    47FE : 00000000;
    47FF : 00000000;
    4800 : 00000000;
    4801 : 00000000;
    4802 : 00000000;
    4803 : 00000000;
    4804 : 00000000;
    4805 : 00000000;
    4806 : 00000000;
    4807 : 00000000;
    4808 : 00000000;
    4809 : 00000000;
    480A : 00000000;
    480B : 00000000;
    480C : 00000000;
    480D : 00000000;
    480E : 00000000;
    480F : 00000000;
    4810 : 00000000;
    4811 : 00000000;
    4812 : 00000000;
    4813 : 00000000;
    4814 : 00000000;
    4815 : 00000000;
    4816 : 00000000;
    4817 : 00000000;
    4818 : 00000000;
    4819 : 00000000;
    481A : 00000000;
    481B : 00000000;
    481C : 00000000;
    481D : 00000000;
    481E : 00000000;
    481F : 00000000;
    4820 : 00000000;
    4821 : 00000000;
    4822 : 00000000;
    4823 : 00000000;
    4824 : 00000000;
    4825 : 00000000;
    4826 : 00000000;
    4827 : 00000000;
    4828 : 00000000;
    4829 : 00000000;
    482A : 00000000;
    482B : 00000000;
    482C : 00000000;
    482D : 00000000;
    482E : 00000000;
    482F : 00000000;
    4830 : 00000000;
    4831 : 00000000;
    4832 : 00000000;
    4833 : 00000000;
    4834 : 00000000;
    4835 : 00000000;
    4836 : 00000000;
    4837 : 00000000;
    4838 : 00000000;
    4839 : 00000000;
    483A : 00000000;
    483B : 00000000;
    483C : 00000000;
    483D : 00000000;
    483E : 00000000;
    483F : 00000000;
    4840 : 00000000;
    4841 : 00000000;
    4842 : 00000000;
    4843 : 00000000;
    4844 : 00000000;
    4845 : 00000000;
    4846 : 00000000;
    4847 : 00000000;
    4848 : 00000000;
    4849 : 00000000;
    484A : 00000000;
    484B : 00000000;
    484C : 00000000;
    484D : 00000000;
    484E : 00000000;
    484F : 00000000;
    4850 : 00000000;
    4851 : 00000000;
    4852 : 00000000;
    4853 : 00000000;
    4854 : 00000000;
    4855 : 00000000;
    4856 : 00000000;
    4857 : 00000000;
    4858 : 00000000;
    4859 : 00000000;
    485A : 00000000;
    485B : 00000000;
    485C : 00000000;
    485D : 00000000;
    485E : 00000000;
    485F : 00000000;
    4860 : 00000000;
    4861 : 00000000;
    4862 : 00000000;
    4863 : 00000000;
    4864 : 00000000;
    4865 : 00000000;
    4866 : 00000000;
    4867 : 00000000;
    4868 : 00000000;
    4869 : 00000000;
    486A : 00000000;
    486B : 00000000;
    486C : 00000000;
    486D : 00000000;
    486E : 00000000;
    486F : 00000000;
    4870 : 00000000;
    4871 : 00000000;
    4872 : 00000000;
    4873 : 00000000;
    4874 : 00000000;
    4875 : 00000000;
    4876 : 00000000;
    4877 : 00000000;
    4878 : 00000000;
    4879 : 00000000;
    487A : 00000000;
    487B : 00000000;
    487C : 00000000;
    487D : 00000000;
    487E : 00000000;
    487F : 00000000;
    4880 : 00000000;
    4881 : 00000000;
    4882 : 00000000;
    4883 : 00000000;
    4884 : 00000000;
    4885 : 00000000;
    4886 : 00000000;
    4887 : 00000000;
    4888 : 00000000;
    4889 : 00000000;
    488A : 00000000;
    488B : 00000000;
    488C : 00000000;
    488D : 00000000;
    488E : 00000000;
    488F : 00000000;
    4890 : 00000000;
    4891 : 00000000;
    4892 : 00000000;
    4893 : 00000000;
    4894 : 00000000;
    4895 : 00000000;
    4896 : 00000000;
    4897 : 00000000;
    4898 : 00000000;
    4899 : 00000000;
    489A : 00000000;
    489B : 00000000;
    489C : 00000000;
    489D : 00000000;
    489E : 00000000;
    489F : 00000000;
    48A0 : 00000000;
    48A1 : 00000000;
    48A2 : 00000000;
    48A3 : 00000000;
    48A4 : 00000000;
    48A5 : 00000000;
    48A6 : 00000000;
    48A7 : 00000000;
    48A8 : 00000000;
    48A9 : 00000000;
    48AA : 00000000;
    48AB : 00000000;
    48AC : 00000000;
    48AD : 00000000;
    48AE : 00000000;
    48AF : 00000000;
    48B0 : 00000000;
    48B1 : 00000000;
    48B2 : 00000000;
    48B3 : 00000000;
    48B4 : 00000000;
    48B5 : 00000000;
    48B6 : 00000000;
    48B7 : 00000000;
    48B8 : 00000000;
    48B9 : 00000000;
    48BA : 00000000;
    48BB : 00000000;
    48BC : 00000000;
    48BD : 00000000;
    48BE : 00000000;
    48BF : 00000000;
    48C0 : 00000000;
    48C1 : 00000000;
    48C2 : 00000000;
    48C3 : 00000000;
    48C4 : 00000000;
    48C5 : 00000000;
    48C6 : 00000000;
    48C7 : 00000000;
    48C8 : 00000000;
    48C9 : 00000000;
    48CA : 00000000;
    48CB : 00000000;
    48CC : 00000000;
    48CD : 00000000;
    48CE : 00000000;
    48CF : 00000000;
    48D0 : 00000000;
    48D1 : 00000000;
    48D2 : 00000000;
    48D3 : 00000000;
    48D4 : 00000000;
    48D5 : 00000000;
    48D6 : 00000000;
    48D7 : 00000000;
    48D8 : 00000000;
    48D9 : 00000000;
    48DA : 00000000;
    48DB : 00000000;
    48DC : 00000000;
    48DD : 00000000;
    48DE : 00000000;
    48DF : 00000000;
    48E0 : 00000000;
    48E1 : 00000000;
    48E2 : 00000000;
    48E3 : 00000000;
    48E4 : 00000000;
    48E5 : 00000000;
    48E6 : 00000000;
    48E7 : 00000000;
    48E8 : 00000000;
    48E9 : 00000000;
    48EA : 00000000;
    48EB : 00000000;
    48EC : 00000000;
    48ED : 00000000;
    48EE : 00000000;
    48EF : 00000000;
    48F0 : 00000000;
    48F1 : 00000000;
    48F2 : 00000000;
    48F3 : 00000000;
    48F4 : 00000000;
    48F5 : 00000000;
    48F6 : 00000000;
    48F7 : 00000000;
    48F8 : 00000000;
    48F9 : 00000000;
    48FA : 00000000;
    48FB : 00000000;
    48FC : 00000000;
    48FD : 00000000;
    48FE : 00000000;
    48FF : 00000000;
    4900 : 00000000;
    4901 : 00000000;
    4902 : 00000000;
    4903 : 00000000;
    4904 : 00000000;
    4905 : 00000000;
    4906 : 00000000;
    4907 : 00000000;
    4908 : 00000000;
    4909 : 00000000;
    490A : 00000000;
    490B : 00000000;
    490C : 00000000;
    490D : 00000000;
    490E : 00000000;
    490F : 00000000;
    4910 : 00000000;
    4911 : 00000000;
    4912 : 00000000;
    4913 : 00000000;
    4914 : 00000000;
    4915 : 00000000;
    4916 : 00000000;
    4917 : 00000000;
    4918 : 00000000;
    4919 : 00000000;
    491A : 00000000;
    491B : 00000000;
    491C : 00000000;
    491D : 00000000;
    491E : 00000000;
    491F : 00000000;
    4920 : 00000000;
    4921 : 00000000;
    4922 : 00000000;
    4923 : 00000000;
    4924 : 00000000;
    4925 : 00000000;
    4926 : 00000000;
    4927 : 00000000;
    4928 : 00000000;
    4929 : 00000000;
    492A : 00000000;
    492B : 00000000;
    492C : 00000000;
    492D : 00000000;
    492E : 00000000;
    492F : 00000000;
    4930 : 00000000;
    4931 : 00000000;
    4932 : 00000000;
    4933 : 00000000;
    4934 : 00000000;
    4935 : 00000000;
    4936 : 00000000;
    4937 : 00000000;
    4938 : 00000000;
    4939 : 00000000;
    493A : 00000000;
    493B : 00000000;
    493C : 00000000;
    493D : 00000000;
    493E : 00000000;
    493F : 00000000;
    4940 : 00000000;
    4941 : 00000000;
    4942 : 00000000;
    4943 : 00000000;
    4944 : 00000000;
    4945 : 00000000;
    4946 : 00000000;
    4947 : 00000000;
    4948 : 00000000;
    4949 : 00000000;
    494A : 00000000;
    494B : 00000000;
    494C : 00000000;
    494D : 00000000;
    494E : 00000000;
    494F : 00000000;
    4950 : 00000000;
    4951 : 00000000;
    4952 : 00000000;
    4953 : 00000000;
    4954 : 00000000;
    4955 : 00000000;
    4956 : 00000000;
    4957 : 00000000;
    4958 : 00000000;
    4959 : 00000000;
    495A : 00000000;
    495B : 00000000;
    495C : 00000000;
    495D : 00000000;
    495E : 00000000;
    495F : 00000000;
    4960 : 00000000;
    4961 : 00000000;
    4962 : 00000000;
    4963 : 00000000;
    4964 : 00000000;
    4965 : 00000000;
    4966 : 00000000;
    4967 : 00000000;
    4968 : 00000000;
    4969 : 00000000;
    496A : 00000000;
    496B : 00000000;
    496C : 00000000;
    496D : 00000000;
    496E : 00000000;
    496F : 00000000;
    4970 : 00000000;
    4971 : 00000000;
    4972 : 00000000;
    4973 : 00000000;
    4974 : 00000000;
    4975 : 00000000;
    4976 : 00000000;
    4977 : 00000000;
    4978 : 00000000;
    4979 : 00000000;
    497A : 00000000;
    497B : 00000000;
    497C : 00000000;
    497D : 00000000;
    497E : 00000000;
    497F : 00000000;
    4980 : 00000000;
    4981 : 00000000;
    4982 : 00000000;
    4983 : 00000000;
    4984 : 00000000;
    4985 : 00000000;
    4986 : 00000000;
    4987 : 00000000;
    4988 : 00000000;
    4989 : 00000000;
    498A : 00000000;
    498B : 00000000;
    498C : 00000000;
    498D : 00000000;
    498E : 00000000;
    498F : 00000000;
    4990 : 00000000;
    4991 : 00000000;
    4992 : 00000000;
    4993 : 00000000;
    4994 : 00000000;
    4995 : 00000000;
    4996 : 00000000;
    4997 : 00000000;
    4998 : 00000000;
    4999 : 00000000;
    499A : 00000000;
    499B : 00000000;
    499C : 00000000;
    499D : 00000000;
    499E : 00000000;
    499F : 00000000;
    49A0 : 00000000;
    49A1 : 00000000;
    49A2 : 00000000;
    49A3 : 00000000;
    49A4 : 00000000;
    49A5 : 00000000;
    49A6 : 00000000;
    49A7 : 00000000;
    49A8 : 00000000;
    49A9 : 00000000;
    49AA : 00000000;
    49AB : 00000000;
    49AC : 00000000;
    49AD : 00000000;
    49AE : 00000000;
    49AF : 00000000;
    49B0 : 00000000;
    49B1 : 00000000;
    49B2 : 00000000;
    49B3 : 00000000;
    49B4 : 00000000;
    49B5 : 00000000;
    49B6 : 00000000;
    49B7 : 00000000;
    49B8 : 00000000;
    49B9 : 00000000;
    49BA : 00000000;
    49BB : 00000000;
    49BC : 00000000;
    49BD : 00000000;
    49BE : 00000000;
    49BF : 00000000;
    49C0 : 00000000;
    49C1 : 00000000;
    49C2 : 00000000;
    49C3 : 00000000;
    49C4 : 00000000;
    49C5 : 00000000;
    49C6 : 00000000;
    49C7 : 00000000;
    49C8 : 00000000;
    49C9 : 00000000;
    49CA : 00000000;
    49CB : 00000000;
    49CC : 00000000;
    49CD : 00000000;
    49CE : 00000000;
    49CF : 00000000;
    49D0 : 00000000;
    49D1 : 00000000;
    49D2 : 00000000;
    49D3 : 00000000;
    49D4 : 00000000;
    49D5 : 00000000;
    49D6 : 00000000;
    49D7 : 00000000;
    49D8 : 00000000;
    49D9 : 00000000;
    49DA : 00000000;
    49DB : 00000000;
    49DC : 00000000;
    49DD : 00000000;
    49DE : 00000000;
    49DF : 00000000;
    49E0 : 00000000;
    49E1 : 00000000;
    49E2 : 00000000;
    49E3 : 00000000;
    49E4 : 00000000;
    49E5 : 00000000;
    49E6 : 00000000;
    49E7 : 00000000;
    49E8 : 00000000;
    49E9 : 00000000;
    49EA : 00000000;
    49EB : 00000000;
    49EC : 00000000;
    49ED : 00000000;
    49EE : 00000000;
    49EF : 00000000;
    49F0 : 00000000;
    49F1 : 00000000;
    49F2 : 00000000;
    49F3 : 00000000;
    49F4 : 00000000;
    49F5 : 00000000;
    49F6 : 00000000;
    49F7 : 00000000;
    49F8 : 00000000;
    49F9 : 00000000;
    49FA : 00000000;
    49FB : 00000000;
    49FC : 00000000;
    49FD : 00000000;
    49FE : 00000000;
    49FF : 00000000;
    4A00 : 00000000;
    4A01 : 00000000;
    4A02 : 00000000;
    4A03 : 00000000;
    4A04 : 00000000;
    4A05 : 00000000;
    4A06 : 00000000;
    4A07 : 00000000;
    4A08 : 00000000;
    4A09 : 00000000;
    4A0A : 00000000;
    4A0B : 00000000;
    4A0C : 00000000;
    4A0D : 00000000;
    4A0E : 00000000;
    4A0F : 00000000;
    4A10 : 00000000;
    4A11 : 00000000;
    4A12 : 00000000;
    4A13 : 00000000;
    4A14 : 00000000;
    4A15 : 00000000;
    4A16 : 00000000;
    4A17 : 00000000;
    4A18 : 00000000;
    4A19 : 00000000;
    4A1A : 00000000;
    4A1B : 00000000;
    4A1C : 00000000;
    4A1D : 00000000;
    4A1E : 00000000;
    4A1F : 00000000;
    4A20 : 00000000;
    4A21 : 00000000;
    4A22 : 00000000;
    4A23 : 00000000;
    4A24 : 00000000;
    4A25 : 00000000;
    4A26 : 00000000;
    4A27 : 00000000;
    4A28 : 00000000;
    4A29 : 00000000;
    4A2A : 00000000;
    4A2B : 00000000;
    4A2C : 00000000;
    4A2D : 00000000;
    4A2E : 00000000;
    4A2F : 00000000;
    4A30 : 00000000;
    4A31 : 00000000;
    4A32 : 00000000;
    4A33 : 00000000;
    4A34 : 00000000;
    4A35 : 00000000;
    4A36 : 00000000;
    4A37 : 00000000;
    4A38 : 00000000;
    4A39 : 00000000;
    4A3A : 00000000;
    4A3B : 00000000;
    4A3C : 00000000;
    4A3D : 00000000;
    4A3E : 00000000;
    4A3F : 00000000;
    4A40 : 00000000;
    4A41 : 00000000;
    4A42 : 00000000;
    4A43 : 00000000;
    4A44 : 00000000;
    4A45 : 00000000;
    4A46 : 00000000;
    4A47 : 00000000;
    4A48 : 00000000;
    4A49 : 00000000;
    4A4A : 00000000;
    4A4B : 00000000;
    4A4C : 00000000;
    4A4D : 00000000;
    4A4E : 00000000;
    4A4F : 00000000;
    4A50 : 00000000;
    4A51 : 00000000;
    4A52 : 00000000;
    4A53 : 00000000;
    4A54 : 00000000;
    4A55 : 00000000;
    4A56 : 00000000;
    4A57 : 00000000;
    4A58 : 00000000;
    4A59 : 00000000;
    4A5A : 00000000;
    4A5B : 00000000;
    4A5C : 00000000;
    4A5D : 00000000;
    4A5E : 00000000;
    4A5F : 00000000;
    4A60 : 00000000;
    4A61 : 00000000;
    4A62 : 00000000;
    4A63 : 00000000;
    4A64 : 00000000;
    4A65 : 00000000;
    4A66 : 00000000;
    4A67 : 00000000;
    4A68 : 00000000;
    4A69 : 00000000;
    4A6A : 00000000;
    4A6B : 00000000;
    4A6C : 00000000;
    4A6D : 00000000;
    4A6E : 00000000;
    4A6F : 00000000;
    4A70 : 00000000;
    4A71 : 00000000;
    4A72 : 00000000;
    4A73 : 00000000;
    4A74 : 00000000;
    4A75 : 00000000;
    4A76 : 00000000;
    4A77 : 00000000;
    4A78 : 00000000;
    4A79 : 00000000;
    4A7A : 00000000;
    4A7B : 00000000;
    4A7C : 00000000;
    4A7D : 00000000;
    4A7E : 00000000;
    4A7F : 00000000;
    4A80 : 00000000;
    4A81 : 00000000;
    4A82 : 00000000;
    4A83 : 00000000;
    4A84 : 00000000;
    4A85 : 00000000;
    4A86 : 00000000;
    4A87 : 00000000;
    4A88 : 00000000;
    4A89 : 00000000;
    4A8A : 00000000;
    4A8B : 00000000;
    4A8C : 00000000;
    4A8D : 00000000;
    4A8E : 00000000;
    4A8F : 00000000;
    4A90 : 00000000;
    4A91 : 00000000;
    4A92 : 00000000;
    4A93 : 00000000;
    4A94 : 00000000;
    4A95 : 00000000;
    4A96 : 00000000;
    4A97 : 00000000;
    4A98 : 00000000;
    4A99 : 00000000;
    4A9A : 00000000;
    4A9B : 00000000;
    4A9C : 00000000;
    4A9D : 00000000;
    4A9E : 00000000;
    4A9F : 00000000;
    4AA0 : 00000000;
    4AA1 : 00000000;
    4AA2 : 00000000;
    4AA3 : 00000000;
    4AA4 : 00000000;
    4AA5 : 00000000;
    4AA6 : 00000000;
    4AA7 : 00000000;
    4AA8 : 00000000;
    4AA9 : 00000000;
    4AAA : 00000000;
    4AAB : 00000000;
    4AAC : 00000000;
    4AAD : 00000000;
    4AAE : 00000000;
    4AAF : 00000000;
    4AB0 : 00000000;
    4AB1 : 00000000;
    4AB2 : 00000000;
    4AB3 : 00000000;
    4AB4 : 00000000;
    4AB5 : 00000000;
    4AB6 : 00000000;
    4AB7 : 00000000;
    4AB8 : 00000000;
    4AB9 : 00000000;
    4ABA : 00000000;
    4ABB : 00000000;
    4ABC : 00000000;
    4ABD : 00000000;
    4ABE : 00000000;
    4ABF : 00000000;
    4AC0 : 00000000;
    4AC1 : 00000000;
    4AC2 : 00000000;
    4AC3 : 00000000;
    4AC4 : 00000000;
    4AC5 : 00000000;
    4AC6 : 00000000;
    4AC7 : 00000000;
    4AC8 : 00000000;
    4AC9 : 00000000;
    4ACA : 00000000;
    4ACB : 00000000;
    4ACC : 00000000;
    4ACD : 00000000;
    4ACE : 00000000;
    4ACF : 00000000;
    4AD0 : 00000000;
    4AD1 : 00000000;
    4AD2 : 00000000;
    4AD3 : 00000000;
    4AD4 : 00000000;
    4AD5 : 00000000;
    4AD6 : 00000000;
    4AD7 : 00000000;
    4AD8 : 00000000;
    4AD9 : 00000000;
    4ADA : 00000000;
    4ADB : 00000000;
    4ADC : 00000000;
    4ADD : 00000000;
    4ADE : 00000000;
    4ADF : 00000000;
    4AE0 : 00000000;
    4AE1 : 00000000;
    4AE2 : 00000000;
    4AE3 : 00000000;
    4AE4 : 00000000;
    4AE5 : 00000000;
    4AE6 : 00000000;
    4AE7 : 00000000;
    4AE8 : 00000000;
    4AE9 : 00000000;
    4AEA : 00000000;
    4AEB : 00000000;
    4AEC : 00000000;
    4AED : 00000000;
    4AEE : 00000000;
    4AEF : 00000000;
    4AF0 : 00000000;
    4AF1 : 00000000;
    4AF2 : 00000000;
    4AF3 : 00000000;
    4AF4 : 00000000;
    4AF5 : 00000000;
    4AF6 : 00000000;
    4AF7 : 00000000;
    4AF8 : 00000000;
    4AF9 : 00000000;
    4AFA : 00000000;
    4AFB : 00000000;
    4AFC : 00000000;
    4AFD : 00000000;
    4AFE : 00000000;
    4AFF : 00000000;
    4B00 : 00000000;
    4B01 : 00000000;
    4B02 : 00000000;
    4B03 : 00000000;
    4B04 : 00000000;
    4B05 : 00000000;
    4B06 : 00000000;
    4B07 : 00000000;
    4B08 : 00000000;
    4B09 : 00000000;
    4B0A : 00000000;
    4B0B : 00000000;
    4B0C : 00000000;
    4B0D : 00000000;
    4B0E : 00000000;
    4B0F : 00000000;
    4B10 : 00000000;
    4B11 : 00000000;
    4B12 : 00000000;
    4B13 : 00000000;
    4B14 : 00000000;
    4B15 : 00000000;
    4B16 : 00000000;
    4B17 : 00000000;
    4B18 : 00000000;
    4B19 : 00000000;
    4B1A : 00000000;
    4B1B : 00000000;
    4B1C : 00000000;
    4B1D : 00000000;
    4B1E : 00000000;
    4B1F : 00000000;
    4B20 : 00000000;
    4B21 : 00000000;
    4B22 : 00000000;
    4B23 : 00000000;
    4B24 : 00000000;
    4B25 : 00000000;
    4B26 : 00000000;
    4B27 : 00000000;
    4B28 : 00000000;
    4B29 : 00000000;
    4B2A : 00000000;
    4B2B : 00000000;
    4B2C : 00000000;
    4B2D : 00000000;
    4B2E : 00000000;
    4B2F : 00000000;
    4B30 : 00000000;
    4B31 : 00000000;
    4B32 : 00000000;
    4B33 : 00000000;
    4B34 : 00000000;
    4B35 : 00000000;
    4B36 : 00000000;
    4B37 : 00000000;
    4B38 : 00000000;
    4B39 : 00000000;
    4B3A : 00000000;
    4B3B : 00000000;
    4B3C : 00000000;
    4B3D : 00000000;
    4B3E : 00000000;
    4B3F : 00000000;
    4B40 : 00000000;
    4B41 : 00000000;
    4B42 : 00000000;
    4B43 : 00000000;
    4B44 : 00000000;
    4B45 : 00000000;
    4B46 : 00000000;
    4B47 : 00000000;
    4B48 : 00000000;
    4B49 : 00000000;
    4B4A : 00000000;
    4B4B : 00000000;
    4B4C : 00000000;
    4B4D : 00000000;
    4B4E : 00000000;
    4B4F : 00000000;
    4B50 : 00000000;
    4B51 : 00000000;
    4B52 : 00000000;
    4B53 : 00000000;
    4B54 : 00000000;
    4B55 : 00000000;
    4B56 : 00000000;
    4B57 : 00000000;
    4B58 : 00000000;
    4B59 : 00000000;
    4B5A : 00000000;
    4B5B : 00000000;
    4B5C : 00000000;
    4B5D : 00000000;
    4B5E : 00000000;
    4B5F : 00000000;
    4B60 : 00000000;
    4B61 : 00000000;
    4B62 : 00000000;
    4B63 : 00000000;
    4B64 : 00000000;
    4B65 : 00000000;
    4B66 : 00000000;
    4B67 : 00000000;
    4B68 : 00000000;
    4B69 : 00000000;
    4B6A : 00000000;
    4B6B : 00000000;
    4B6C : 00000000;
    4B6D : 00000000;
    4B6E : 00000000;
    4B6F : 00000000;
    4B70 : 00000000;
    4B71 : 00000000;
    4B72 : 00000000;
    4B73 : 00000000;
    4B74 : 00000000;
    4B75 : 00000000;
    4B76 : 00000000;
    4B77 : 00000000;
    4B78 : 00000000;
    4B79 : 00000000;
    4B7A : 00000000;
    4B7B : 00000000;
    4B7C : 00000000;
    4B7D : 00000000;
    4B7E : 00000000;
    4B7F : 00000000;
    4B80 : 00000000;
    4B81 : 00000000;
    4B82 : 00000000;
    4B83 : 00000000;
    4B84 : 00000000;
    4B85 : 00000000;
    4B86 : 00000000;
    4B87 : 00000000;
    4B88 : 00000000;
    4B89 : 00000000;
    4B8A : 00000000;
    4B8B : 00000000;
    4B8C : 00000000;
    4B8D : 00000000;
    4B8E : 00000000;
    4B8F : 00000000;
    4B90 : 00000000;
    4B91 : 00000000;
    4B92 : 00000000;
    4B93 : 00000000;
    4B94 : 00000000;
    4B95 : 00000000;
    4B96 : 00000000;
    4B97 : 00000000;
    4B98 : 00000000;
    4B99 : 00000000;
    4B9A : 00000000;
    4B9B : 00000000;
    4B9C : 00000000;
    4B9D : 00000000;
    4B9E : 00000000;
    4B9F : 00000000;
    4BA0 : 00000000;
    4BA1 : 00000000;
    4BA2 : 00000000;
    4BA3 : 00000000;
    4BA4 : 00000000;
    4BA5 : 00000000;
    4BA6 : 00000000;
    4BA7 : 00000000;
    4BA8 : 00000000;
    4BA9 : 00000000;
    4BAA : 00000000;
    4BAB : 00000000;
    4BAC : 00000000;
    4BAD : 00000000;
    4BAE : 00000000;
    4BAF : 00000000;
    4BB0 : 00000000;
    4BB1 : 00000000;
    4BB2 : 00000000;
    4BB3 : 00000000;
    4BB4 : 00000000;
    4BB5 : 00000000;
    4BB6 : 00000000;
    4BB7 : 00000000;
    4BB8 : 00000000;
    4BB9 : 00000000;
    4BBA : 00000000;
    4BBB : 00000000;
    4BBC : 00000000;
    4BBD : 00000000;
    4BBE : 00000000;
    4BBF : 00000000;
    4BC0 : 00000000;
    4BC1 : 00000000;
    4BC2 : 00000000;
    4BC3 : 00000000;
    4BC4 : 00000000;
    4BC5 : 00000000;
    4BC6 : 00000000;
    4BC7 : 00000000;
    4BC8 : 00000000;
    4BC9 : 00000000;
    4BCA : 00000000;
    4BCB : 00000000;
    4BCC : 00000000;
    4BCD : 00000000;
    4BCE : 00000000;
    4BCF : 00000000;
    4BD0 : 00000000;
    4BD1 : 00000000;
    4BD2 : 00000000;
    4BD3 : 00000000;
    4BD4 : 00000000;
    4BD5 : 00000000;
    4BD6 : 00000000;
    4BD7 : 00000000;
    4BD8 : 00000000;
    4BD9 : 00000000;
    4BDA : 00000000;
    4BDB : 00000000;
    4BDC : 00000000;
    4BDD : 00000000;
    4BDE : 00000000;
    4BDF : 00000000;
    4BE0 : 00000000;
    4BE1 : 00000000;
    4BE2 : 00000000;
    4BE3 : 00000000;
    4BE4 : 00000000;
    4BE5 : 00000000;
    4BE6 : 00000000;
    4BE7 : 00000000;
    4BE8 : 00000000;
    4BE9 : 00000000;
    4BEA : 00000000;
    4BEB : 00000000;
    4BEC : 00000000;
    4BED : 00000000;
    4BEE : 00000000;
    4BEF : 00000000;
    4BF0 : 00000000;
    4BF1 : 00000000;
    4BF2 : 00000000;
    4BF3 : 00000000;
    4BF4 : 00000000;
    4BF5 : 00000000;
    4BF6 : 00000000;
    4BF7 : 00000000;
    4BF8 : 00000000;
    4BF9 : 00000000;
    4BFA : 00000000;
    4BFB : 00000000;
    4BFC : 00000000;
    4BFD : 00000000;
    4BFE : 00000000;
    4BFF : 00000000;
    4C00 : 00000000;
    4C01 : 00000000;
    4C02 : 00000000;
    4C03 : 00000000;
    4C04 : 00000000;
    4C05 : 00000000;
    4C06 : 00000000;
    4C07 : 00000000;
    4C08 : 00000000;
    4C09 : 00000000;
    4C0A : 00000000;
    4C0B : 00000000;
    4C0C : 00000000;
    4C0D : 00000000;
    4C0E : 00000000;
    4C0F : 00000000;
    4C10 : 00000000;
    4C11 : 00000000;
    4C12 : 00000000;
    4C13 : 00000000;
    4C14 : 00000000;
    4C15 : 00000000;
    4C16 : 00000000;
    4C17 : 00000000;
    4C18 : 00000000;
    4C19 : 00000000;
    4C1A : 00000000;
    4C1B : 00000000;
    4C1C : 00000000;
    4C1D : 00000000;
    4C1E : 00000000;
    4C1F : 00000000;
    4C20 : 00000000;
    4C21 : 00000000;
    4C22 : 00000000;
    4C23 : 00000000;
    4C24 : 00000000;
    4C25 : 00000000;
    4C26 : 00000000;
    4C27 : 00000000;
    4C28 : 00000000;
    4C29 : 00000000;
    4C2A : 00000000;
    4C2B : 00000000;
    4C2C : 00000000;
    4C2D : 00000000;
    4C2E : 00000000;
    4C2F : 00000000;
    4C30 : 00000000;
    4C31 : 00000000;
    4C32 : 00000000;
    4C33 : 00000000;
    4C34 : 00000000;
    4C35 : 00000000;
    4C36 : 00000000;
    4C37 : 00000000;
    4C38 : 00000000;
    4C39 : 00000000;
    4C3A : 00000000;
    4C3B : 00000000;
    4C3C : 00000000;
    4C3D : 00000000;
    4C3E : 00000000;
    4C3F : 00000000;
    4C40 : 00000000;
    4C41 : 00000000;
    4C42 : 00000000;
    4C43 : 00000000;
    4C44 : 00000000;
    4C45 : 00000000;
    4C46 : 00000000;
    4C47 : 00000000;
    4C48 : 00000000;
    4C49 : 00000000;
    4C4A : 00000000;
    4C4B : 00000000;
    4C4C : 00000000;
    4C4D : 00000000;
    4C4E : 00000000;
    4C4F : 00000000;
    4C50 : 00000000;
    4C51 : 00000000;
    4C52 : 00000000;
    4C53 : 00000000;
    4C54 : 00000000;
    4C55 : 00000000;
    4C56 : 00000000;
    4C57 : 00000000;
    4C58 : 00000000;
    4C59 : 00000000;
    4C5A : 00000000;
    4C5B : 00000000;
    4C5C : 00000000;
    4C5D : 00000000;
    4C5E : 00000000;
    4C5F : 00000000;
    4C60 : 00000000;
    4C61 : 00000000;
    4C62 : 00000000;
    4C63 : 00000000;
    4C64 : 00000000;
    4C65 : 00000000;
    4C66 : 00000000;
    4C67 : 00000000;
    4C68 : 00000000;
    4C69 : 00000000;
    4C6A : 00000000;
    4C6B : 00000000;
    4C6C : 00000000;
    4C6D : 00000000;
    4C6E : 00000000;
    4C6F : 00000000;
    4C70 : 00000000;
    4C71 : 00000000;
    4C72 : 00000000;
    4C73 : 00000000;
    4C74 : 00000000;
    4C75 : 00000000;
    4C76 : 00000000;
    4C77 : 00000000;
    4C78 : 00000000;
    4C79 : 00000000;
    4C7A : 00000000;
    4C7B : 00000000;
    4C7C : 00000000;
    4C7D : 00000000;
    4C7E : 00000000;
    4C7F : 00000000;
    4C80 : 00000000;
    4C81 : 00000000;
    4C82 : 00000000;
    4C83 : 00000000;
    4C84 : 00000000;
    4C85 : 00000000;
    4C86 : 00000000;
    4C87 : 00000000;
    4C88 : 00000000;
    4C89 : 00000000;
    4C8A : 00000000;
    4C8B : 00000000;
    4C8C : 00000000;
    4C8D : 00000000;
    4C8E : 00000000;
    4C8F : 00000000;
    4C90 : 00000000;
    4C91 : 00000000;
    4C92 : 00000000;
    4C93 : 00000000;
    4C94 : 00000000;
    4C95 : 00000000;
    4C96 : 00000000;
    4C97 : 00000000;
    4C98 : 00000000;
    4C99 : 00000000;
    4C9A : 00000000;
    4C9B : 00000000;
    4C9C : 00000000;
    4C9D : 00000000;
    4C9E : 00000000;
    4C9F : 00000000;
    4CA0 : 00000000;
    4CA1 : 00000000;
    4CA2 : 00000000;
    4CA3 : 00000000;
    4CA4 : 00000000;
    4CA5 : 00000000;
    4CA6 : 00000000;
    4CA7 : 00000000;
    4CA8 : 00000000;
    4CA9 : 00000000;
    4CAA : 00000000;
    4CAB : 00000000;
    4CAC : 00000000;
    4CAD : 00000000;
    4CAE : 00000000;
    4CAF : 00000000;
    4CB0 : 00000000;
    4CB1 : 00000000;
    4CB2 : 00000000;
    4CB3 : 00000000;
    4CB4 : 00000000;
    4CB5 : 00000000;
    4CB6 : 00000000;
    4CB7 : 00000000;
    4CB8 : 00000000;
    4CB9 : 00000000;
    4CBA : 00000000;
    4CBB : 00000000;
    4CBC : 00000000;
    4CBD : 00000000;
    4CBE : 00000000;
    4CBF : 00000000;
    4CC0 : 00000000;
    4CC1 : 00000000;
    4CC2 : 00000000;
    4CC3 : 00000000;
    4CC4 : 00000000;
    4CC5 : 00000000;
    4CC6 : 00000000;
    4CC7 : 00000000;
    4CC8 : 00000000;
    4CC9 : 00000000;
    4CCA : 00000000;
    4CCB : 00000000;
    4CCC : 00000000;
    4CCD : 00000000;
    4CCE : 00000000;
    4CCF : 00000000;
    4CD0 : 00000000;
    4CD1 : 00000000;
    4CD2 : 00000000;
    4CD3 : 00000000;
    4CD4 : 00000000;
    4CD5 : 00000000;
    4CD6 : 00000000;
    4CD7 : 00000000;
    4CD8 : 00000000;
    4CD9 : 00000000;
    4CDA : 00000000;
    4CDB : 00000000;
    4CDC : 00000000;
    4CDD : 00000000;
    4CDE : 00000000;
    4CDF : 00000000;
    4CE0 : 00000000;
    4CE1 : 00000000;
    4CE2 : 00000000;
    4CE3 : 00000000;
    4CE4 : 00000000;
    4CE5 : 00000000;
    4CE6 : 00000000;
    4CE7 : 00000000;
    4CE8 : 00000000;
    4CE9 : 00000000;
    4CEA : 00000000;
    4CEB : 00000000;
    4CEC : 00000000;
    4CED : 00000000;
    4CEE : 00000000;
    4CEF : 00000000;
    4CF0 : 00000000;
    4CF1 : 00000000;
    4CF2 : 00000000;
    4CF3 : 00000000;
    4CF4 : 00000000;
    4CF5 : 00000000;
    4CF6 : 00000000;
    4CF7 : 00000000;
    4CF8 : 00000000;
    4CF9 : 00000000;
    4CFA : 00000000;
    4CFB : 00000000;
    4CFC : 00000000;
    4CFD : 00000000;
    4CFE : 00000000;
    4CFF : 00000000;
    4D00 : 00000000;
    4D01 : 00000000;
    4D02 : 00000000;
    4D03 : 00000000;
    4D04 : 00000000;
    4D05 : 00000000;
    4D06 : 00000000;
    4D07 : 00000000;
    4D08 : 00000000;
    4D09 : 00000000;
    4D0A : 00000000;
    4D0B : 00000000;
    4D0C : 00000000;
    4D0D : 00000000;
    4D0E : 00000000;
    4D0F : 00000000;
    4D10 : 00000000;
    4D11 : 00000000;
    4D12 : 00000000;
    4D13 : 00000000;
    4D14 : 00000000;
    4D15 : 00000000;
    4D16 : 00000000;
    4D17 : 00000000;
    4D18 : 00000000;
    4D19 : 00000000;
    4D1A : 00000000;
    4D1B : 00000000;
    4D1C : 00000000;
    4D1D : 00000000;
    4D1E : 00000000;
    4D1F : 00000000;
    4D20 : 00000000;
    4D21 : 00000000;
    4D22 : 00000000;
    4D23 : 00000000;
    4D24 : 00000000;
    4D25 : 00000000;
    4D26 : 00000000;
    4D27 : 00000000;
    4D28 : 00000000;
    4D29 : 00000000;
    4D2A : 00000000;
    4D2B : 00000000;
    4D2C : 00000000;
    4D2D : 00000000;
    4D2E : 00000000;
    4D2F : 00000000;
    4D30 : 00000000;
    4D31 : 00000000;
    4D32 : 00000000;
    4D33 : 00000000;
    4D34 : 00000000;
    4D35 : 00000000;
    4D36 : 00000000;
    4D37 : 00000000;
    4D38 : 00000000;
    4D39 : 00000000;
    4D3A : 00000000;
    4D3B : 00000000;
    4D3C : 00000000;
    4D3D : 00000000;
    4D3E : 00000000;
    4D3F : 00000000;
    4D40 : 00000000;
    4D41 : 00000000;
    4D42 : 00000000;
    4D43 : 00000000;
    4D44 : 00000000;
    4D45 : 00000000;
    4D46 : 00000000;
    4D47 : 00000000;
    4D48 : 00000000;
    4D49 : 00000000;
    4D4A : 00000000;
    4D4B : 00000000;
    4D4C : 00000000;
    4D4D : 00000000;
    4D4E : 00000000;
    4D4F : 00000000;
    4D50 : 00000000;
    4D51 : 00000000;
    4D52 : 00000000;
    4D53 : 00000000;
    4D54 : 00000000;
    4D55 : 00000000;
    4D56 : 00000000;
    4D57 : 00000000;
    4D58 : 00000000;
    4D59 : 00000000;
    4D5A : 00000000;
    4D5B : 00000000;
    4D5C : 00000000;
    4D5D : 00000000;
    4D5E : 00000000;
    4D5F : 00000000;
    4D60 : 00000000;
    4D61 : 00000000;
    4D62 : 00000000;
    4D63 : 00000000;
    4D64 : 00000000;
    4D65 : 00000000;
    4D66 : 00000000;
    4D67 : 00000000;
    4D68 : 00000000;
    4D69 : 00000000;
    4D6A : 00000000;
    4D6B : 00000000;
    4D6C : 00000000;
    4D6D : 00000000;
    4D6E : 00000000;
    4D6F : 00000000;
    4D70 : 00000000;
    4D71 : 00000000;
    4D72 : 00000000;
    4D73 : 00000000;
    4D74 : 00000000;
    4D75 : 00000000;
    4D76 : 00000000;
    4D77 : 00000000;
    4D78 : 00000000;
    4D79 : 00000000;
    4D7A : 00000000;
    4D7B : 00000000;
    4D7C : 00000000;
    4D7D : 00000000;
    4D7E : 00000000;
    4D7F : 00000000;
    4D80 : 00000000;
    4D81 : 00000000;
    4D82 : 00000000;
    4D83 : 00000000;
    4D84 : 00000000;
    4D85 : 00000000;
    4D86 : 00000000;
    4D87 : 00000000;
    4D88 : 00000000;
    4D89 : 00000000;
    4D8A : 00000000;
    4D8B : 00000000;
    4D8C : 00000000;
    4D8D : 00000000;
    4D8E : 00000000;
    4D8F : 00000000;
    4D90 : 00000000;
    4D91 : 00000000;
    4D92 : 00000000;
    4D93 : 00000000;
    4D94 : 00000000;
    4D95 : 00000000;
    4D96 : 00000000;
    4D97 : 00000000;
    4D98 : 00000000;
    4D99 : 00000000;
    4D9A : 00000000;
    4D9B : 00000000;
    4D9C : 00000000;
    4D9D : 00000000;
    4D9E : 00000000;
    4D9F : 00000000;
    4DA0 : 00000000;
    4DA1 : 00000000;
    4DA2 : 00000000;
    4DA3 : 00000000;
    4DA4 : 00000000;
    4DA5 : 00000000;
    4DA6 : 00000000;
    4DA7 : 00000000;
    4DA8 : 00000000;
    4DA9 : 00000000;
    4DAA : 00000000;
    4DAB : 00000000;
    4DAC : 00000000;
    4DAD : 00000000;
    4DAE : 00000000;
    4DAF : 00000000;
    4DB0 : 00000000;
    4DB1 : 00000000;
    4DB2 : 00000000;
    4DB3 : 00000000;
    4DB4 : 00000000;
    4DB5 : 00000000;
    4DB6 : 00000000;
    4DB7 : 00000000;
    4DB8 : 00000000;
    4DB9 : 00000000;
    4DBA : 00000000;
    4DBB : 00000000;
    4DBC : 00000000;
    4DBD : 00000000;
    4DBE : 00000000;
    4DBF : 00000000;
    4DC0 : 00000000;
    4DC1 : 00000000;
    4DC2 : 00000000;
    4DC3 : 00000000;
    4DC4 : 00000000;
    4DC5 : 00000000;
    4DC6 : 00000000;
    4DC7 : 00000000;
    4DC8 : 00000000;
    4DC9 : 00000000;
    4DCA : 00000000;
    4DCB : 00000000;
    4DCC : 00000000;
    4DCD : 00000000;
    4DCE : 00000000;
    4DCF : 00000000;
    4DD0 : 00000000;
    4DD1 : 00000000;
    4DD2 : 00000000;
    4DD3 : 00000000;
    4DD4 : 00000000;
    4DD5 : 00000000;
    4DD6 : 00000000;
    4DD7 : 00000000;
    4DD8 : 00000000;
    4DD9 : 00000000;
    4DDA : 00000000;
    4DDB : 00000000;
    4DDC : 00000000;
    4DDD : 00000000;
    4DDE : 00000000;
    4DDF : 00000000;
    4DE0 : 00000000;
    4DE1 : 00000000;
    4DE2 : 00000000;
    4DE3 : 00000000;
    4DE4 : 00000000;
    4DE5 : 00000000;
    4DE6 : 00000000;
    4DE7 : 00000000;
    4DE8 : 00000000;
    4DE9 : 00000000;
    4DEA : 00000000;
    4DEB : 00000000;
    4DEC : 00000000;
    4DED : 00000000;
    4DEE : 00000000;
    4DEF : 00000000;
    4DF0 : 00000000;
    4DF1 : 00000000;
    4DF2 : 00000000;
    4DF3 : 00000000;
    4DF4 : 00000000;
    4DF5 : 00000000;
    4DF6 : 00000000;
    4DF7 : 00000000;
    4DF8 : 00000000;
    4DF9 : 00000000;
    4DFA : 00000000;
    4DFB : 00000000;
    4DFC : 00000000;
    4DFD : 00000000;
    4DFE : 00000000;
    4DFF : 00000000;
    4E00 : 00000000;
    4E01 : 00000000;
    4E02 : 00000000;
    4E03 : 00000000;
    4E04 : 00000000;
    4E05 : 00000000;
    4E06 : 00000000;
    4E07 : 00000000;
    4E08 : 00000000;
    4E09 : 00000000;
    4E0A : 00000000;
    4E0B : 00000000;
    4E0C : 00000000;
    4E0D : 00000000;
    4E0E : 00000000;
    4E0F : 00000000;
    4E10 : 00000000;
    4E11 : 00000000;
    4E12 : 00000000;
    4E13 : 00000000;
    4E14 : 00000000;
    4E15 : 00000000;
    4E16 : 00000000;
    4E17 : 00000000;
    4E18 : 00000000;
    4E19 : 00000000;
    4E1A : 00000000;
    4E1B : 00000000;
    4E1C : 00000000;
    4E1D : 00000000;
    4E1E : 00000000;
    4E1F : 00000000;
    4E20 : 00000000;
    4E21 : 00000000;
    4E22 : 00000000;
    4E23 : 00000000;
    4E24 : 00000000;
    4E25 : 00000000;
    4E26 : 00000000;
    4E27 : 00000000;
    4E28 : 00000000;
    4E29 : 00000000;
    4E2A : 00000000;
    4E2B : 00000000;
    4E2C : 00000000;
    4E2D : 00000000;
    4E2E : 00000000;
    4E2F : 00000000;
    4E30 : 00000000;
    4E31 : 00000000;
    4E32 : 00000000;
    4E33 : 00000000;
    4E34 : 00000000;
    4E35 : 00000000;
    4E36 : 00000000;
    4E37 : 00000000;
    4E38 : 00000000;
    4E39 : 00000000;
    4E3A : 00000000;
    4E3B : 00000000;
    4E3C : 00000000;
    4E3D : 00000000;
    4E3E : 00000000;
    4E3F : 00000000;
    4E40 : 00000000;
    4E41 : 00000000;
    4E42 : 00000000;
    4E43 : 00000000;
    4E44 : 00000000;
    4E45 : 00000000;
    4E46 : 00000000;
    4E47 : 00000000;
    4E48 : 00000000;
    4E49 : 00000000;
    4E4A : 00000000;
    4E4B : 00000000;
    4E4C : 00000000;
    4E4D : 00000000;
    4E4E : 00000000;
    4E4F : 00000000;
    4E50 : 00000000;
    4E51 : 00000000;
    4E52 : 00000000;
    4E53 : 00000000;
    4E54 : 00000000;
    4E55 : 00000000;
    4E56 : 00000000;
    4E57 : 00000000;
    4E58 : 00000000;
    4E59 : 00000000;
    4E5A : 00000000;
    4E5B : 00000000;
    4E5C : 00000000;
    4E5D : 00000000;
    4E5E : 00000000;
    4E5F : 00000000;
    4E60 : 00000000;
    4E61 : 00000000;
    4E62 : 00000000;
    4E63 : 00000000;
    4E64 : 00000000;
    4E65 : 00000000;
    4E66 : 00000000;
    4E67 : 00000000;
    4E68 : 00000000;
    4E69 : 00000000;
    4E6A : 00000000;
    4E6B : 00000000;
    4E6C : 00000000;
    4E6D : 00000000;
    4E6E : 00000000;
    4E6F : 00000000;
    4E70 : 00000000;
    4E71 : 00000000;
    4E72 : 00000000;
    4E73 : 00000000;
    4E74 : 00000000;
    4E75 : 00000000;
    4E76 : 00000000;
    4E77 : 00000000;
    4E78 : 00000000;
    4E79 : 00000000;
    4E7A : 00000000;
    4E7B : 00000000;
    4E7C : 00000000;
    4E7D : 00000000;
    4E7E : 00000000;
    4E7F : 00000000;
    4E80 : 00000000;
    4E81 : 00000000;
    4E82 : 00000000;
    4E83 : 00000000;
    4E84 : 00000000;
    4E85 : 00000000;
    4E86 : 00000000;
    4E87 : 00000000;
    4E88 : 00000000;
    4E89 : 00000000;
    4E8A : 00000000;
    4E8B : 00000000;
    4E8C : 00000000;
    4E8D : 00000000;
    4E8E : 00000000;
    4E8F : 00000000;
    4E90 : 00000000;
    4E91 : 00000000;
    4E92 : 00000000;
    4E93 : 00000000;
    4E94 : 00000000;
    4E95 : 00000000;
    4E96 : 00000000;
    4E97 : 00000000;
    4E98 : 00000000;
    4E99 : 00000000;
    4E9A : 00000000;
    4E9B : 00000000;
    4E9C : 00000000;
    4E9D : 00000000;
    4E9E : 00000000;
    4E9F : 00000000;
    4EA0 : 00000000;
    4EA1 : 00000000;
    4EA2 : 00000000;
    4EA3 : 00000000;
    4EA4 : 00000000;
    4EA5 : 00000000;
    4EA6 : 00000000;
    4EA7 : 00000000;
    4EA8 : 00000000;
    4EA9 : 00000000;
    4EAA : 00000000;
    4EAB : 00000000;
    4EAC : 00000000;
    4EAD : 00000000;
    4EAE : 00000000;
    4EAF : 00000000;
    4EB0 : 00000000;
    4EB1 : 00000000;
    4EB2 : 00000000;
    4EB3 : 00000000;
    4EB4 : 00000000;
    4EB5 : 00000000;
    4EB6 : 00000000;
    4EB7 : 00000000;
    4EB8 : 00000000;
    4EB9 : 00000000;
    4EBA : 00000000;
    4EBB : 00000000;
    4EBC : 00000000;
    4EBD : 00000000;
    4EBE : 00000000;
    4EBF : 00000000;
    4EC0 : 00000000;
    4EC1 : 00000000;
    4EC2 : 00000000;
    4EC3 : 00000000;
    4EC4 : 00000000;
    4EC5 : 00000000;
    4EC6 : 00000000;
    4EC7 : 00000000;
    4EC8 : 00000000;
    4EC9 : 00000000;
    4ECA : 00000000;
    4ECB : 00000000;
    4ECC : 00000000;
    4ECD : 00000000;
    4ECE : 00000000;
    4ECF : 00000000;
    4ED0 : 00000000;
    4ED1 : 00000000;
    4ED2 : 00000000;
    4ED3 : 00000000;
    4ED4 : 00000000;
    4ED5 : 00000000;
    4ED6 : 00000000;
    4ED7 : 00000000;
    4ED8 : 00000000;
    4ED9 : 00000000;
    4EDA : 00000000;
    4EDB : 00000000;
    4EDC : 00000000;
    4EDD : 00000000;
    4EDE : 00000000;
    4EDF : 00000000;
    4EE0 : 00000000;
    4EE1 : 00000000;
    4EE2 : 00000000;
    4EE3 : 00000000;
    4EE4 : 00000000;
    4EE5 : 00000000;
    4EE6 : 00000000;
    4EE7 : 00000000;
    4EE8 : 00000000;
    4EE9 : 00000000;
    4EEA : 00000000;
    4EEB : 00000000;
    4EEC : 00000000;
    4EED : 00000000;
    4EEE : 00000000;
    4EEF : 00000000;
    4EF0 : 00000000;
    4EF1 : 00000000;
    4EF2 : 00000000;
    4EF3 : 00000000;
    4EF4 : 00000000;
    4EF5 : 00000000;
    4EF6 : 00000000;
    4EF7 : 00000000;
    4EF8 : 00000000;
    4EF9 : 00000000;
    4EFA : 00000000;
    4EFB : 00000000;
    4EFC : 00000000;
    4EFD : 00000000;
    4EFE : 00000000;
    4EFF : 00000000;
    4F00 : 00000000;
    4F01 : 00000000;
    4F02 : 00000000;
    4F03 : 00000000;
    4F04 : 00000000;
    4F05 : 00000000;
    4F06 : 00000000;
    4F07 : 00000000;
    4F08 : 00000000;
    4F09 : 00000000;
    4F0A : 00000000;
    4F0B : 00000000;
    4F0C : 00000000;
    4F0D : 00000000;
    4F0E : 00000000;
    4F0F : 00000000;
    4F10 : 00000000;
    4F11 : 00000000;
    4F12 : 00000000;
    4F13 : 00000000;
    4F14 : 00000000;
    4F15 : 00000000;
    4F16 : 00000000;
    4F17 : 00000000;
    4F18 : 00000000;
    4F19 : 00000000;
    4F1A : 00000000;
    4F1B : 00000000;
    4F1C : 00000000;
    4F1D : 00000000;
    4F1E : 00000000;
    4F1F : 00000000;
    4F20 : 00000000;
    4F21 : 00000000;
    4F22 : 00000000;
    4F23 : 00000000;
    4F24 : 00000000;
    4F25 : 00000000;
    4F26 : 00000000;
    4F27 : 00000000;
    4F28 : 00000000;
    4F29 : 00000000;
    4F2A : 00000000;
    4F2B : 00000000;
    4F2C : 00000000;
    4F2D : 00000000;
    4F2E : 00000000;
    4F2F : 00000000;
    4F30 : 00000000;
    4F31 : 00000000;
    4F32 : 00000000;
    4F33 : 00000000;
    4F34 : 00000000;
    4F35 : 00000000;
    4F36 : 00000000;
    4F37 : 00000000;
    4F38 : 00000000;
    4F39 : 00000000;
    4F3A : 00000000;
    4F3B : 00000000;
    4F3C : 00000000;
    4F3D : 00000000;
    4F3E : 00000000;
    4F3F : 00000000;
    4F40 : 00000000;
    4F41 : 00000000;
    4F42 : 00000000;
    4F43 : 00000000;
    4F44 : 00000000;
    4F45 : 00000000;
    4F46 : 00000000;
    4F47 : 00000000;
    4F48 : 00000000;
    4F49 : 00000000;
    4F4A : 00000000;
    4F4B : 00000000;
    4F4C : 00000000;
    4F4D : 00000000;
    4F4E : 00000000;
    4F4F : 00000000;
    4F50 : 00000000;
    4F51 : 00000000;
    4F52 : 00000000;
    4F53 : 00000000;
    4F54 : 00000000;
    4F55 : 00000000;
    4F56 : 00000000;
    4F57 : 00000000;
    4F58 : 00000000;
    4F59 : 00000000;
    4F5A : 00000000;
    4F5B : 00000000;
    4F5C : 00000000;
    4F5D : 00000000;
    4F5E : 00000000;
    4F5F : 00000000;
    4F60 : 00000000;
    4F61 : 00000000;
    4F62 : 00000000;
    4F63 : 00000000;
    4F64 : 00000000;
    4F65 : 00000000;
    4F66 : 00000000;
    4F67 : 00000000;
    4F68 : 00000000;
    4F69 : 00000000;
    4F6A : 00000000;
    4F6B : 00000000;
    4F6C : 00000000;
    4F6D : 00000000;
    4F6E : 00000000;
    4F6F : 00000000;
    4F70 : 00000000;
    4F71 : 00000000;
    4F72 : 00000000;
    4F73 : 00000000;
    4F74 : 00000000;
    4F75 : 00000000;
    4F76 : 00000000;
    4F77 : 00000000;
    4F78 : 00000000;
    4F79 : 00000000;
    4F7A : 00000000;
    4F7B : 00000000;
    4F7C : 00000000;
    4F7D : 00000000;
    4F7E : 00000000;
    4F7F : 00000000;
    4F80 : 00000000;
    4F81 : 00000000;
    4F82 : 00000000;
    4F83 : 00000000;
    4F84 : 00000000;
    4F85 : 00000000;
    4F86 : 00000000;
    4F87 : 00000000;
    4F88 : 00000000;
    4F89 : 00000000;
    4F8A : 00000000;
    4F8B : 00000000;
    4F8C : 00000000;
    4F8D : 00000000;
    4F8E : 00000000;
    4F8F : 00000000;
    4F90 : 00000000;
    4F91 : 00000000;
    4F92 : 00000000;
    4F93 : 00000000;
    4F94 : 00000000;
    4F95 : 00000000;
    4F96 : 00000000;
    4F97 : 00000000;
    4F98 : 00000000;
    4F99 : 00000000;
    4F9A : 00000000;
    4F9B : 00000000;
    4F9C : 00000000;
    4F9D : 00000000;
    4F9E : 00000000;
    4F9F : 00000000;
    4FA0 : 00000000;
    4FA1 : 00000000;
    4FA2 : 00000000;
    4FA3 : 00000000;
    4FA4 : 00000000;
    4FA5 : 00000000;
    4FA6 : 00000000;
    4FA7 : 00000000;
    4FA8 : 00000000;
    4FA9 : 00000000;
    4FAA : 00000000;
    4FAB : 00000000;
    4FAC : 00000000;
    4FAD : 00000000;
    4FAE : 00000000;
    4FAF : 00000000;
    4FB0 : 00000000;
    4FB1 : 00000000;
    4FB2 : 00000000;
    4FB3 : 00000000;
    4FB4 : 00000000;
    4FB5 : 00000000;
    4FB6 : 00000000;
    4FB7 : 00000000;
    4FB8 : 00000000;
    4FB9 : 00000000;
    4FBA : 00000000;
    4FBB : 00000000;
    4FBC : 00000000;
    4FBD : 00000000;
    4FBE : 00000000;
    4FBF : 00000000;
    4FC0 : 00000000;
    4FC1 : 00000000;
    4FC2 : 00000000;
    4FC3 : 00000000;
    4FC4 : 00000000;
    4FC5 : 00000000;
    4FC6 : 00000000;
    4FC7 : 00000000;
    4FC8 : 00000000;
    4FC9 : 00000000;
    4FCA : 00000000;
    4FCB : 00000000;
    4FCC : 00000000;
    4FCD : 00000000;
    4FCE : 00000000;
    4FCF : 00000000;
    4FD0 : 00000000;
    4FD1 : 00000000;
    4FD2 : 00000000;
    4FD3 : 00000000;
    4FD4 : 00000000;
    4FD5 : 00000000;
    4FD6 : 00000000;
    4FD7 : 00000000;
    4FD8 : 00000000;
    4FD9 : 00000000;
    4FDA : 00000000;
    4FDB : 00000000;
    4FDC : 00000000;
    4FDD : 00000000;
    4FDE : 00000000;
    4FDF : 00000000;
    4FE0 : 00000000;
    4FE1 : 00000000;
    4FE2 : 00000000;
    4FE3 : 00000000;
    4FE4 : 00000000;
    4FE5 : 00000000;
    4FE6 : 00000000;
    4FE7 : 00000000;
    4FE8 : 00000000;
    4FE9 : 00000000;
    4FEA : 00000000;
    4FEB : 00000000;
    4FEC : 00000000;
    4FED : 00000000;
    4FEE : 00000000;
    4FEF : 00000000;
    4FF0 : 00000000;
    4FF1 : 00000000;
    4FF2 : 00000000;
    4FF3 : 00000000;
    4FF4 : 00000000;
    4FF5 : 00000000;
    4FF6 : 00000000;
    4FF7 : 00000000;
    4FF8 : 00000000;
    4FF9 : 00000000;
    4FFA : 00000000;
    4FFB : 00000000;
    4FFC : 00000000;
    4FFD : 00000000;
    4FFE : 00000000;
    4FFF : 00000000;
    5000 : 00000000;
    5001 : 00000000;
    5002 : 00000000;
    5003 : 00000000;
    5004 : 00000000;
    5005 : 00000000;
    5006 : 00000000;
    5007 : 00000000;
    5008 : 00000000;
    5009 : 00000000;
    500A : 00000000;
    500B : 00000000;
    500C : 00000000;
    500D : 00000000;
    500E : 00000000;
    500F : 00000000;
    5010 : 00000000;
    5011 : 00000000;
    5012 : 00000000;
    5013 : 00000000;
    5014 : 00000000;
    5015 : 00000000;
    5016 : 00000000;
    5017 : 00000000;
    5018 : 00000000;
    5019 : 00000000;
    501A : 00000000;
    501B : 00000000;
    501C : 00000000;
    501D : 00000000;
    501E : 00000000;
    501F : 00000000;
    5020 : 00000000;
    5021 : 00000000;
    5022 : 00000000;
    5023 : 00000000;
    5024 : 00000000;
    5025 : 00000000;
    5026 : 00000000;
    5027 : 00000000;
    5028 : 00000000;
    5029 : 00000000;
    502A : 00000000;
    502B : 00000000;
    502C : 00000000;
    502D : 00000000;
    502E : 00000000;
    502F : 00000000;
    5030 : 00000000;
    5031 : 00000000;
    5032 : 00000000;
    5033 : 00000000;
    5034 : 00000000;
    5035 : 00000000;
    5036 : 00000000;
    5037 : 00000000;
    5038 : 00000000;
    5039 : 00000000;
    503A : 00000000;
    503B : 00000000;
    503C : 00000000;
    503D : 00000000;
    503E : 00000000;
    503F : 00000000;
    5040 : 00000000;
    5041 : 00000000;
    5042 : 00000000;
    5043 : 00000000;
    5044 : 00000000;
    5045 : 00000000;
    5046 : 00000000;
    5047 : 00000000;
    5048 : 00000000;
    5049 : 00000000;
    504A : 00000000;
    504B : 00000000;
    504C : 00000000;
    504D : 00000000;
    504E : 00000000;
    504F : 00000000;
    5050 : 00000000;
    5051 : 00000000;
    5052 : 00000000;
    5053 : 00000000;
    5054 : 00000000;
    5055 : 00000000;
    5056 : 00000000;
    5057 : 00000000;
    5058 : 00000000;
    5059 : 00000000;
    505A : 00000000;
    505B : 00000000;
    505C : 00000000;
    505D : 00000000;
    505E : 00000000;
    505F : 00000000;
    5060 : 00000000;
    5061 : 00000000;
    5062 : 00000000;
    5063 : 00000000;
    5064 : 00000000;
    5065 : 00000000;
    5066 : 00000000;
    5067 : 00000000;
    5068 : 00000000;
    5069 : 00000000;
    506A : 00000000;
    506B : 00000000;
    506C : 00000000;
    506D : 00000000;
    506E : 00000000;
    506F : 00000000;
    5070 : 00000000;
    5071 : 00000000;
    5072 : 00000000;
    5073 : 00000000;
    5074 : 00000000;
    5075 : 00000000;
    5076 : 00000000;
    5077 : 00000000;
    5078 : 00000000;
    5079 : 00000000;
    507A : 00000000;
    507B : 00000000;
    507C : 00000000;
    507D : 00000000;
    507E : 00000000;
    507F : 00000000;
    5080 : 00000000;
    5081 : 00000000;
    5082 : 00000000;
    5083 : 00000000;
    5084 : 00000000;
    5085 : 00000000;
    5086 : 00000000;
    5087 : 00000000;
    5088 : 00000000;
    5089 : 00000000;
    508A : 00000000;
    508B : 00000000;
    508C : 00000000;
    508D : 00000000;
    508E : 00000000;
    508F : 00000000;
    5090 : 00000000;
    5091 : 00000000;
    5092 : 00000000;
    5093 : 00000000;
    5094 : 00000000;
    5095 : 00000000;
    5096 : 00000000;
    5097 : 00000000;
    5098 : 00000000;
    5099 : 00000000;
    509A : 00000000;
    509B : 00000000;
    509C : 00000000;
    509D : 00000000;
    509E : 00000000;
    509F : 00000000;
    50A0 : 00000000;
    50A1 : 00000000;
    50A2 : 00000000;
    50A3 : 00000000;
    50A4 : 00000000;
    50A5 : 00000000;
    50A6 : 00000000;
    50A7 : 00000000;
    50A8 : 00000000;
    50A9 : 00000000;
    50AA : 00000000;
    50AB : 00000000;
    50AC : 00000000;
    50AD : 00000000;
    50AE : 00000000;
    50AF : 00000000;
    50B0 : 00000000;
    50B1 : 00000000;
    50B2 : 00000000;
    50B3 : 00000000;
    50B4 : 00000000;
    50B5 : 00000000;
    50B6 : 00000000;
    50B7 : 00000000;
    50B8 : 00000000;
    50B9 : 00000000;
    50BA : 00000000;
    50BB : 00000000;
    50BC : 00000000;
    50BD : 00000000;
    50BE : 00000000;
    50BF : 00000000;
    50C0 : 00000000;
    50C1 : 00000000;
    50C2 : 00000000;
    50C3 : 00000000;
    50C4 : 00000000;
    50C5 : 00000000;
    50C6 : 00000000;
    50C7 : 00000000;
    50C8 : 00000000;
    50C9 : 00000000;
    50CA : 00000000;
    50CB : 00000000;
    50CC : 00000000;
    50CD : 00000000;
    50CE : 00000000;
    50CF : 00000000;
    50D0 : 00000000;
    50D1 : 00000000;
    50D2 : 00000000;
    50D3 : 00000000;
    50D4 : 00000000;
    50D5 : 00000000;
    50D6 : 00000000;
    50D7 : 00000000;
    50D8 : 00000000;
    50D9 : 00000000;
    50DA : 00000000;
    50DB : 00000000;
    50DC : 00000000;
    50DD : 00000000;
    50DE : 00000000;
    50DF : 00000000;
    50E0 : 00000000;
    50E1 : 00000000;
    50E2 : 00000000;
    50E3 : 00000000;
    50E4 : 00000000;
    50E5 : 00000000;
    50E6 : 00000000;
    50E7 : 00000000;
    50E8 : 00000000;
    50E9 : 00000000;
    50EA : 00000000;
    50EB : 00000000;
    50EC : 00000000;
    50ED : 00000000;
    50EE : 00000000;
    50EF : 00000000;
    50F0 : 00000000;
    50F1 : 00000000;
    50F2 : 00000000;
    50F3 : 00000000;
    50F4 : 00000000;
    50F5 : 00000000;
    50F6 : 00000000;
    50F7 : 00000000;
    50F8 : 00000000;
    50F9 : 00000000;
    50FA : 00000000;
    50FB : 00000000;
    50FC : 00000000;
    50FD : 00000000;
    50FE : 00000000;
    50FF : 00000000;
    5100 : 00000000;
    5101 : 00000000;
    5102 : 00000000;
    5103 : 00000000;
    5104 : 00000000;
    5105 : 00000000;
    5106 : 00000000;
    5107 : 00000000;
    5108 : 00000000;
    5109 : 00000000;
    510A : 00000000;
    510B : 00000000;
    510C : 00000000;
    510D : 00000000;
    510E : 00000000;
    510F : 00000000;
    5110 : 00000000;
    5111 : 00000000;
    5112 : 00000000;
    5113 : 00000000;
    5114 : 00000000;
    5115 : 00000000;
    5116 : 00000000;
    5117 : 00000000;
    5118 : 00000000;
    5119 : 00000000;
    511A : 00000000;
    511B : 00000000;
    511C : 00000000;
    511D : 00000000;
    511E : 00000000;
    511F : 00000000;
    5120 : 00000000;
    5121 : 00000000;
    5122 : 00000000;
    5123 : 00000000;
    5124 : 00000000;
    5125 : 00000000;
    5126 : 00000000;
    5127 : 00000000;
    5128 : 00000000;
    5129 : 00000000;
    512A : 00000000;
    512B : 00000000;
    512C : 00000000;
    512D : 00000000;
    512E : 00000000;
    512F : 00000000;
    5130 : 00000000;
    5131 : 00000000;
    5132 : 00000000;
    5133 : 00000000;
    5134 : 00000000;
    5135 : 00000000;
    5136 : 00000000;
    5137 : 00000000;
    5138 : 00000000;
    5139 : 00000000;
    513A : 00000000;
    513B : 00000000;
    513C : 00000000;
    513D : 00000000;
    513E : 00000000;
    513F : 00000000;
    5140 : 00000000;
    5141 : 00000000;
    5142 : 00000000;
    5143 : 00000000;
    5144 : 00000000;
    5145 : 00000000;
    5146 : 00000000;
    5147 : 00000000;
    5148 : 00000000;
    5149 : 00000000;
    514A : 00000000;
    514B : 00000000;
    514C : 00000000;
    514D : 00000000;
    514E : 00000000;
    514F : 00000000;
    5150 : 00000000;
    5151 : 00000000;
    5152 : 00000000;
    5153 : 00000000;
    5154 : 00000000;
    5155 : 00000000;
    5156 : 00000000;
    5157 : 00000000;
    5158 : 00000000;
    5159 : 00000000;
    515A : 00000000;
    515B : 00000000;
    515C : 00000000;
    515D : 00000000;
    515E : 00000000;
    515F : 00000000;
    5160 : 00000000;
    5161 : 00000000;
    5162 : 00000000;
    5163 : 00000000;
    5164 : 00000000;
    5165 : 00000000;
    5166 : 00000000;
    5167 : 00000000;
    5168 : 00000000;
    5169 : 00000000;
    516A : 00000000;
    516B : 00000000;
    516C : 00000000;
    516D : 00000000;
    516E : 00000000;
    516F : 00000000;
    5170 : 00000000;
    5171 : 00000000;
    5172 : 00000000;
    5173 : 00000000;
    5174 : 00000000;
    5175 : 00000000;
    5176 : 00000000;
    5177 : 00000000;
    5178 : 00000000;
    5179 : 00000000;
    517A : 00000000;
    517B : 00000000;
    517C : 00000000;
    517D : 00000000;
    517E : 00000000;
    517F : 00000000;
    5180 : 00000000;
    5181 : 00000000;
    5182 : 00000000;
    5183 : 00000000;
    5184 : 00000000;
    5185 : 00000000;
    5186 : 00000000;
    5187 : 00000000;
    5188 : 00000000;
    5189 : 00000000;
    518A : 00000000;
    518B : 00000000;
    518C : 00000000;
    518D : 00000000;
    518E : 00000000;
    518F : 00000000;
    5190 : 00000000;
    5191 : 00000000;
    5192 : 00000000;
    5193 : 00000000;
    5194 : 00000000;
    5195 : 00000000;
    5196 : 00000000;
    5197 : 00000000;
    5198 : 00000000;
    5199 : 00000000;
    519A : 00000000;
    519B : 00000000;
    519C : 00000000;
    519D : 00000000;
    519E : 00000000;
    519F : 00000000;
    51A0 : 00000000;
    51A1 : 00000000;
    51A2 : 00000000;
    51A3 : 00000000;
    51A4 : 00000000;
    51A5 : 00000000;
    51A6 : 00000000;
    51A7 : 00000000;
    51A8 : 00000000;
    51A9 : 00000000;
    51AA : 00000000;
    51AB : 00000000;
    51AC : 00000000;
    51AD : 00000000;
    51AE : 00000000;
    51AF : 00000000;
    51B0 : 00000000;
    51B1 : 00000000;
    51B2 : 00000000;
    51B3 : 00000000;
    51B4 : 00000000;
    51B5 : 00000000;
    51B6 : 00000000;
    51B7 : 00000000;
    51B8 : 00000000;
    51B9 : 00000000;
    51BA : 00000000;
    51BB : 00000000;
    51BC : 00000000;
    51BD : 00000000;
    51BE : 00000000;
    51BF : 00000000;
    51C0 : 00000000;
    51C1 : 00000000;
    51C2 : 00000000;
    51C3 : 00000000;
    51C4 : 00000000;
    51C5 : 00000000;
    51C6 : 00000000;
    51C7 : 00000000;
    51C8 : 00000000;
    51C9 : 00000000;
    51CA : 00000000;
    51CB : 00000000;
    51CC : 00000000;
    51CD : 00000000;
    51CE : 00000000;
    51CF : 00000000;
    51D0 : 00000000;
    51D1 : 00000000;
    51D2 : 00000000;
    51D3 : 00000000;
    51D4 : 00000000;
    51D5 : 00000000;
    51D6 : 00000000;
    51D7 : 00000000;
    51D8 : 00000000;
    51D9 : 00000000;
    51DA : 00000000;
    51DB : 00000000;
    51DC : 00000000;
    51DD : 00000000;
    51DE : 00000000;
    51DF : 00000000;
    51E0 : 00000000;
    51E1 : 00000000;
    51E2 : 00000000;
    51E3 : 00000000;
    51E4 : 00000000;
    51E5 : 00000000;
    51E6 : 00000000;
    51E7 : 00000000;
    51E8 : 00000000;
    51E9 : 00000000;
    51EA : 00000000;
    51EB : 00000000;
    51EC : 00000000;
    51ED : 00000000;
    51EE : 00000000;
    51EF : 00000000;
    51F0 : 00000000;
    51F1 : 00000000;
    51F2 : 00000000;
    51F3 : 00000000;
    51F4 : 00000000;
    51F5 : 00000000;
    51F6 : 00000000;
    51F7 : 00000000;
    51F8 : 00000000;
    51F9 : 00000000;
    51FA : 00000000;
    51FB : 00000000;
    51FC : 00000000;
    51FD : 00000000;
    51FE : 00000000;
    51FF : 00000000;
    5200 : 00000000;
    5201 : 00000000;
    5202 : 00000000;
    5203 : 00000000;
    5204 : 00000000;
    5205 : 00000000;
    5206 : 00000000;
    5207 : 00000000;
    5208 : 00000000;
    5209 : 00000000;
    520A : 00000000;
    520B : 00000000;
    520C : 00000000;
    520D : 00000000;
    520E : 00000000;
    520F : 00000000;
    5210 : 00000000;
    5211 : 00000000;
    5212 : 00000000;
    5213 : 00000000;
    5214 : 00000000;
    5215 : 00000000;
    5216 : 00000000;
    5217 : 00000000;
    5218 : 00000000;
    5219 : 00000000;
    521A : 00000000;
    521B : 00000000;
    521C : 00000000;
    521D : 00000000;
    521E : 00000000;
    521F : 00000000;
    5220 : 00000000;
    5221 : 00000000;
    5222 : 00000000;
    5223 : 00000000;
    5224 : 00000000;
    5225 : 00000000;
    5226 : 00000000;
    5227 : 00000000;
    5228 : 00000000;
    5229 : 00000000;
    522A : 00000000;
    522B : 00000000;
    522C : 00000000;
    522D : 00000000;
    522E : 00000000;
    522F : 00000000;
    5230 : 00000000;
    5231 : 00000000;
    5232 : 00000000;
    5233 : 00000000;
    5234 : 00000000;
    5235 : 00000000;
    5236 : 00000000;
    5237 : 00000000;
    5238 : 00000000;
    5239 : 00000000;
    523A : 00000000;
    523B : 00000000;
    523C : 00000000;
    523D : 00000000;
    523E : 00000000;
    523F : 00000000;
    5240 : 00000000;
    5241 : 00000000;
    5242 : 00000000;
    5243 : 00000000;
    5244 : 00000000;
    5245 : 00000000;
    5246 : 00000000;
    5247 : 00000000;
    5248 : 00000000;
    5249 : 00000000;
    524A : 00000000;
    524B : 00000000;
    524C : 00000000;
    524D : 00000000;
    524E : 00000000;
    524F : 00000000;
    5250 : 00000000;
    5251 : 00000000;
    5252 : 00000000;
    5253 : 00000000;
    5254 : 00000000;
    5255 : 00000000;
    5256 : 00000000;
    5257 : 00000000;
    5258 : 00000000;
    5259 : 00000000;
    525A : 00000000;
    525B : 00000000;
    525C : 00000000;
    525D : 00000000;
    525E : 00000000;
    525F : 00000000;
    5260 : 00000000;
    5261 : 00000000;
    5262 : 00000000;
    5263 : 00000000;
    5264 : 00000000;
    5265 : 00000000;
    5266 : 00000000;
    5267 : 00000000;
    5268 : 00000000;
    5269 : 00000000;
    526A : 00000000;
    526B : 00000000;
    526C : 00000000;
    526D : 00000000;
    526E : 00000000;
    526F : 00000000;
    5270 : 00000000;
    5271 : 00000000;
    5272 : 00000000;
    5273 : 00000000;
    5274 : 00000000;
    5275 : 00000000;
    5276 : 00000000;
    5277 : 00000000;
    5278 : 00000000;
    5279 : 00000000;
    527A : 00000000;
    527B : 00000000;
    527C : 00000000;
    527D : 00000000;
    527E : 00000000;
    527F : 00000000;
    5280 : 00000000;
    5281 : 00000000;
    5282 : 00000000;
    5283 : 00000000;
    5284 : 00000000;
    5285 : 00000000;
    5286 : 00000000;
    5287 : 00000000;
    5288 : 00000000;
    5289 : 00000000;
    528A : 00000000;
    528B : 00000000;
    528C : 00000000;
    528D : 00000000;
    528E : 00000000;
    528F : 00000000;
    5290 : 00000000;
    5291 : 00000000;
    5292 : 00000000;
    5293 : 00000000;
    5294 : 00000000;
    5295 : 00000000;
    5296 : 00000000;
    5297 : 00000000;
    5298 : 00000000;
    5299 : 00000000;
    529A : 00000000;
    529B : 00000000;
    529C : 00000000;
    529D : 00000000;
    529E : 00000000;
    529F : 00000000;
    52A0 : 00000000;
    52A1 : 00000000;
    52A2 : 00000000;
    52A3 : 00000000;
    52A4 : 00000000;
    52A5 : 00000000;
    52A6 : 00000000;
    52A7 : 00000000;
    52A8 : 00000000;
    52A9 : 00000000;
    52AA : 00000000;
    52AB : 00000000;
    52AC : 00000000;
    52AD : 00000000;
    52AE : 00000000;
    52AF : 00000000;
    52B0 : 00000000;
    52B1 : 00000000;
    52B2 : 00000000;
    52B3 : 00000000;
    52B4 : 00000000;
    52B5 : 00000000;
    52B6 : 00000000;
    52B7 : 00000000;
    52B8 : 00000000;
    52B9 : 00000000;
    52BA : 00000000;
    52BB : 00000000;
    52BC : 00000000;
    52BD : 00000000;
    52BE : 00000000;
    52BF : 00000000;
    52C0 : 00000000;
    52C1 : 00000000;
    52C2 : 00000000;
    52C3 : 00000000;
    52C4 : 00000000;
    52C5 : 00000000;
    52C6 : 00000000;
    52C7 : 00000000;
    52C8 : 00000000;
    52C9 : 00000000;
    52CA : 00000000;
    52CB : 00000000;
    52CC : 00000000;
    52CD : 00000000;
    52CE : 00000000;
    52CF : 00000000;
    52D0 : 00000000;
    52D1 : 00000000;
    52D2 : 00000000;
    52D3 : 00000000;
    52D4 : 00000000;
    52D5 : 00000000;
    52D6 : 00000000;
    52D7 : 00000000;
    52D8 : 00000000;
    52D9 : 00000000;
    52DA : 00000000;
    52DB : 00000000;
    52DC : 00000000;
    52DD : 00000000;
    52DE : 00000000;
    52DF : 00000000;
    52E0 : 00000000;
    52E1 : 00000000;
    52E2 : 00000000;
    52E3 : 00000000;
    52E4 : 00000000;
    52E5 : 00000000;
    52E6 : 00000000;
    52E7 : 00000000;
    52E8 : 00000000;
    52E9 : 00000000;
    52EA : 00000000;
    52EB : 00000000;
    52EC : 00000000;
    52ED : 00000000;
    52EE : 00000000;
    52EF : 00000000;
    52F0 : 00000000;
    52F1 : 00000000;
    52F2 : 00000000;
    52F3 : 00000000;
    52F4 : 00000000;
    52F5 : 00000000;
    52F6 : 00000000;
    52F7 : 00000000;
    52F8 : 00000000;
    52F9 : 00000000;
    52FA : 00000000;
    52FB : 00000000;
    52FC : 00000000;
    52FD : 00000000;
    52FE : 00000000;
    52FF : 00000000;
    5300 : 00000000;
    5301 : 00000000;
    5302 : 00000000;
    5303 : 00000000;
    5304 : 00000000;
    5305 : 00000000;
    5306 : 00000000;
    5307 : 00000000;
    5308 : 00000000;
    5309 : 00000000;
    530A : 00000000;
    530B : 00000000;
    530C : 00000000;
    530D : 00000000;
    530E : 00000000;
    530F : 00000000;
    5310 : 00000000;
    5311 : 00000000;
    5312 : 00000000;
    5313 : 00000000;
    5314 : 00000000;
    5315 : 00000000;
    5316 : 00000000;
    5317 : 00000000;
    5318 : 00000000;
    5319 : 00000000;
    531A : 00000000;
    531B : 00000000;
    531C : 00000000;
    531D : 00000000;
    531E : 00000000;
    531F : 00000000;
    5320 : 00000000;
    5321 : 00000000;
    5322 : 00000000;
    5323 : 00000000;
    5324 : 00000000;
    5325 : 00000000;
    5326 : 00000000;
    5327 : 00000000;
    5328 : 00000000;
    5329 : 00000000;
    532A : 00000000;
    532B : 00000000;
    532C : 00000000;
    532D : 00000000;
    532E : 00000000;
    532F : 00000000;
    5330 : 00000000;
    5331 : 00000000;
    5332 : 00000000;
    5333 : 00000000;
    5334 : 00000000;
    5335 : 00000000;
    5336 : 00000000;
    5337 : 00000000;
    5338 : 00000000;
    5339 : 00000000;
    533A : 00000000;
    533B : 00000000;
    533C : 00000000;
    533D : 00000000;
    533E : 00000000;
    533F : 00000000;
    5340 : 00000000;
    5341 : 00000000;
    5342 : 00000000;
    5343 : 00000000;
    5344 : 00000000;
    5345 : 00000000;
    5346 : 00000000;
    5347 : 00000000;
    5348 : 00000000;
    5349 : 00000000;
    534A : 00000000;
    534B : 00000000;
    534C : 00000000;
    534D : 00000000;
    534E : 00000000;
    534F : 00000000;
    5350 : 00000000;
    5351 : 00000000;
    5352 : 00000000;
    5353 : 00000000;
    5354 : 00000000;
    5355 : 00000000;
    5356 : 00000000;
    5357 : 00000000;
    5358 : 00000000;
    5359 : 00000000;
    535A : 00000000;
    535B : 00000000;
    535C : 00000000;
    535D : 00000000;
    535E : 00000000;
    535F : 00000000;
    5360 : 00000000;
    5361 : 00000000;
    5362 : 00000000;
    5363 : 00000000;
    5364 : 00000000;
    5365 : 00000000;
    5366 : 00000000;
    5367 : 00000000;
    5368 : 00000000;
    5369 : 00000000;
    536A : 00000000;
    536B : 00000000;
    536C : 00000000;
    536D : 00000000;
    536E : 00000000;
    536F : 00000000;
    5370 : 00000000;
    5371 : 00000000;
    5372 : 00000000;
    5373 : 00000000;
    5374 : 00000000;
    5375 : 00000000;
    5376 : 00000000;
    5377 : 00000000;
    5378 : 00000000;
    5379 : 00000000;
    537A : 00000000;
    537B : 00000000;
    537C : 00000000;
    537D : 00000000;
    537E : 00000000;
    537F : 00000000;
    5380 : 00000000;
    5381 : 00000000;
    5382 : 00000000;
    5383 : 00000000;
    5384 : 00000000;
    5385 : 00000000;
    5386 : 00000000;
    5387 : 00000000;
    5388 : 00000000;
    5389 : 00000000;
    538A : 00000000;
    538B : 00000000;
    538C : 00000000;
    538D : 00000000;
    538E : 00000000;
    538F : 00000000;
    5390 : 00000000;
    5391 : 00000000;
    5392 : 00000000;
    5393 : 00000000;
    5394 : 00000000;
    5395 : 00000000;
    5396 : 00000000;
    5397 : 00000000;
    5398 : 00000000;
    5399 : 00000000;
    539A : 00000000;
    539B : 00000000;
    539C : 00000000;
    539D : 00000000;
    539E : 00000000;
    539F : 00000000;
    53A0 : 00000000;
    53A1 : 00000000;
    53A2 : 00000000;
    53A3 : 00000000;
    53A4 : 00000000;
    53A5 : 00000000;
    53A6 : 00000000;
    53A7 : 00000000;
    53A8 : 00000000;
    53A9 : 00000000;
    53AA : 00000000;
    53AB : 00000000;
    53AC : 00000000;
    53AD : 00000000;
    53AE : 00000000;
    53AF : 00000000;
    53B0 : 00000000;
    53B1 : 00000000;
    53B2 : 00000000;
    53B3 : 00000000;
    53B4 : 00000000;
    53B5 : 00000000;
    53B6 : 00000000;
    53B7 : 00000000;
    53B8 : 00000000;
    53B9 : 00000000;
    53BA : 00000000;
    53BB : 00000000;
    53BC : 00000000;
    53BD : 00000000;
    53BE : 00000000;
    53BF : 00000000;
    53C0 : 00000000;
    53C1 : 00000000;
    53C2 : 00000000;
    53C3 : 00000000;
    53C4 : 00000000;
    53C5 : 00000000;
    53C6 : 00000000;
    53C7 : 00000000;
    53C8 : 00000000;
    53C9 : 00000000;
    53CA : 00000000;
    53CB : 00000000;
    53CC : 00000000;
    53CD : 00000000;
    53CE : 00000000;
    53CF : 00000000;
    53D0 : 00000000;
    53D1 : 00000000;
    53D2 : 00000000;
    53D3 : 00000000;
    53D4 : 00000000;
    53D5 : 00000000;
    53D6 : 00000000;
    53D7 : 00000000;
    53D8 : 00000000;
    53D9 : 00000000;
    53DA : 00000000;
    53DB : 00000000;
    53DC : 00000000;
    53DD : 00000000;
    53DE : 00000000;
    53DF : 00000000;
    53E0 : 00000000;
    53E1 : 00000000;
    53E2 : 00000000;
    53E3 : 00000000;
    53E4 : 00000000;
    53E5 : 00000000;
    53E6 : 00000000;
    53E7 : 00000000;
    53E8 : 00000000;
    53E9 : 00000000;
    53EA : 00000000;
    53EB : 00000000;
    53EC : 00000000;
    53ED : 00000000;
    53EE : 00000000;
    53EF : 00000000;
    53F0 : 00000000;
    53F1 : 00000000;
    53F2 : 00000000;
    53F3 : 00000000;
    53F4 : 00000000;
    53F5 : 00000000;
    53F6 : 00000000;
    53F7 : 00000000;
    53F8 : 00000000;
    53F9 : 00000000;
    53FA : 00000000;
    53FB : 00000000;
    53FC : 00000000;
    53FD : 00000000;
    53FE : 00000000;
    53FF : 00000000;
    5400 : 00000000;
    5401 : 00000000;
    5402 : 00000000;
    5403 : 00000000;
    5404 : 00000000;
    5405 : 00000000;
    5406 : 00000000;
    5407 : 00000000;
    5408 : 00000000;
    5409 : 00000000;
    540A : 00000000;
    540B : 00000000;
    540C : 00000000;
    540D : 00000000;
    540E : 00000000;
    540F : 00000000;
    5410 : 00000000;
    5411 : 00000000;
    5412 : 00000000;
    5413 : 00000000;
    5414 : 00000000;
    5415 : 00000000;
    5416 : 00000000;
    5417 : 00000000;
    5418 : 00000000;
    5419 : 00000000;
    541A : 00000000;
    541B : 00000000;
    541C : 00000000;
    541D : 00000000;
    541E : 00000000;
    541F : 00000000;
    5420 : 00000000;
    5421 : 00000000;
    5422 : 00000000;
    5423 : 00000000;
    5424 : 00000000;
    5425 : 00000000;
    5426 : 00000000;
    5427 : 00000000;
    5428 : 00000000;
    5429 : 00000000;
    542A : 00000000;
    542B : 00000000;
    542C : 00000000;
    542D : 00000000;
    542E : 00000000;
    542F : 00000000;
    5430 : 00000000;
    5431 : 00000000;
    5432 : 00000000;
    5433 : 00000000;
    5434 : 00000000;
    5435 : 00000000;
    5436 : 00000000;
    5437 : 00000000;
    5438 : 00000000;
    5439 : 00000000;
    543A : 00000000;
    543B : 00000000;
    543C : 00000000;
    543D : 00000000;
    543E : 00000000;
    543F : 00000000;
    5440 : 00000000;
    5441 : 00000000;
    5442 : 00000000;
    5443 : 00000000;
    5444 : 00000000;
    5445 : 00000000;
    5446 : 00000000;
    5447 : 00000000;
    5448 : 00000000;
    5449 : 00000000;
    544A : 00000000;
    544B : 00000000;
    544C : 00000000;
    544D : 00000000;
    544E : 00000000;
    544F : 00000000;
    5450 : 00000000;
    5451 : 00000000;
    5452 : 00000000;
    5453 : 00000000;
    5454 : 00000000;
    5455 : 00000000;
    5456 : 00000000;
    5457 : 00000000;
    5458 : 00000000;
    5459 : 00000000;
    545A : 00000000;
    545B : 00000000;
    545C : 00000000;
    545D : 00000000;
    545E : 00000000;
    545F : 00000000;
    5460 : 00000000;
    5461 : 00000000;
    5462 : 00000000;
    5463 : 00000000;
    5464 : 00000000;
    5465 : 00000000;
    5466 : 00000000;
    5467 : 00000000;
    5468 : 00000000;
    5469 : 00000000;
    546A : 00000000;
    546B : 00000000;
    546C : 00000000;
    546D : 00000000;
    546E : 00000000;
    546F : 00000000;
    5470 : 00000000;
    5471 : 00000000;
    5472 : 00000000;
    5473 : 00000000;
    5474 : 00000000;
    5475 : 00000000;
    5476 : 00000000;
    5477 : 00000000;
    5478 : 00000000;
    5479 : 00000000;
    547A : 00000000;
    547B : 00000000;
    547C : 00000000;
    547D : 00000000;
    547E : 00000000;
    547F : 00000000;
    5480 : 00000000;
    5481 : 00000000;
    5482 : 00000000;
    5483 : 00000000;
    5484 : 00000000;
    5485 : 00000000;
    5486 : 00000000;
    5487 : 00000000;
    5488 : 00000000;
    5489 : 00000000;
    548A : 00000000;
    548B : 00000000;
    548C : 00000000;
    548D : 00000000;
    548E : 00000000;
    548F : 00000000;
    5490 : 00000000;
    5491 : 00000000;
    5492 : 00000000;
    5493 : 00000000;
    5494 : 00000000;
    5495 : 00000000;
    5496 : 00000000;
    5497 : 00000000;
    5498 : 00000000;
    5499 : 00000000;
    549A : 00000000;
    549B : 00000000;
    549C : 00000000;
    549D : 00000000;
    549E : 00000000;
    549F : 00000000;
    54A0 : 00000000;
    54A1 : 00000000;
    54A2 : 00000000;
    54A3 : 00000000;
    54A4 : 00000000;
    54A5 : 00000000;
    54A6 : 00000000;
    54A7 : 00000000;
    54A8 : 00000000;
    54A9 : 00000000;
    54AA : 00000000;
    54AB : 00000000;
    54AC : 00000000;
    54AD : 00000000;
    54AE : 00000000;
    54AF : 00000000;
    54B0 : 00000000;
    54B1 : 00000000;
    54B2 : 00000000;
    54B3 : 00000000;
    54B4 : 00000000;
    54B5 : 00000000;
    54B6 : 00000000;
    54B7 : 00000000;
    54B8 : 00000000;
    54B9 : 00000000;
    54BA : 00000000;
    54BB : 00000000;
    54BC : 00000000;
    54BD : 00000000;
    54BE : 00000000;
    54BF : 00000000;
    54C0 : 00000000;
    54C1 : 00000000;
    54C2 : 00000000;
    54C3 : 00000000;
    54C4 : 00000000;
    54C5 : 00000000;
    54C6 : 00000000;
    54C7 : 00000000;
    54C8 : 00000000;
    54C9 : 00000000;
    54CA : 00000000;
    54CB : 00000000;
    54CC : 00000000;
    54CD : 00000000;
    54CE : 00000000;
    54CF : 00000000;
    54D0 : 00000000;
    54D1 : 00000000;
    54D2 : 00000000;
    54D3 : 00000000;
    54D4 : 00000000;
    54D5 : 00000000;
    54D6 : 00000000;
    54D7 : 00000000;
    54D8 : 00000000;
    54D9 : 00000000;
    54DA : 00000000;
    54DB : 00000000;
    54DC : 00000000;
    54DD : 00000000;
    54DE : 00000000;
    54DF : 00000000;
    54E0 : 00000000;
    54E1 : 00000000;
    54E2 : 00000000;
    54E3 : 00000000;
    54E4 : 00000000;
    54E5 : 00000000;
    54E6 : 00000000;
    54E7 : 00000000;
    54E8 : 00000000;
    54E9 : 00000000;
    54EA : 00000000;
    54EB : 00000000;
    54EC : 00000000;
    54ED : 00000000;
    54EE : 00000000;
    54EF : 00000000;
    54F0 : 00000000;
    54F1 : 00000000;
    54F2 : 00000000;
    54F3 : 00000000;
    54F4 : 00000000;
    54F5 : 00000000;
    54F6 : 00000000;
    54F7 : 00000000;
    54F8 : 00000000;
    54F9 : 00000000;
    54FA : 00000000;
    54FB : 00000000;
    54FC : 00000000;
    54FD : 00000000;
    54FE : 00000000;
    54FF : 00000000;
    5500 : 00000000;
    5501 : 00000000;
    5502 : 00000000;
    5503 : 00000000;
    5504 : 00000000;
    5505 : 00000000;
    5506 : 00000000;
    5507 : 00000000;
    5508 : 00000000;
    5509 : 00000000;
    550A : 00000000;
    550B : 00000000;
    550C : 00000000;
    550D : 00000000;
    550E : 00000000;
    550F : 00000000;
    5510 : 00000000;
    5511 : 00000000;
    5512 : 00000000;
    5513 : 00000000;
    5514 : 00000000;
    5515 : 00000000;
    5516 : 00000000;
    5517 : 00000000;
    5518 : 00000000;
    5519 : 00000000;
    551A : 00000000;
    551B : 00000000;
    551C : 00000000;
    551D : 00000000;
    551E : 00000000;
    551F : 00000000;
    5520 : 00000000;
    5521 : 00000000;
    5522 : 00000000;
    5523 : 00000000;
    5524 : 00000000;
    5525 : 00000000;
    5526 : 00000000;
    5527 : 00000000;
    5528 : 00000000;
    5529 : 00000000;
    552A : 00000000;
    552B : 00000000;
    552C : 00000000;
    552D : 00000000;
    552E : 00000000;
    552F : 00000000;
    5530 : 00000000;
    5531 : 00000000;
    5532 : 00000000;
    5533 : 00000000;
    5534 : 00000000;
    5535 : 00000000;
    5536 : 00000000;
    5537 : 00000000;
    5538 : 00000000;
    5539 : 00000000;
    553A : 00000000;
    553B : 00000000;
    553C : 00000000;
    553D : 00000000;
    553E : 00000000;
    553F : 00000000;
    5540 : 00000000;
    5541 : 00000000;
    5542 : 00000000;
    5543 : 00000000;
    5544 : 00000000;
    5545 : 00000000;
    5546 : 00000000;
    5547 : 00000000;
    5548 : 00000000;
    5549 : 00000000;
    554A : 00000000;
    554B : 00000000;
    554C : 00000000;
    554D : 00000000;
    554E : 00000000;
    554F : 00000000;
    5550 : 00000000;
    5551 : 00000000;
    5552 : 00000000;
    5553 : 00000000;
    5554 : 00000000;
    5555 : 00000000;
    5556 : 00000000;
    5557 : 00000000;
    5558 : 00000000;
    5559 : 00000000;
    555A : 00000000;
    555B : 00000000;
    555C : 00000000;
    555D : 00000000;
    555E : 00000000;
    555F : 00000000;
    5560 : 00000000;
    5561 : 00000000;
    5562 : 00000000;
    5563 : 00000000;
    5564 : 00000000;
    5565 : 00000000;
    5566 : 00000000;
    5567 : 00000000;
    5568 : 00000000;
    5569 : 00000000;
    556A : 00000000;
    556B : 00000000;
    556C : 00000000;
    556D : 00000000;
    556E : 00000000;
    556F : 00000000;
    5570 : 00000000;
    5571 : 00000000;
    5572 : 00000000;
    5573 : 00000000;
    5574 : 00000000;
    5575 : 00000000;
    5576 : 00000000;
    5577 : 00000000;
    5578 : 00000000;
    5579 : 00000000;
    557A : 00000000;
    557B : 00000000;
    557C : 00000000;
    557D : 00000000;
    557E : 00000000;
    557F : 00000000;
    5580 : 00000000;
    5581 : 00000000;
    5582 : 00000000;
    5583 : 00000000;
    5584 : 00000000;
    5585 : 00000000;
    5586 : 00000000;
    5587 : 00000000;
    5588 : 00000000;
    5589 : 00000000;
    558A : 00000000;
    558B : 00000000;
    558C : 00000000;
    558D : 00000000;
    558E : 00000000;
    558F : 00000000;
    5590 : 00000000;
    5591 : 00000000;
    5592 : 00000000;
    5593 : 00000000;
    5594 : 00000000;
    5595 : 00000000;
    5596 : 00000000;
    5597 : 00000000;
    5598 : 00000000;
    5599 : 00000000;
    559A : 00000000;
    559B : 00000000;
    559C : 00000000;
    559D : 00000000;
    559E : 00000000;
    559F : 00000000;
    55A0 : 00000000;
    55A1 : 00000000;
    55A2 : 00000000;
    55A3 : 00000000;
    55A4 : 00000000;
    55A5 : 00000000;
    55A6 : 00000000;
    55A7 : 00000000;
    55A8 : 00000000;
    55A9 : 00000000;
    55AA : 00000000;
    55AB : 00000000;
    55AC : 00000000;
    55AD : 00000000;
    55AE : 00000000;
    55AF : 00000000;
    55B0 : 00000000;
    55B1 : 00000000;
    55B2 : 00000000;
    55B3 : 00000000;
    55B4 : 00000000;
    55B5 : 00000000;
    55B6 : 00000000;
    55B7 : 00000000;
    55B8 : 00000000;
    55B9 : 00000000;
    55BA : 00000000;
    55BB : 00000000;
    55BC : 00000000;
    55BD : 00000000;
    55BE : 00000000;
    55BF : 00000000;
    55C0 : 00000000;
    55C1 : 00000000;
    55C2 : 00000000;
    55C3 : 00000000;
    55C4 : 00000000;
    55C5 : 00000000;
    55C6 : 00000000;
    55C7 : 00000000;
    55C8 : 00000000;
    55C9 : 00000000;
    55CA : 00000000;
    55CB : 00000000;
    55CC : 00000000;
    55CD : 00000000;
    55CE : 00000000;
    55CF : 00000000;
    55D0 : 00000000;
    55D1 : 00000000;
    55D2 : 00000000;
    55D3 : 00000000;
    55D4 : 00000000;
    55D5 : 00000000;
    55D6 : 00000000;
    55D7 : 00000000;
    55D8 : 00000000;
    55D9 : 00000000;
    55DA : 00000000;
    55DB : 00000000;
    55DC : 00000000;
    55DD : 00000000;
    55DE : 00000000;
    55DF : 00000000;
    55E0 : 00000000;
    55E1 : 00000000;
    55E2 : 00000000;
    55E3 : 00000000;
    55E4 : 00000000;
    55E5 : 00000000;
    55E6 : 00000000;
    55E7 : 00000000;
    55E8 : 00000000;
    55E9 : 00000000;
    55EA : 00000000;
    55EB : 00000000;
    55EC : 00000000;
    55ED : 00000000;
    55EE : 00000000;
    55EF : 00000000;
    55F0 : 00000000;
    55F1 : 00000000;
    55F2 : 00000000;
    55F3 : 00000000;
    55F4 : 00000000;
    55F5 : 00000000;
    55F6 : 00000000;
    55F7 : 00000000;
    55F8 : 00000000;
    55F9 : 00000000;
    55FA : 00000000;
    55FB : 00000000;
    55FC : 00000000;
    55FD : 00000000;
    55FE : 00000000;
    55FF : 00000000;
    5600 : 00000000;
    5601 : 00000000;
    5602 : 00000000;
    5603 : 00000000;
    5604 : 00000000;
    5605 : 00000000;
    5606 : 00000000;
    5607 : 00000000;
    5608 : 00000000;
    5609 : 00000000;
    560A : 00000000;
    560B : 00000000;
    560C : 00000000;
    560D : 00000000;
    560E : 00000000;
    560F : 00000000;
    5610 : 00000000;
    5611 : 00000000;
    5612 : 00000000;
    5613 : 00000000;
    5614 : 00000000;
    5615 : 00000000;
    5616 : 00000000;
    5617 : 00000000;
    5618 : 00000000;
    5619 : 00000000;
    561A : 00000000;
    561B : 00000000;
    561C : 00000000;
    561D : 00000000;
    561E : 00000000;
    561F : 00000000;
    5620 : 00000000;
    5621 : 00000000;
    5622 : 00000000;
    5623 : 00000000;
    5624 : 00000000;
    5625 : 00000000;
    5626 : 00000000;
    5627 : 00000000;
    5628 : 00000000;
    5629 : 00000000;
    562A : 00000000;
    562B : 00000000;
    562C : 00000000;
    562D : 00000000;
    562E : 00000000;
    562F : 00000000;
    5630 : 00000000;
    5631 : 00000000;
    5632 : 00000000;
    5633 : 00000000;
    5634 : 00000000;
    5635 : 00000000;
    5636 : 00000000;
    5637 : 00000000;
    5638 : 00000000;
    5639 : 00000000;
    563A : 00000000;
    563B : 00000000;
    563C : 00000000;
    563D : 00000000;
    563E : 00000000;
    563F : 00000000;
    5640 : 00000000;
    5641 : 00000000;
    5642 : 00000000;
    5643 : 00000000;
    5644 : 00000000;
    5645 : 00000000;
    5646 : 00000000;
    5647 : 00000000;
    5648 : 00000000;
    5649 : 00000000;
    564A : 00000000;
    564B : 00000000;
    564C : 00000000;
    564D : 00000000;
    564E : 00000000;
    564F : 00000000;
    5650 : 00000000;
    5651 : 00000000;
    5652 : 00000000;
    5653 : 00000000;
    5654 : 00000000;
    5655 : 00000000;
    5656 : 00000000;
    5657 : 00000000;
    5658 : 00000000;
    5659 : 00000000;
    565A : 00000000;
    565B : 00000000;
    565C : 00000000;
    565D : 00000000;
    565E : 00000000;
    565F : 00000000;
    5660 : 00000000;
    5661 : 00000000;
    5662 : 00000000;
    5663 : 00000000;
    5664 : 00000000;
    5665 : 00000000;
    5666 : 00000000;
    5667 : 00000000;
    5668 : 00000000;
    5669 : 00000000;
    566A : 00000000;
    566B : 00000000;
    566C : 00000000;
    566D : 00000000;
    566E : 00000000;
    566F : 00000000;
    5670 : 00000000;
    5671 : 00000000;
    5672 : 00000000;
    5673 : 00000000;
    5674 : 00000000;
    5675 : 00000000;
    5676 : 00000000;
    5677 : 00000000;
    5678 : 00000000;
    5679 : 00000000;
    567A : 00000000;
    567B : 00000000;
    567C : 00000000;
    567D : 00000000;
    567E : 00000000;
    567F : 00000000;
    5680 : 00000000;
    5681 : 00000000;
    5682 : 00000000;
    5683 : 00000000;
    5684 : 00000000;
    5685 : 00000000;
    5686 : 00000000;
    5687 : 00000000;
    5688 : 00000000;
    5689 : 00000000;
    568A : 00000000;
    568B : 00000000;
    568C : 00000000;
    568D : 00000000;
    568E : 00000000;
    568F : 00000000;
    5690 : 00000000;
    5691 : 00000000;
    5692 : 00000000;
    5693 : 00000000;
    5694 : 00000000;
    5695 : 00000000;
    5696 : 00000000;
    5697 : 00000000;
    5698 : 00000000;
    5699 : 00000000;
    569A : 00000000;
    569B : 00000000;
    569C : 00000000;
    569D : 00000000;
    569E : 00000000;
    569F : 00000000;
    56A0 : 00000000;
    56A1 : 00000000;
    56A2 : 00000000;
    56A3 : 00000000;
    56A4 : 00000000;
    56A5 : 00000000;
    56A6 : 00000000;
    56A7 : 00000000;
    56A8 : 00000000;
    56A9 : 00000000;
    56AA : 00000000;
    56AB : 00000000;
    56AC : 00000000;
    56AD : 00000000;
    56AE : 00000000;
    56AF : 00000000;
    56B0 : 00000000;
    56B1 : 00000000;
    56B2 : 00000000;
    56B3 : 00000000;
    56B4 : 00000000;
    56B5 : 00000000;
    56B6 : 00000000;
    56B7 : 00000000;
    56B8 : 00000000;
    56B9 : 00000000;
    56BA : 00000000;
    56BB : 00000000;
    56BC : 00000000;
    56BD : 00000000;
    56BE : 00000000;
    56BF : 00000000;
    56C0 : 00000000;
    56C1 : 00000000;
    56C2 : 00000000;
    56C3 : 00000000;
    56C4 : 00000000;
    56C5 : 00000000;
    56C6 : 00000000;
    56C7 : 00000000;
    56C8 : 00000000;
    56C9 : 00000000;
    56CA : 00000000;
    56CB : 00000000;
    56CC : 00000000;
    56CD : 00000000;
    56CE : 00000000;
    56CF : 00000000;
    56D0 : 00000000;
    56D1 : 00000000;
    56D2 : 00000000;
    56D3 : 00000000;
    56D4 : 00000000;
    56D5 : 00000000;
    56D6 : 00000000;
    56D7 : 00000000;
    56D8 : 00000000;
    56D9 : 00000000;
    56DA : 00000000;
    56DB : 00000000;
    56DC : 00000000;
    56DD : 00000000;
    56DE : 00000000;
    56DF : 00000000;
    56E0 : 00000000;
    56E1 : 00000000;
    56E2 : 00000000;
    56E3 : 00000000;
    56E4 : 00000000;
    56E5 : 00000000;
    56E6 : 00000000;
    56E7 : 00000000;
    56E8 : 00000000;
    56E9 : 00000000;
    56EA : 00000000;
    56EB : 00000000;
    56EC : 00000000;
    56ED : 00000000;
    56EE : 00000000;
    56EF : 00000000;
    56F0 : 00000000;
    56F1 : 00000000;
    56F2 : 00000000;
    56F3 : 00000000;
    56F4 : 00000000;
    56F5 : 00000000;
    56F6 : 00000000;
    56F7 : 00000000;
    56F8 : 00000000;
    56F9 : 00000000;
    56FA : 00000000;
    56FB : 00000000;
    56FC : 00000000;
    56FD : 00000000;
    56FE : 00000000;
    56FF : 00000000;
    5700 : 00000000;
    5701 : 00000000;
    5702 : 00000000;
    5703 : 00000000;
    5704 : 00000000;
    5705 : 00000000;
    5706 : 00000000;
    5707 : 00000000;
    5708 : 00000000;
    5709 : 00000000;
    570A : 00000000;
    570B : 00000000;
    570C : 00000000;
    570D : 00000000;
    570E : 00000000;
    570F : 00000000;
    5710 : 00000000;
    5711 : 00000000;
    5712 : 00000000;
    5713 : 00000000;
    5714 : 00000000;
    5715 : 00000000;
    5716 : 00000000;
    5717 : 00000000;
    5718 : 00000000;
    5719 : 00000000;
    571A : 00000000;
    571B : 00000000;
    571C : 00000000;
    571D : 00000000;
    571E : 00000000;
    571F : 00000000;
    5720 : 00000000;
    5721 : 00000000;
    5722 : 00000000;
    5723 : 00000000;
    5724 : 00000000;
    5725 : 00000000;
    5726 : 00000000;
    5727 : 00000000;
    5728 : 00000000;
    5729 : 00000000;
    572A : 00000000;
    572B : 00000000;
    572C : 00000000;
    572D : 00000000;
    572E : 00000000;
    572F : 00000000;
    5730 : 00000000;
    5731 : 00000000;
    5732 : 00000000;
    5733 : 00000000;
    5734 : 00000000;
    5735 : 00000000;
    5736 : 00000000;
    5737 : 00000000;
    5738 : 00000000;
    5739 : 00000000;
    573A : 00000000;
    573B : 00000000;
    573C : 00000000;
    573D : 00000000;
    573E : 00000000;
    573F : 00000000;
    5740 : 00000000;
    5741 : 00000000;
    5742 : 00000000;
    5743 : 00000000;
    5744 : 00000000;
    5745 : 00000000;
    5746 : 00000000;
    5747 : 00000000;
    5748 : 00000000;
    5749 : 00000000;
    574A : 00000000;
    574B : 00000000;
    574C : 00000000;
    574D : 00000000;
    574E : 00000000;
    574F : 00000000;
    5750 : 00000000;
    5751 : 00000000;
    5752 : 00000000;
    5753 : 00000000;
    5754 : 00000000;
    5755 : 00000000;
    5756 : 00000000;
    5757 : 00000000;
    5758 : 00000000;
    5759 : 00000000;
    575A : 00000000;
    575B : 00000000;
    575C : 00000000;
    575D : 00000000;
    575E : 00000000;
    575F : 00000000;
    5760 : 00000000;
    5761 : 00000000;
    5762 : 00000000;
    5763 : 00000000;
    5764 : 00000000;
    5765 : 00000000;
    5766 : 00000000;
    5767 : 00000000;
    5768 : 00000000;
    5769 : 00000000;
    576A : 00000000;
    576B : 00000000;
    576C : 00000000;
    576D : 00000000;
    576E : 00000000;
    576F : 00000000;
    5770 : 00000000;
    5771 : 00000000;
    5772 : 00000000;
    5773 : 00000000;
    5774 : 00000000;
    5775 : 00000000;
    5776 : 00000000;
    5777 : 00000000;
    5778 : 00000000;
    5779 : 00000000;
    577A : 00000000;
    577B : 00000000;
    577C : 00000000;
    577D : 00000000;
    577E : 00000000;
    577F : 00000000;
    5780 : 00000000;
    5781 : 00000000;
    5782 : 00000000;
    5783 : 00000000;
    5784 : 00000000;
    5785 : 00000000;
    5786 : 00000000;
    5787 : 00000000;
    5788 : 00000000;
    5789 : 00000000;
    578A : 00000000;
    578B : 00000000;
    578C : 00000000;
    578D : 00000000;
    578E : 00000000;
    578F : 00000000;
    5790 : 00000000;
    5791 : 00000000;
    5792 : 00000000;
    5793 : 00000000;
    5794 : 00000000;
    5795 : 00000000;
    5796 : 00000000;
    5797 : 00000000;
    5798 : 00000000;
    5799 : 00000000;
    579A : 00000000;
    579B : 00000000;
    579C : 00000000;
    579D : 00000000;
    579E : 00000000;
    579F : 00000000;
    57A0 : 00000000;
    57A1 : 00000000;
    57A2 : 00000000;
    57A3 : 00000000;
    57A4 : 00000000;
    57A5 : 00000000;
    57A6 : 00000000;
    57A7 : 00000000;
    57A8 : 00000000;
    57A9 : 00000000;
    57AA : 00000000;
    57AB : 00000000;
    57AC : 00000000;
    57AD : 00000000;
    57AE : 00000000;
    57AF : 00000000;
    57B0 : 00000000;
    57B1 : 00000000;
    57B2 : 00000000;
    57B3 : 00000000;
    57B4 : 00000000;
    57B5 : 00000000;
    57B6 : 00000000;
    57B7 : 00000000;
    57B8 : 00000000;
    57B9 : 00000000;
    57BA : 00000000;
    57BB : 00000000;
    57BC : 00000000;
    57BD : 00000000;
    57BE : 00000000;
    57BF : 00000000;
    57C0 : 00000000;
    57C1 : 00000000;
    57C2 : 00000000;
    57C3 : 00000000;
    57C4 : 00000000;
    57C5 : 00000000;
    57C6 : 00000000;
    57C7 : 00000000;
    57C8 : 00000000;
    57C9 : 00000000;
    57CA : 00000000;
    57CB : 00000000;
    57CC : 00000000;
    57CD : 00000000;
    57CE : 00000000;
    57CF : 00000000;
    57D0 : 00000000;
    57D1 : 00000000;
    57D2 : 00000000;
    57D3 : 00000000;
    57D4 : 00000000;
    57D5 : 00000000;
    57D6 : 00000000;
    57D7 : 00000000;
    57D8 : 00000000;
    57D9 : 00000000;
    57DA : 00000000;
    57DB : 00000000;
    57DC : 00000000;
    57DD : 00000000;
    57DE : 00000000;
    57DF : 00000000;
    57E0 : 00000000;
    57E1 : 00000000;
    57E2 : 00000000;
    57E3 : 00000000;
    57E4 : 00000000;
    57E5 : 00000000;
    57E6 : 00000000;
    57E7 : 00000000;
    57E8 : 00000000;
    57E9 : 00000000;
    57EA : 00000000;
    57EB : 00000000;
    57EC : 00000000;
    57ED : 00000000;
    57EE : 00000000;
    57EF : 00000000;
    57F0 : 00000000;
    57F1 : 00000000;
    57F2 : 00000000;
    57F3 : 00000000;
    57F4 : 00000000;
    57F5 : 00000000;
    57F6 : 00000000;
    57F7 : 00000000;
    57F8 : 00000000;
    57F9 : 00000000;
    57FA : 00000000;
    57FB : 00000000;
    57FC : 00000000;
    57FD : 00000000;
    57FE : 00000000;
    57FF : 00000000;
    5800 : 00000000;
    5801 : 00000000;
    5802 : 00000000;
    5803 : 00000000;
    5804 : 00000000;
    5805 : 00000000;
    5806 : 00000000;
    5807 : 00000000;
    5808 : 00000000;
    5809 : 00000000;
    580A : 00000000;
    580B : 00000000;
    580C : 00000000;
    580D : 00000000;
    580E : 00000000;
    580F : 00000000;
    5810 : 00000000;
    5811 : 00000000;
    5812 : 00000000;
    5813 : 00000000;
    5814 : 00000000;
    5815 : 00000000;
    5816 : 00000000;
    5817 : 00000000;
    5818 : 00000000;
    5819 : 00000000;
    581A : 00000000;
    581B : 00000000;
    581C : 00000000;
    581D : 00000000;
    581E : 00000000;
    581F : 00000000;
    5820 : 00000000;
    5821 : 00000000;
    5822 : 00000000;
    5823 : 00000000;
    5824 : 00000000;
    5825 : 00000000;
    5826 : 00000000;
    5827 : 00000000;
    5828 : 00000000;
    5829 : 00000000;
    582A : 00000000;
    582B : 00000000;
    582C : 00000000;
    582D : 00000000;
    582E : 00000000;
    582F : 00000000;
    5830 : 00000000;
    5831 : 00000000;
    5832 : 00000000;
    5833 : 00000000;
    5834 : 00000000;
    5835 : 00000000;
    5836 : 00000000;
    5837 : 00000000;
    5838 : 00000000;
    5839 : 00000000;
    583A : 00000000;
    583B : 00000000;
    583C : 00000000;
    583D : 00000000;
    583E : 00000000;
    583F : 00000000;
    5840 : 00000000;
    5841 : 00000000;
    5842 : 00000000;
    5843 : 00000000;
    5844 : 00000000;
    5845 : 00000000;
    5846 : 00000000;
    5847 : 00000000;
    5848 : 00000000;
    5849 : 00000000;
    584A : 00000000;
    584B : 00000000;
    584C : 00000000;
    584D : 00000000;
    584E : 00000000;
    584F : 00000000;
    5850 : 00000000;
    5851 : 00000000;
    5852 : 00000000;
    5853 : 00000000;
    5854 : 00000000;
    5855 : 00000000;
    5856 : 00000000;
    5857 : 00000000;
    5858 : 00000000;
    5859 : 00000000;
    585A : 00000000;
    585B : 00000000;
    585C : 00000000;
    585D : 00000000;
    585E : 00000000;
    585F : 00000000;
    5860 : 00000000;
    5861 : 00000000;
    5862 : 00000000;
    5863 : 00000000;
    5864 : 00000000;
    5865 : 00000000;
    5866 : 00000000;
    5867 : 00000000;
    5868 : 00000000;
    5869 : 00000000;
    586A : 00000000;
    586B : 00000000;
    586C : 00000000;
    586D : 00000000;
    586E : 00000000;
    586F : 00000000;
    5870 : 00000000;
    5871 : 00000000;
    5872 : 00000000;
    5873 : 00000000;
    5874 : 00000000;
    5875 : 00000000;
    5876 : 00000000;
    5877 : 00000000;
    5878 : 00000000;
    5879 : 00000000;
    587A : 00000000;
    587B : 00000000;
    587C : 00000000;
    587D : 00000000;
    587E : 00000000;
    587F : 00000000;
    5880 : 00000000;
    5881 : 00000000;
    5882 : 00000000;
    5883 : 00000000;
    5884 : 00000000;
    5885 : 00000000;
    5886 : 00000000;
    5887 : 00000000;
    5888 : 00000000;
    5889 : 00000000;
    588A : 00000000;
    588B : 00000000;
    588C : 00000000;
    588D : 00000000;
    588E : 00000000;
    588F : 00000000;
    5890 : 00000000;
    5891 : 00000000;
    5892 : 00000000;
    5893 : 00000000;
    5894 : 00000000;
    5895 : 00000000;
    5896 : 00000000;
    5897 : 00000000;
    5898 : 00000000;
    5899 : 00000000;
    589A : 00000000;
    589B : 00000000;
    589C : 00000000;
    589D : 00000000;
    589E : 00000000;
    589F : 00000000;
    58A0 : 00000000;
    58A1 : 00000000;
    58A2 : 00000000;
    58A3 : 00000000;
    58A4 : 00000000;
    58A5 : 00000000;
    58A6 : 00000000;
    58A7 : 00000000;
    58A8 : 00000000;
    58A9 : 00000000;
    58AA : 00000000;
    58AB : 00000000;
    58AC : 00000000;
    58AD : 00000000;
    58AE : 00000000;
    58AF : 00000000;
    58B0 : 00000000;
    58B1 : 00000000;
    58B2 : 00000000;
    58B3 : 00000000;
    58B4 : 00000000;
    58B5 : 00000000;
    58B6 : 00000000;
    58B7 : 00000000;
    58B8 : 00000000;
    58B9 : 00000000;
    58BA : 00000000;
    58BB : 00000000;
    58BC : 00000000;
    58BD : 00000000;
    58BE : 00000000;
    58BF : 00000000;
    58C0 : 00000000;
    58C1 : 00000000;
    58C2 : 00000000;
    58C3 : 00000000;
    58C4 : 00000000;
    58C5 : 00000000;
    58C6 : 00000000;
    58C7 : 00000000;
    58C8 : 00000000;
    58C9 : 00000000;
    58CA : 00000000;
    58CB : 00000000;
    58CC : 00000000;
    58CD : 00000000;
    58CE : 00000000;
    58CF : 00000000;
    58D0 : 00000000;
    58D1 : 00000000;
    58D2 : 00000000;
    58D3 : 00000000;
    58D4 : 00000000;
    58D5 : 00000000;
    58D6 : 00000000;
    58D7 : 00000000;
    58D8 : 00000000;
    58D9 : 00000000;
    58DA : 00000000;
    58DB : 00000000;
    58DC : 00000000;
    58DD : 00000000;
    58DE : 00000000;
    58DF : 00000000;
    58E0 : 00000000;
    58E1 : 00000000;
    58E2 : 00000000;
    58E3 : 00000000;
    58E4 : 00000000;
    58E5 : 00000000;
    58E6 : 00000000;
    58E7 : 00000000;
    58E8 : 00000000;
    58E9 : 00000000;
    58EA : 00000000;
    58EB : 00000000;
    58EC : 00000000;
    58ED : 00000000;
    58EE : 00000000;
    58EF : 00000000;
    58F0 : 00000000;
    58F1 : 00000000;
    58F2 : 00000000;
    58F3 : 00000000;
    58F4 : 00000000;
    58F5 : 00000000;
    58F6 : 00000000;
    58F7 : 00000000;
    58F8 : 00000000;
    58F9 : 00000000;
    58FA : 00000000;
    58FB : 00000000;
    58FC : 00000000;
    58FD : 00000000;
    58FE : 00000000;
    58FF : 00000000;
    5900 : 00000000;
    5901 : 00000000;
    5902 : 00000000;
    5903 : 00000000;
    5904 : 00000000;
    5905 : 00000000;
    5906 : 00000000;
    5907 : 00000000;
    5908 : 00000000;
    5909 : 00000000;
    590A : 00000000;
    590B : 00000000;
    590C : 00000000;
    590D : 00000000;
    590E : 00000000;
    590F : 00000000;
    5910 : 00000000;
    5911 : 00000000;
    5912 : 00000000;
    5913 : 00000000;
    5914 : 00000000;
    5915 : 00000000;
    5916 : 00000000;
    5917 : 00000000;
    5918 : 00000000;
    5919 : 00000000;
    591A : 00000000;
    591B : 00000000;
    591C : 00000000;
    591D : 00000000;
    591E : 00000000;
    591F : 00000000;
    5920 : 00000000;
    5921 : 00000000;
    5922 : 00000000;
    5923 : 00000000;
    5924 : 00000000;
    5925 : 00000000;
    5926 : 00000000;
    5927 : 00000000;
    5928 : 00000000;
    5929 : 00000000;
    592A : 00000000;
    592B : 00000000;
    592C : 00000000;
    592D : 00000000;
    592E : 00000000;
    592F : 00000000;
    5930 : 00000000;
    5931 : 00000000;
    5932 : 00000000;
    5933 : 00000000;
    5934 : 00000000;
    5935 : 00000000;
    5936 : 00000000;
    5937 : 00000000;
    5938 : 00000000;
    5939 : 00000000;
    593A : 00000000;
    593B : 00000000;
    593C : 00000000;
    593D : 00000000;
    593E : 00000000;
    593F : 00000000;
    5940 : 00000000;
    5941 : 00000000;
    5942 : 00000000;
    5943 : 00000000;
    5944 : 00000000;
    5945 : 00000000;
    5946 : 00000000;
    5947 : 00000000;
    5948 : 00000000;
    5949 : 00000000;
    594A : 00000000;
    594B : 00000000;
    594C : 00000000;
    594D : 00000000;
    594E : 00000000;
    594F : 00000000;
    5950 : 00000000;
    5951 : 00000000;
    5952 : 00000000;
    5953 : 00000000;
    5954 : 00000000;
    5955 : 00000000;
    5956 : 00000000;
    5957 : 00000000;
    5958 : 00000000;
    5959 : 00000000;
    595A : 00000000;
    595B : 00000000;
    595C : 00000000;
    595D : 00000000;
    595E : 00000000;
    595F : 00000000;
    5960 : 00000000;
    5961 : 00000000;
    5962 : 00000000;
    5963 : 00000000;
    5964 : 00000000;
    5965 : 00000000;
    5966 : 00000000;
    5967 : 00000000;
    5968 : 00000000;
    5969 : 00000000;
    596A : 00000000;
    596B : 00000000;
    596C : 00000000;
    596D : 00000000;
    596E : 00000000;
    596F : 00000000;
    5970 : 00000000;
    5971 : 00000000;
    5972 : 00000000;
    5973 : 00000000;
    5974 : 00000000;
    5975 : 00000000;
    5976 : 00000000;
    5977 : 00000000;
    5978 : 00000000;
    5979 : 00000000;
    597A : 00000000;
    597B : 00000000;
    597C : 00000000;
    597D : 00000000;
    597E : 00000000;
    597F : 00000000;
    5980 : 00000000;
    5981 : 00000000;
    5982 : 00000000;
    5983 : 00000000;
    5984 : 00000000;
    5985 : 00000000;
    5986 : 00000000;
    5987 : 00000000;
    5988 : 00000000;
    5989 : 00000000;
    598A : 00000000;
    598B : 00000000;
    598C : 00000000;
    598D : 00000000;
    598E : 00000000;
    598F : 00000000;
    5990 : 00000000;
    5991 : 00000000;
    5992 : 00000000;
    5993 : 00000000;
    5994 : 00000000;
    5995 : 00000000;
    5996 : 00000000;
    5997 : 00000000;
    5998 : 00000000;
    5999 : 00000000;
    599A : 00000000;
    599B : 00000000;
    599C : 00000000;
    599D : 00000000;
    599E : 00000000;
    599F : 00000000;
    59A0 : 00000000;
    59A1 : 00000000;
    59A2 : 00000000;
    59A3 : 00000000;
    59A4 : 00000000;
    59A5 : 00000000;
    59A6 : 00000000;
    59A7 : 00000000;
    59A8 : 00000000;
    59A9 : 00000000;
    59AA : 00000000;
    59AB : 00000000;
    59AC : 00000000;
    59AD : 00000000;
    59AE : 00000000;
    59AF : 00000000;
    59B0 : 00000000;
    59B1 : 00000000;
    59B2 : 00000000;
    59B3 : 00000000;
    59B4 : 00000000;
    59B5 : 00000000;
    59B6 : 00000000;
    59B7 : 00000000;
    59B8 : 00000000;
    59B9 : 00000000;
    59BA : 00000000;
    59BB : 00000000;
    59BC : 00000000;
    59BD : 00000000;
    59BE : 00000000;
    59BF : 00000000;
    59C0 : 00000000;
    59C1 : 00000000;
    59C2 : 00000000;
    59C3 : 00000000;
    59C4 : 00000000;
    59C5 : 00000000;
    59C6 : 00000000;
    59C7 : 00000000;
    59C8 : 00000000;
    59C9 : 00000000;
    59CA : 00000000;
    59CB : 00000000;
    59CC : 00000000;
    59CD : 00000000;
    59CE : 00000000;
    59CF : 00000000;
    59D0 : 00000000;
    59D1 : 00000000;
    59D2 : 00000000;
    59D3 : 00000000;
    59D4 : 00000000;
    59D5 : 00000000;
    59D6 : 00000000;
    59D7 : 00000000;
    59D8 : 00000000;
    59D9 : 00000000;
    59DA : 00000000;
    59DB : 00000000;
    59DC : 00000000;
    59DD : 00000000;
    59DE : 00000000;
    59DF : 00000000;
    59E0 : 00000000;
    59E1 : 00000000;
    59E2 : 00000000;
    59E3 : 00000000;
    59E4 : 00000000;
    59E5 : 00000000;
    59E6 : 00000000;
    59E7 : 00000000;
    59E8 : 00000000;
    59E9 : 00000000;
    59EA : 00000000;
    59EB : 00000000;
    59EC : 00000000;
    59ED : 00000000;
    59EE : 00000000;
    59EF : 00000000;
    59F0 : 00000000;
    59F1 : 00000000;
    59F2 : 00000000;
    59F3 : 00000000;
    59F4 : 00000000;
    59F5 : 00000000;
    59F6 : 00000000;
    59F7 : 00000000;
    59F8 : 00000000;
    59F9 : 00000000;
    59FA : 00000000;
    59FB : 00000000;
    59FC : 00000000;
    59FD : 00000000;
    59FE : 00000000;
    59FF : 00000000;
    5A00 : 00000000;
    5A01 : 00000000;
    5A02 : 00000000;
    5A03 : 00000000;
    5A04 : 00000000;
    5A05 : 00000000;
    5A06 : 00000000;
    5A07 : 00000000;
    5A08 : 00000000;
    5A09 : 00000000;
    5A0A : 00000000;
    5A0B : 00000000;
    5A0C : 00000000;
    5A0D : 00000000;
    5A0E : 00000000;
    5A0F : 00000000;
    5A10 : 00000000;
    5A11 : 00000000;
    5A12 : 00000000;
    5A13 : 00000000;
    5A14 : 00000000;
    5A15 : 00000000;
    5A16 : 00000000;
    5A17 : 00000000;
    5A18 : 00000000;
    5A19 : 00000000;
    5A1A : 00000000;
    5A1B : 00000000;
    5A1C : 00000000;
    5A1D : 00000000;
    5A1E : 00000000;
    5A1F : 00000000;
    5A20 : 00000000;
    5A21 : 00000000;
    5A22 : 00000000;
    5A23 : 00000000;
    5A24 : 00000000;
    5A25 : 00000000;
    5A26 : 00000000;
    5A27 : 00000000;
    5A28 : 00000000;
    5A29 : 00000000;
    5A2A : 00000000;
    5A2B : 00000000;
    5A2C : 00000000;
    5A2D : 00000000;
    5A2E : 00000000;
    5A2F : 00000000;
    5A30 : 00000000;
    5A31 : 00000000;
    5A32 : 00000000;
    5A33 : 00000000;
    5A34 : 00000000;
    5A35 : 00000000;
    5A36 : 00000000;
    5A37 : 00000000;
    5A38 : 00000000;
    5A39 : 00000000;
    5A3A : 00000000;
    5A3B : 00000000;
    5A3C : 00000000;
    5A3D : 00000000;
    5A3E : 00000000;
    5A3F : 00000000;
    5A40 : 00000000;
    5A41 : 00000000;
    5A42 : 00000000;
    5A43 : 00000000;
    5A44 : 00000000;
    5A45 : 00000000;
    5A46 : 00000000;
    5A47 : 00000000;
    5A48 : 00000000;
    5A49 : 00000000;
    5A4A : 00000000;
    5A4B : 00000000;
    5A4C : 00000000;
    5A4D : 00000000;
    5A4E : 00000000;
    5A4F : 00000000;
    5A50 : 00000000;
    5A51 : 00000000;
    5A52 : 00000000;
    5A53 : 00000000;
    5A54 : 00000000;
    5A55 : 00000000;
    5A56 : 00000000;
    5A57 : 00000000;
    5A58 : 00000000;
    5A59 : 00000000;
    5A5A : 00000000;
    5A5B : 00000000;
    5A5C : 00000000;
    5A5D : 00000000;
    5A5E : 00000000;
    5A5F : 00000000;
    5A60 : 00000000;
    5A61 : 00000000;
    5A62 : 00000000;
    5A63 : 00000000;
    5A64 : 00000000;
    5A65 : 00000000;
    5A66 : 00000000;
    5A67 : 00000000;
    5A68 : 00000000;
    5A69 : 00000000;
    5A6A : 00000000;
    5A6B : 00000000;
    5A6C : 00000000;
    5A6D : 00000000;
    5A6E : 00000000;
    5A6F : 00000000;
    5A70 : 00000000;
    5A71 : 00000000;
    5A72 : 00000000;
    5A73 : 00000000;
    5A74 : 00000000;
    5A75 : 00000000;
    5A76 : 00000000;
    5A77 : 00000000;
    5A78 : 00000000;
    5A79 : 00000000;
    5A7A : 00000000;
    5A7B : 00000000;
    5A7C : 00000000;
    5A7D : 00000000;
    5A7E : 00000000;
    5A7F : 00000000;
    5A80 : 00000000;
    5A81 : 00000000;
    5A82 : 00000000;
    5A83 : 00000000;
    5A84 : 00000000;
    5A85 : 00000000;
    5A86 : 00000000;
    5A87 : 00000000;
    5A88 : 00000000;
    5A89 : 00000000;
    5A8A : 00000000;
    5A8B : 00000000;
    5A8C : 00000000;
    5A8D : 00000000;
    5A8E : 00000000;
    5A8F : 00000000;
    5A90 : 00000000;
    5A91 : 00000000;
    5A92 : 00000000;
    5A93 : 00000000;
    5A94 : 00000000;
    5A95 : 00000000;
    5A96 : 00000000;
    5A97 : 00000000;
    5A98 : 00000000;
    5A99 : 00000000;
    5A9A : 00000000;
    5A9B : 00000000;
    5A9C : 00000000;
    5A9D : 00000000;
    5A9E : 00000000;
    5A9F : 00000000;
    5AA0 : 00000000;
    5AA1 : 00000000;
    5AA2 : 00000000;
    5AA3 : 00000000;
    5AA4 : 00000000;
    5AA5 : 00000000;
    5AA6 : 00000000;
    5AA7 : 00000000;
    5AA8 : 00000000;
    5AA9 : 00000000;
    5AAA : 00000000;
    5AAB : 00000000;
    5AAC : 00000000;
    5AAD : 00000000;
    5AAE : 00000000;
    5AAF : 00000000;
    5AB0 : 00000000;
    5AB1 : 00000000;
    5AB2 : 00000000;
    5AB3 : 00000000;
    5AB4 : 00000000;
    5AB5 : 00000000;
    5AB6 : 00000000;
    5AB7 : 00000000;
    5AB8 : 00000000;
    5AB9 : 00000000;
    5ABA : 00000000;
    5ABB : 00000000;
    5ABC : 00000000;
    5ABD : 00000000;
    5ABE : 00000000;
    5ABF : 00000000;
    5AC0 : 00000000;
    5AC1 : 00000000;
    5AC2 : 00000000;
    5AC3 : 00000000;
    5AC4 : 00000000;
    5AC5 : 00000000;
    5AC6 : 00000000;
    5AC7 : 00000000;
    5AC8 : 00000000;
    5AC9 : 00000000;
    5ACA : 00000000;
    5ACB : 00000000;
    5ACC : 00000000;
    5ACD : 00000000;
    5ACE : 00000000;
    5ACF : 00000000;
    5AD0 : 00000000;
    5AD1 : 00000000;
    5AD2 : 00000000;
    5AD3 : 00000000;
    5AD4 : 00000000;
    5AD5 : 00000000;
    5AD6 : 00000000;
    5AD7 : 00000000;
    5AD8 : 00000000;
    5AD9 : 00000000;
    5ADA : 00000000;
    5ADB : 00000000;
    5ADC : 00000000;
    5ADD : 00000000;
    5ADE : 00000000;
    5ADF : 00000000;
    5AE0 : 00000000;
    5AE1 : 00000000;
    5AE2 : 00000000;
    5AE3 : 00000000;
    5AE4 : 00000000;
    5AE5 : 00000000;
    5AE6 : 00000000;
    5AE7 : 00000000;
    5AE8 : 00000000;
    5AE9 : 00000000;
    5AEA : 00000000;
    5AEB : 00000000;
    5AEC : 00000000;
    5AED : 00000000;
    5AEE : 00000000;
    5AEF : 00000000;
    5AF0 : 00000000;
    5AF1 : 00000000;
    5AF2 : 00000000;
    5AF3 : 00000000;
    5AF4 : 00000000;
    5AF5 : 00000000;
    5AF6 : 00000000;
    5AF7 : 00000000;
    5AF8 : 00000000;
    5AF9 : 00000000;
    5AFA : 00000000;
    5AFB : 00000000;
    5AFC : 00000000;
    5AFD : 00000000;
    5AFE : 00000000;
    5AFF : 00000000;
    5B00 : 00000000;
    5B01 : 00000000;
    5B02 : 00000000;
    5B03 : 00000000;
    5B04 : 00000000;
    5B05 : 00000000;
    5B06 : 00000000;
    5B07 : 00000000;
    5B08 : 00000000;
    5B09 : 00000000;
    5B0A : 00000000;
    5B0B : 00000000;
    5B0C : 00000000;
    5B0D : 00000000;
    5B0E : 00000000;
    5B0F : 00000000;
    5B10 : 00000000;
    5B11 : 00000000;
    5B12 : 00000000;
    5B13 : 00000000;
    5B14 : 00000000;
    5B15 : 00000000;
    5B16 : 00000000;
    5B17 : 00000000;
    5B18 : 00000000;
    5B19 : 00000000;
    5B1A : 00000000;
    5B1B : 00000000;
    5B1C : 00000000;
    5B1D : 00000000;
    5B1E : 00000000;
    5B1F : 00000000;
    5B20 : 00000000;
    5B21 : 00000000;
    5B22 : 00000000;
    5B23 : 00000000;
    5B24 : 00000000;
    5B25 : 00000000;
    5B26 : 00000000;
    5B27 : 00000000;
    5B28 : 00000000;
    5B29 : 00000000;
    5B2A : 00000000;
    5B2B : 00000000;
    5B2C : 00000000;
    5B2D : 00000000;
    5B2E : 00000000;
    5B2F : 00000000;
    5B30 : 00000000;
    5B31 : 00000000;
    5B32 : 00000000;
    5B33 : 00000000;
    5B34 : 00000000;
    5B35 : 00000000;
    5B36 : 00000000;
    5B37 : 00000000;
    5B38 : 00000000;
    5B39 : 00000000;
    5B3A : 00000000;
    5B3B : 00000000;
    5B3C : 00000000;
    5B3D : 00000000;
    5B3E : 00000000;
    5B3F : 00000000;
    5B40 : 00000000;
    5B41 : 00000000;
    5B42 : 00000000;
    5B43 : 00000000;
    5B44 : 00000000;
    5B45 : 00000000;
    5B46 : 00000000;
    5B47 : 00000000;
    5B48 : 00000000;
    5B49 : 00000000;
    5B4A : 00000000;
    5B4B : 00000000;
    5B4C : 00000000;
    5B4D : 00000000;
    5B4E : 00000000;
    5B4F : 00000000;
    5B50 : 00000000;
    5B51 : 00000000;
    5B52 : 00000000;
    5B53 : 00000000;
    5B54 : 00000000;
    5B55 : 00000000;
    5B56 : 00000000;
    5B57 : 00000000;
    5B58 : 00000000;
    5B59 : 00000000;
    5B5A : 00000000;
    5B5B : 00000000;
    5B5C : 00000000;
    5B5D : 00000000;
    5B5E : 00000000;
    5B5F : 00000000;
    5B60 : 00000000;
    5B61 : 00000000;
    5B62 : 00000000;
    5B63 : 00000000;
    5B64 : 00000000;
    5B65 : 00000000;
    5B66 : 00000000;
    5B67 : 00000000;
    5B68 : 00000000;
    5B69 : 00000000;
    5B6A : 00000000;
    5B6B : 00000000;
    5B6C : 00000000;
    5B6D : 00000000;
    5B6E : 00000000;
    5B6F : 00000000;
    5B70 : 00000000;
    5B71 : 00000000;
    5B72 : 00000000;
    5B73 : 00000000;
    5B74 : 00000000;
    5B75 : 00000000;
    5B76 : 00000000;
    5B77 : 00000000;
    5B78 : 00000000;
    5B79 : 00000000;
    5B7A : 00000000;
    5B7B : 00000000;
    5B7C : 00000000;
    5B7D : 00000000;
    5B7E : 00000000;
    5B7F : 00000000;
    5B80 : 00000000;
    5B81 : 00000000;
    5B82 : 00000000;
    5B83 : 00000000;
    5B84 : 00000000;
    5B85 : 00000000;
    5B86 : 00000000;
    5B87 : 00000000;
    5B88 : 00000000;
    5B89 : 00000000;
    5B8A : 00000000;
    5B8B : 00000000;
    5B8C : 00000000;
    5B8D : 00000000;
    5B8E : 00000000;
    5B8F : 00000000;
    5B90 : 00000000;
    5B91 : 00000000;
    5B92 : 00000000;
    5B93 : 00000000;
    5B94 : 00000000;
    5B95 : 00000000;
    5B96 : 00000000;
    5B97 : 00000000;
    5B98 : 00000000;
    5B99 : 00000000;
    5B9A : 00000000;
    5B9B : 00000000;
    5B9C : 00000000;
    5B9D : 00000000;
    5B9E : 00000000;
    5B9F : 00000000;
    5BA0 : 00000000;
    5BA1 : 00000000;
    5BA2 : 00000000;
    5BA3 : 00000000;
    5BA4 : 00000000;
    5BA5 : 00000000;
    5BA6 : 00000000;
    5BA7 : 00000000;
    5BA8 : 00000000;
    5BA9 : 00000000;
    5BAA : 00000000;
    5BAB : 00000000;
    5BAC : 00000000;
    5BAD : 00000000;
    5BAE : 00000000;
    5BAF : 00000000;
    5BB0 : 00000000;
    5BB1 : 00000000;
    5BB2 : 00000000;
    5BB3 : 00000000;
    5BB4 : 00000000;
    5BB5 : 00000000;
    5BB6 : 00000000;
    5BB7 : 00000000;
    5BB8 : 00000000;
    5BB9 : 00000000;
    5BBA : 00000000;
    5BBB : 00000000;
    5BBC : 00000000;
    5BBD : 00000000;
    5BBE : 00000000;
    5BBF : 00000000;
    5BC0 : 00000000;
    5BC1 : 00000000;
    5BC2 : 00000000;
    5BC3 : 00000000;
    5BC4 : 00000000;
    5BC5 : 00000000;
    5BC6 : 00000000;
    5BC7 : 00000000;
    5BC8 : 00000000;
    5BC9 : 00000000;
    5BCA : 00000000;
    5BCB : 00000000;
    5BCC : 00000000;
    5BCD : 00000000;
    5BCE : 00000000;
    5BCF : 00000000;
    5BD0 : 00000000;
    5BD1 : 00000000;
    5BD2 : 00000000;
    5BD3 : 00000000;
    5BD4 : 00000000;
    5BD5 : 00000000;
    5BD6 : 00000000;
    5BD7 : 00000000;
    5BD8 : 00000000;
    5BD9 : 00000000;
    5BDA : 00000000;
    5BDB : 00000000;
    5BDC : 00000000;
    5BDD : 00000000;
    5BDE : 00000000;
    5BDF : 00000000;
    5BE0 : 00000000;
    5BE1 : 00000000;
    5BE2 : 00000000;
    5BE3 : 00000000;
    5BE4 : 00000000;
    5BE5 : 00000000;
    5BE6 : 00000000;
    5BE7 : 00000000;
    5BE8 : 00000000;
    5BE9 : 00000000;
    5BEA : 00000000;
    5BEB : 00000000;
    5BEC : 00000000;
    5BED : 00000000;
    5BEE : 00000000;
    5BEF : 00000000;
    5BF0 : 00000000;
    5BF1 : 00000000;
    5BF2 : 00000000;
    5BF3 : 00000000;
    5BF4 : 00000000;
    5BF5 : 00000000;
    5BF6 : 00000000;
    5BF7 : 00000000;
    5BF8 : 00000000;
    5BF9 : 00000000;
    5BFA : 00000000;
    5BFB : 00000000;
    5BFC : 00000000;
    5BFD : 00000000;
    5BFE : 00000000;
    5BFF : 00000000;
    5C00 : 00000000;
    5C01 : 00000000;
    5C02 : 00000000;
    5C03 : 00000000;
    5C04 : 00000000;
    5C05 : 00000000;
    5C06 : 00000000;
    5C07 : 00000000;
    5C08 : 00000000;
    5C09 : 00000000;
    5C0A : 00000000;
    5C0B : 00000000;
    5C0C : 00000000;
    5C0D : 00000000;
    5C0E : 00000000;
    5C0F : 00000000;
    5C10 : 00000000;
    5C11 : 00000000;
    5C12 : 00000000;
    5C13 : 00000000;
    5C14 : 00000000;
    5C15 : 00000000;
    5C16 : 00000000;
    5C17 : 00000000;
    5C18 : 00000000;
    5C19 : 00000000;
    5C1A : 00000000;
    5C1B : 00000000;
    5C1C : 00000000;
    5C1D : 00000000;
    5C1E : 00000000;
    5C1F : 00000000;
    5C20 : 00000000;
    5C21 : 00000000;
    5C22 : 00000000;
    5C23 : 00000000;
    5C24 : 00000000;
    5C25 : 00000000;
    5C26 : 00000000;
    5C27 : 00000000;
    5C28 : 00000000;
    5C29 : 00000000;
    5C2A : 00000000;
    5C2B : 00000000;
    5C2C : 00000000;
    5C2D : 00000000;
    5C2E : 00000000;
    5C2F : 00000000;
    5C30 : 00000000;
    5C31 : 00000000;
    5C32 : 00000000;
    5C33 : 00000000;
    5C34 : 00000000;
    5C35 : 00000000;
    5C36 : 00000000;
    5C37 : 00000000;
    5C38 : 00000000;
    5C39 : 00000000;
    5C3A : 00000000;
    5C3B : 00000000;
    5C3C : 00000000;
    5C3D : 00000000;
    5C3E : 00000000;
    5C3F : 00000000;
    5C40 : 00000000;
    5C41 : 00000000;
    5C42 : 00000000;
    5C43 : 00000000;
    5C44 : 00000000;
    5C45 : 00000000;
    5C46 : 00000000;
    5C47 : 00000000;
    5C48 : 00000000;
    5C49 : 00000000;
    5C4A : 00000000;
    5C4B : 00000000;
    5C4C : 00000000;
    5C4D : 00000000;
    5C4E : 00000000;
    5C4F : 00000000;
    5C50 : 00000000;
    5C51 : 00000000;
    5C52 : 00000000;
    5C53 : 00000000;
    5C54 : 00000000;
    5C55 : 00000000;
    5C56 : 00000000;
    5C57 : 00000000;
    5C58 : 00000000;
    5C59 : 00000000;
    5C5A : 00000000;
    5C5B : 00000000;
    5C5C : 00000000;
    5C5D : 00000000;
    5C5E : 00000000;
    5C5F : 00000000;
    5C60 : 00000000;
    5C61 : 00000000;
    5C62 : 00000000;
    5C63 : 00000000;
    5C64 : 00000000;
    5C65 : 00000000;
    5C66 : 00000000;
    5C67 : 00000000;
    5C68 : 00000000;
    5C69 : 00000000;
    5C6A : 00000000;
    5C6B : 00000000;
    5C6C : 00000000;
    5C6D : 00000000;
    5C6E : 00000000;
    5C6F : 00000000;
    5C70 : 00000000;
    5C71 : 00000000;
    5C72 : 00000000;
    5C73 : 00000000;
    5C74 : 00000000;
    5C75 : 00000000;
    5C76 : 00000000;
    5C77 : 00000000;
    5C78 : 00000000;
    5C79 : 00000000;
    5C7A : 00000000;
    5C7B : 00000000;
    5C7C : 00000000;
    5C7D : 00000000;
    5C7E : 00000000;
    5C7F : 00000000;
    5C80 : 00000000;
    5C81 : 00000000;
    5C82 : 00000000;
    5C83 : 00000000;
    5C84 : 00000000;
    5C85 : 00000000;
    5C86 : 00000000;
    5C87 : 00000000;
    5C88 : 00000000;
    5C89 : 00000000;
    5C8A : 00000000;
    5C8B : 00000000;
    5C8C : 00000000;
    5C8D : 00000000;
    5C8E : 00000000;
    5C8F : 00000000;
    5C90 : 00000000;
    5C91 : 00000000;
    5C92 : 00000000;
    5C93 : 00000000;
    5C94 : 00000000;
    5C95 : 00000000;
    5C96 : 00000000;
    5C97 : 00000000;
    5C98 : 00000000;
    5C99 : 00000000;
    5C9A : 00000000;
    5C9B : 00000000;
    5C9C : 00000000;
    5C9D : 00000000;
    5C9E : 00000000;
    5C9F : 00000000;
    5CA0 : 00000000;
    5CA1 : 00000000;
    5CA2 : 00000000;
    5CA3 : 00000000;
    5CA4 : 00000000;
    5CA5 : 00000000;
    5CA6 : 00000000;
    5CA7 : 00000000;
    5CA8 : 00000000;
    5CA9 : 00000000;
    5CAA : 00000000;
    5CAB : 00000000;
    5CAC : 00000000;
    5CAD : 00000000;
    5CAE : 00000000;
    5CAF : 00000000;
    5CB0 : 00000000;
    5CB1 : 00000000;
    5CB2 : 00000000;
    5CB3 : 00000000;
    5CB4 : 00000000;
    5CB5 : 00000000;
    5CB6 : 00000000;
    5CB7 : 00000000;
    5CB8 : 00000000;
    5CB9 : 00000000;
    5CBA : 00000000;
    5CBB : 00000000;
    5CBC : 00000000;
    5CBD : 00000000;
    5CBE : 00000000;
    5CBF : 00000000;
    5CC0 : 00000000;
    5CC1 : 00000000;
    5CC2 : 00000000;
    5CC3 : 00000000;
    5CC4 : 00000000;
    5CC5 : 00000000;
    5CC6 : 00000000;
    5CC7 : 00000000;
    5CC8 : 00000000;
    5CC9 : 00000000;
    5CCA : 00000000;
    5CCB : 00000000;
    5CCC : 00000000;
    5CCD : 00000000;
    5CCE : 00000000;
    5CCF : 00000000;
    5CD0 : 00000000;
    5CD1 : 00000000;
    5CD2 : 00000000;
    5CD3 : 00000000;
    5CD4 : 00000000;
    5CD5 : 00000000;
    5CD6 : 00000000;
    5CD7 : 00000000;
    5CD8 : 00000000;
    5CD9 : 00000000;
    5CDA : 00000000;
    5CDB : 00000000;
    5CDC : 00000000;
    5CDD : 00000000;
    5CDE : 00000000;
    5CDF : 00000000;
    5CE0 : 00000000;
    5CE1 : 00000000;
    5CE2 : 00000000;
    5CE3 : 00000000;
    5CE4 : 00000000;
    5CE5 : 00000000;
    5CE6 : 00000000;
    5CE7 : 00000000;
    5CE8 : 00000000;
    5CE9 : 00000000;
    5CEA : 00000000;
    5CEB : 00000000;
    5CEC : 00000000;
    5CED : 00000000;
    5CEE : 00000000;
    5CEF : 00000000;
    5CF0 : 00000000;
    5CF1 : 00000000;
    5CF2 : 00000000;
    5CF3 : 00000000;
    5CF4 : 00000000;
    5CF5 : 00000000;
    5CF6 : 00000000;
    5CF7 : 00000000;
    5CF8 : 00000000;
    5CF9 : 00000000;
    5CFA : 00000000;
    5CFB : 00000000;
    5CFC : 00000000;
    5CFD : 00000000;
    5CFE : 00000000;
    5CFF : 00000000;
    5D00 : 00000000;
    5D01 : 00000000;
    5D02 : 00000000;
    5D03 : 00000000;
    5D04 : 00000000;
    5D05 : 00000000;
    5D06 : 00000000;
    5D07 : 00000000;
    5D08 : 00000000;
    5D09 : 00000000;
    5D0A : 00000000;
    5D0B : 00000000;
    5D0C : 00000000;
    5D0D : 00000000;
    5D0E : 00000000;
    5D0F : 00000000;
    5D10 : 00000000;
    5D11 : 00000000;
    5D12 : 00000000;
    5D13 : 00000000;
    5D14 : 00000000;
    5D15 : 00000000;
    5D16 : 00000000;
    5D17 : 00000000;
    5D18 : 00000000;
    5D19 : 00000000;
    5D1A : 00000000;
    5D1B : 00000000;
    5D1C : 00000000;
    5D1D : 00000000;
    5D1E : 00000000;
    5D1F : 00000000;
    5D20 : 00000000;
    5D21 : 00000000;
    5D22 : 00000000;
    5D23 : 00000000;
    5D24 : 00000000;
    5D25 : 00000000;
    5D26 : 00000000;
    5D27 : 00000000;
    5D28 : 00000000;
    5D29 : 00000000;
    5D2A : 00000000;
    5D2B : 00000000;
    5D2C : 00000000;
    5D2D : 00000000;
    5D2E : 00000000;
    5D2F : 00000000;
    5D30 : 00000000;
    5D31 : 00000000;
    5D32 : 00000000;
    5D33 : 00000000;
    5D34 : 00000000;
    5D35 : 00000000;
    5D36 : 00000000;
    5D37 : 00000000;
    5D38 : 00000000;
    5D39 : 00000000;
    5D3A : 00000000;
    5D3B : 00000000;
    5D3C : 00000000;
    5D3D : 00000000;
    5D3E : 00000000;
    5D3F : 00000000;
    5D40 : 00000000;
    5D41 : 00000000;
    5D42 : 00000000;
    5D43 : 00000000;
    5D44 : 00000000;
    5D45 : 00000000;
    5D46 : 00000000;
    5D47 : 00000000;
    5D48 : 00000000;
    5D49 : 00000000;
    5D4A : 00000000;
    5D4B : 00000000;
    5D4C : 00000000;
    5D4D : 00000000;
    5D4E : 00000000;
    5D4F : 00000000;
    5D50 : 00000000;
    5D51 : 00000000;
    5D52 : 00000000;
    5D53 : 00000000;
    5D54 : 00000000;
    5D55 : 00000000;
    5D56 : 00000000;
    5D57 : 00000000;
    5D58 : 00000000;
    5D59 : 00000000;
    5D5A : 00000000;
    5D5B : 00000000;
    5D5C : 00000000;
    5D5D : 00000000;
    5D5E : 00000000;
    5D5F : 00000000;
    5D60 : 00000000;
    5D61 : 00000000;
    5D62 : 00000000;
    5D63 : 00000000;
    5D64 : 00000000;
    5D65 : 00000000;
    5D66 : 00000000;
    5D67 : 00000000;
    5D68 : 00000000;
    5D69 : 00000000;
    5D6A : 00000000;
    5D6B : 00000000;
    5D6C : 00000000;
    5D6D : 00000000;
    5D6E : 00000000;
    5D6F : 00000000;
    5D70 : 00000000;
    5D71 : 00000000;
    5D72 : 00000000;
    5D73 : 00000000;
    5D74 : 00000000;
    5D75 : 00000000;
    5D76 : 00000000;
    5D77 : 00000000;
    5D78 : 00000000;
    5D79 : 00000000;
    5D7A : 00000000;
    5D7B : 00000000;
    5D7C : 00000000;
    5D7D : 00000000;
    5D7E : 00000000;
    5D7F : 00000000;
    5D80 : 00000000;
    5D81 : 00000000;
    5D82 : 00000000;
    5D83 : 00000000;
    5D84 : 00000000;
    5D85 : 00000000;
    5D86 : 00000000;
    5D87 : 00000000;
    5D88 : 00000000;
    5D89 : 00000000;
    5D8A : 00000000;
    5D8B : 00000000;
    5D8C : 00000000;
    5D8D : 00000000;
    5D8E : 00000000;
    5D8F : 00000000;
    5D90 : 00000000;
    5D91 : 00000000;
    5D92 : 00000000;
    5D93 : 00000000;
    5D94 : 00000000;
    5D95 : 00000000;
    5D96 : 00000000;
    5D97 : 00000000;
    5D98 : 00000000;
    5D99 : 00000000;
    5D9A : 00000000;
    5D9B : 00000000;
    5D9C : 00000000;
    5D9D : 00000000;
    5D9E : 00000000;
    5D9F : 00000000;
    5DA0 : 00000000;
    5DA1 : 00000000;
    5DA2 : 00000000;
    5DA3 : 00000000;
    5DA4 : 00000000;
    5DA5 : 00000000;
    5DA6 : 00000000;
    5DA7 : 00000000;
    5DA8 : 00000000;
    5DA9 : 00000000;
    5DAA : 00000000;
    5DAB : 00000000;
    5DAC : 00000000;
    5DAD : 00000000;
    5DAE : 00000000;
    5DAF : 00000000;
    5DB0 : 00000000;
    5DB1 : 00000000;
    5DB2 : 00000000;
    5DB3 : 00000000;
    5DB4 : 00000000;
    5DB5 : 00000000;
    5DB6 : 00000000;
    5DB7 : 00000000;
    5DB8 : 00000000;
    5DB9 : 00000000;
    5DBA : 00000000;
    5DBB : 00000000;
    5DBC : 00000000;
    5DBD : 00000000;
    5DBE : 00000000;
    5DBF : 00000000;
    5DC0 : 00000000;
    5DC1 : 00000000;
    5DC2 : 00000000;
    5DC3 : 00000000;
    5DC4 : 00000000;
    5DC5 : 00000000;
    5DC6 : 00000000;
    5DC7 : 00000000;
    5DC8 : 00000000;
    5DC9 : 00000000;
    5DCA : 00000000;
    5DCB : 00000000;
    5DCC : 00000000;
    5DCD : 00000000;
    5DCE : 00000000;
    5DCF : 00000000;
    5DD0 : 00000000;
    5DD1 : 00000000;
    5DD2 : 00000000;
    5DD3 : 00000000;
    5DD4 : 00000000;
    5DD5 : 00000000;
    5DD6 : 00000000;
    5DD7 : 00000000;
    5DD8 : 00000000;
    5DD9 : 00000000;
    5DDA : 00000000;
    5DDB : 00000000;
    5DDC : 00000000;
    5DDD : 00000000;
    5DDE : 00000000;
    5DDF : 00000000;
    5DE0 : 00000000;
    5DE1 : 00000000;
    5DE2 : 00000000;
    5DE3 : 00000000;
    5DE4 : 00000000;
    5DE5 : 00000000;
    5DE6 : 00000000;
    5DE7 : 00000000;
    5DE8 : 00000000;
    5DE9 : 00000000;
    5DEA : 00000000;
    5DEB : 00000000;
    5DEC : 00000000;
    5DED : 00000000;
    5DEE : 00000000;
    5DEF : 00000000;
    5DF0 : 00000000;
    5DF1 : 00000000;
    5DF2 : 00000000;
    5DF3 : 00000000;
    5DF4 : 00000000;
    5DF5 : 00000000;
    5DF6 : 00000000;
    5DF7 : 00000000;
    5DF8 : 00000000;
    5DF9 : 00000000;
    5DFA : 00000000;
    5DFB : 00000000;
    5DFC : 00000000;
    5DFD : 00000000;
    5DFE : 00000000;
    5DFF : 00000000;
    5E00 : 00000000;
    5E01 : 00000000;
    5E02 : 00000000;
    5E03 : 00000000;
    5E04 : 00000000;
    5E05 : 00000000;
    5E06 : 00000000;
    5E07 : 00000000;
    5E08 : 00000000;
    5E09 : 00000000;
    5E0A : 00000000;
    5E0B : 00000000;
    5E0C : 00000000;
    5E0D : 00000000;
    5E0E : 00000000;
    5E0F : 00000000;
    5E10 : 00000000;
    5E11 : 00000000;
    5E12 : 00000000;
    5E13 : 00000000;
    5E14 : 00000000;
    5E15 : 00000000;
    5E16 : 00000000;
    5E17 : 00000000;
    5E18 : 00000000;
    5E19 : 00000000;
    5E1A : 00000000;
    5E1B : 00000000;
    5E1C : 00000000;
    5E1D : 00000000;
    5E1E : 00000000;
    5E1F : 00000000;
    5E20 : 00000000;
    5E21 : 00000000;
    5E22 : 00000000;
    5E23 : 00000000;
    5E24 : 00000000;
    5E25 : 00000000;
    5E26 : 00000000;
    5E27 : 00000000;
    5E28 : 00000000;
    5E29 : 00000000;
    5E2A : 00000000;
    5E2B : 00000000;
    5E2C : 00000000;
    5E2D : 00000000;
    5E2E : 00000000;
    5E2F : 00000000;
    5E30 : 00000000;
    5E31 : 00000000;
    5E32 : 00000000;
    5E33 : 00000000;
    5E34 : 00000000;
    5E35 : 00000000;
    5E36 : 00000000;
    5E37 : 00000000;
    5E38 : 00000000;
    5E39 : 00000000;
    5E3A : 00000000;
    5E3B : 00000000;
    5E3C : 00000000;
    5E3D : 00000000;
    5E3E : 00000000;
    5E3F : 00000000;
    5E40 : 00000000;
    5E41 : 00000000;
    5E42 : 00000000;
    5E43 : 00000000;
    5E44 : 00000000;
    5E45 : 00000000;
    5E46 : 00000000;
    5E47 : 00000000;
    5E48 : 00000000;
    5E49 : 00000000;
    5E4A : 00000000;
    5E4B : 00000000;
    5E4C : 00000000;
    5E4D : 00000000;
    5E4E : 00000000;
    5E4F : 00000000;
    5E50 : 00000000;
    5E51 : 00000000;
    5E52 : 00000000;
    5E53 : 00000000;
    5E54 : 00000000;
    5E55 : 00000000;
    5E56 : 00000000;
    5E57 : 00000000;
    5E58 : 00000000;
    5E59 : 00000000;
    5E5A : 00000000;
    5E5B : 00000000;
    5E5C : 00000000;
    5E5D : 00000000;
    5E5E : 00000000;
    5E5F : 00000000;
    5E60 : 00000000;
    5E61 : 00000000;
    5E62 : 00000000;
    5E63 : 00000000;
    5E64 : 00000000;
    5E65 : 00000000;
    5E66 : 00000000;
    5E67 : 00000000;
    5E68 : 00000000;
    5E69 : 00000000;
    5E6A : 00000000;
    5E6B : 00000000;
    5E6C : 00000000;
    5E6D : 00000000;
    5E6E : 00000000;
    5E6F : 00000000;
    5E70 : 00000000;
    5E71 : 00000000;
    5E72 : 00000000;
    5E73 : 00000000;
    5E74 : 00000000;
    5E75 : 00000000;
    5E76 : 00000000;
    5E77 : 00000000;
    5E78 : 00000000;
    5E79 : 00000000;
    5E7A : 00000000;
    5E7B : 00000000;
    5E7C : 00000000;
    5E7D : 00000000;
    5E7E : 00000000;
    5E7F : 00000000;
    5E80 : 00000000;
    5E81 : 00000000;
    5E82 : 00000000;
    5E83 : 00000000;
    5E84 : 00000000;
    5E85 : 00000000;
    5E86 : 00000000;
    5E87 : 00000000;
    5E88 : 00000000;
    5E89 : 00000000;
    5E8A : 00000000;
    5E8B : 00000000;
    5E8C : 00000000;
    5E8D : 00000000;
    5E8E : 00000000;
    5E8F : 00000000;
    5E90 : 00000000;
    5E91 : 00000000;
    5E92 : 00000000;
    5E93 : 00000000;
    5E94 : 00000000;
    5E95 : 00000000;
    5E96 : 00000000;
    5E97 : 00000000;
    5E98 : 00000000;
    5E99 : 00000000;
    5E9A : 00000000;
    5E9B : 00000000;
    5E9C : 00000000;
    5E9D : 00000000;
    5E9E : 00000000;
    5E9F : 00000000;
    5EA0 : 00000000;
    5EA1 : 00000000;
    5EA2 : 00000000;
    5EA3 : 00000000;
    5EA4 : 00000000;
    5EA5 : 00000000;
    5EA6 : 00000000;
    5EA7 : 00000000;
    5EA8 : 00000000;
    5EA9 : 00000000;
    5EAA : 00000000;
    5EAB : 00000000;
    5EAC : 00000000;
    5EAD : 00000000;
    5EAE : 00000000;
    5EAF : 00000000;
    5EB0 : 00000000;
    5EB1 : 00000000;
    5EB2 : 00000000;
    5EB3 : 00000000;
    5EB4 : 00000000;
    5EB5 : 00000000;
    5EB6 : 00000000;
    5EB7 : 00000000;
    5EB8 : 00000000;
    5EB9 : 00000000;
    5EBA : 00000000;
    5EBB : 00000000;
    5EBC : 00000000;
    5EBD : 00000000;
    5EBE : 00000000;
    5EBF : 00000000;
    5EC0 : 00000000;
    5EC1 : 00000000;
    5EC2 : 00000000;
    5EC3 : 00000000;
    5EC4 : 00000000;
    5EC5 : 00000000;
    5EC6 : 00000000;
    5EC7 : 00000000;
    5EC8 : 00000000;
    5EC9 : 00000000;
    5ECA : 00000000;
    5ECB : 00000000;
    5ECC : 00000000;
    5ECD : 00000000;
    5ECE : 00000000;
    5ECF : 00000000;
    5ED0 : 00000000;
    5ED1 : 00000000;
    5ED2 : 00000000;
    5ED3 : 00000000;
    5ED4 : 00000000;
    5ED5 : 00000000;
    5ED6 : 00000000;
    5ED7 : 00000000;
    5ED8 : 00000000;
    5ED9 : 00000000;
    5EDA : 00000000;
    5EDB : 00000000;
    5EDC : 00000000;
    5EDD : 00000000;
    5EDE : 00000000;
    5EDF : 00000000;
    5EE0 : 00000000;
    5EE1 : 00000000;
    5EE2 : 00000000;
    5EE3 : 00000000;
    5EE4 : 00000000;
    5EE5 : 00000000;
    5EE6 : 00000000;
    5EE7 : 00000000;
    5EE8 : 00000000;
    5EE9 : 00000000;
    5EEA : 00000000;
    5EEB : 00000000;
    5EEC : 00000000;
    5EED : 00000000;
    5EEE : 00000000;
    5EEF : 00000000;
    5EF0 : 00000000;
    5EF1 : 00000000;
    5EF2 : 00000000;
    5EF3 : 00000000;
    5EF4 : 00000000;
    5EF5 : 00000000;
    5EF6 : 00000000;
    5EF7 : 00000000;
    5EF8 : 00000000;
    5EF9 : 00000000;
    5EFA : 00000000;
    5EFB : 00000000;
    5EFC : 00000000;
    5EFD : 00000000;
    5EFE : 00000000;
    5EFF : 00000000;
    5F00 : 00000000;
    5F01 : 00000000;
    5F02 : 00000000;
    5F03 : 00000000;
    5F04 : 00000000;
    5F05 : 00000000;
    5F06 : 00000000;
    5F07 : 00000000;
    5F08 : 00000000;
    5F09 : 00000000;
    5F0A : 00000000;
    5F0B : 00000000;
    5F0C : 00000000;
    5F0D : 00000000;
    5F0E : 00000000;
    5F0F : 00000000;
    5F10 : 00000000;
    5F11 : 00000000;
    5F12 : 00000000;
    5F13 : 00000000;
    5F14 : 00000000;
    5F15 : 00000000;
    5F16 : 00000000;
    5F17 : 00000000;
    5F18 : 00000000;
    5F19 : 00000000;
    5F1A : 00000000;
    5F1B : 00000000;
    5F1C : 00000000;
    5F1D : 00000000;
    5F1E : 00000000;
    5F1F : 00000000;
    5F20 : 00000000;
    5F21 : 00000000;
    5F22 : 00000000;
    5F23 : 00000000;
    5F24 : 00000000;
    5F25 : 00000000;
    5F26 : 00000000;
    5F27 : 00000000;
    5F28 : 00000000;
    5F29 : 00000000;
    5F2A : 00000000;
    5F2B : 00000000;
    5F2C : 00000000;
    5F2D : 00000000;
    5F2E : 00000000;
    5F2F : 00000000;
    5F30 : 00000000;
    5F31 : 00000000;
    5F32 : 00000000;
    5F33 : 00000000;
    5F34 : 00000000;
    5F35 : 00000000;
    5F36 : 00000000;
    5F37 : 00000000;
    5F38 : 00000000;
    5F39 : 00000000;
    5F3A : 00000000;
    5F3B : 00000000;
    5F3C : 00000000;
    5F3D : 00000000;
    5F3E : 00000000;
    5F3F : 00000000;
    5F40 : 00000000;
    5F41 : 00000000;
    5F42 : 00000000;
    5F43 : 00000000;
    5F44 : 00000000;
    5F45 : 00000000;
    5F46 : 00000000;
    5F47 : 00000000;
    5F48 : 00000000;
    5F49 : 00000000;
    5F4A : 00000000;
    5F4B : 00000000;
    5F4C : 00000000;
    5F4D : 00000000;
    5F4E : 00000000;
    5F4F : 00000000;
    5F50 : 00000000;
    5F51 : 00000000;
    5F52 : 00000000;
    5F53 : 00000000;
    5F54 : 00000000;
    5F55 : 00000000;
    5F56 : 00000000;
    5F57 : 00000000;
    5F58 : 00000000;
    5F59 : 00000000;
    5F5A : 00000000;
    5F5B : 00000000;
    5F5C : 00000000;
    5F5D : 00000000;
    5F5E : 00000000;
    5F5F : 00000000;
    5F60 : 00000000;
    5F61 : 00000000;
    5F62 : 00000000;
    5F63 : 00000000;
    5F64 : 00000000;
    5F65 : 00000000;
    5F66 : 00000000;
    5F67 : 00000000;
    5F68 : 00000000;
    5F69 : 00000000;
    5F6A : 00000000;
    5F6B : 00000000;
    5F6C : 00000000;
    5F6D : 00000000;
    5F6E : 00000000;
    5F6F : 00000000;
    5F70 : 00000000;
    5F71 : 00000000;
    5F72 : 00000000;
    5F73 : 00000000;
    5F74 : 00000000;
    5F75 : 00000000;
    5F76 : 00000000;
    5F77 : 00000000;
    5F78 : 00000000;
    5F79 : 00000000;
    5F7A : 00000000;
    5F7B : 00000000;
    5F7C : 00000000;
    5F7D : 00000000;
    5F7E : 00000000;
    5F7F : 00000000;
    5F80 : 00000000;
    5F81 : 00000000;
    5F82 : 00000000;
    5F83 : 00000000;
    5F84 : 00000000;
    5F85 : 00000000;
    5F86 : 00000000;
    5F87 : 00000000;
    5F88 : 00000000;
    5F89 : 00000000;
    5F8A : 00000000;
    5F8B : 00000000;
    5F8C : 00000000;
    5F8D : 00000000;
    5F8E : 00000000;
    5F8F : 00000000;
    5F90 : 00000000;
    5F91 : 00000000;
    5F92 : 00000000;
    5F93 : 00000000;
    5F94 : 00000000;
    5F95 : 00000000;
    5F96 : 00000000;
    5F97 : 00000000;
    5F98 : 00000000;
    5F99 : 00000000;
    5F9A : 00000000;
    5F9B : 00000000;
    5F9C : 00000000;
    5F9D : 00000000;
    5F9E : 00000000;
    5F9F : 00000000;
    5FA0 : 00000000;
    5FA1 : 00000000;
    5FA2 : 00000000;
    5FA3 : 00000000;
    5FA4 : 00000000;
    5FA5 : 00000000;
    5FA6 : 00000000;
    5FA7 : 00000000;
    5FA8 : 00000000;
    5FA9 : 00000000;
    5FAA : 00000000;
    5FAB : 00000000;
    5FAC : 00000000;
    5FAD : 00000000;
    5FAE : 00000000;
    5FAF : 00000000;
    5FB0 : 00000000;
    5FB1 : 00000000;
    5FB2 : 00000000;
    5FB3 : 00000000;
    5FB4 : 00000000;
    5FB5 : 00000000;
    5FB6 : 00000000;
    5FB7 : 00000000;
    5FB8 : 00000000;
    5FB9 : 00000000;
    5FBA : 00000000;
    5FBB : 00000000;
    5FBC : 00000000;
    5FBD : 00000000;
    5FBE : 00000000;
    5FBF : 00000000;
    5FC0 : 00000000;
    5FC1 : 00000000;
    5FC2 : 00000000;
    5FC3 : 00000000;
    5FC4 : 00000000;
    5FC5 : 00000000;
    5FC6 : 00000000;
    5FC7 : 00000000;
    5FC8 : 00000000;
    5FC9 : 00000000;
    5FCA : 00000000;
    5FCB : 00000000;
    5FCC : 00000000;
    5FCD : 00000000;
    5FCE : 00000000;
    5FCF : 00000000;
    5FD0 : 00000000;
    5FD1 : 00000000;
    5FD2 : 00000000;
    5FD3 : 00000000;
    5FD4 : 00000000;
    5FD5 : 00000000;
    5FD6 : 00000000;
    5FD7 : 00000000;
    5FD8 : 00000000;
    5FD9 : 00000000;
    5FDA : 00000000;
    5FDB : 00000000;
    5FDC : 00000000;
    5FDD : 00000000;
    5FDE : 00000000;
    5FDF : 00000000;
    5FE0 : 00000000;
    5FE1 : 00000000;
    5FE2 : 00000000;
    5FE3 : 00000000;
    5FE4 : 00000000;
    5FE5 : 00000000;
    5FE6 : 00000000;
    5FE7 : 00000000;
    5FE8 : 00000000;
    5FE9 : 00000000;
    5FEA : 00000000;
    5FEB : 00000000;
    5FEC : 00000000;
    5FED : 00000000;
    5FEE : 00000000;
    5FEF : 00000000;
    5FF0 : 00000000;
    5FF1 : 00000000;
    5FF2 : 00000000;
    5FF3 : 00000000;
    5FF4 : 00000000;
    5FF5 : 00000000;
    5FF6 : 00000000;
    5FF7 : 00000000;
    5FF8 : 00000000;
    5FF9 : 00000000;
    5FFA : 00000000;
    5FFB : 00000000;
    5FFC : 00000000;
    5FFD : 00000000;
    5FFE : 00000000;
    5FFF : 00000000;
    6000 : 00000000;
    6001 : 00000000;
    6002 : 00000000;
    6003 : 00000000;
    6004 : 00000000;
    6005 : 00000000;
    6006 : 00000000;
    6007 : 00000000;
    6008 : 00000000;
    6009 : 00000000;
    600A : 00000000;
    600B : 00000000;
    600C : 00000000;
    600D : 00000000;
    600E : 00000000;
    600F : 00000000;
    6010 : 00000000;
    6011 : 00000000;
    6012 : 00000000;
    6013 : 00000000;
    6014 : 00000000;
    6015 : 00000000;
    6016 : 00000000;
    6017 : 00000000;
    6018 : 00000000;
    6019 : 00000000;
    601A : 00000000;
    601B : 00000000;
    601C : 00000000;
    601D : 00000000;
    601E : 00000000;
    601F : 00000000;
    6020 : 00000000;
    6021 : 00000000;
    6022 : 00000000;
    6023 : 00000000;
    6024 : 00000000;
    6025 : 00000000;
    6026 : 00000000;
    6027 : 00000000;
    6028 : 00000000;
    6029 : 00000000;
    602A : 00000000;
    602B : 00000000;
    602C : 00000000;
    602D : 00000000;
    602E : 00000000;
    602F : 00000000;
    6030 : 00000000;
    6031 : 00000000;
    6032 : 00000000;
    6033 : 00000000;
    6034 : 00000000;
    6035 : 00000000;
    6036 : 00000000;
    6037 : 00000000;
    6038 : 00000000;
    6039 : 00000000;
    603A : 00000000;
    603B : 00000000;
    603C : 00000000;
    603D : 00000000;
    603E : 00000000;
    603F : 00000000;
    6040 : 00000000;
    6041 : 00000000;
    6042 : 00000000;
    6043 : 00000000;
    6044 : 00000000;
    6045 : 00000000;
    6046 : 00000000;
    6047 : 00000000;
    6048 : 00000000;
    6049 : 00000000;
    604A : 00000000;
    604B : 00000000;
    604C : 00000000;
    604D : 00000000;
    604E : 00000000;
    604F : 00000000;
    6050 : 00000000;
    6051 : 00000000;
    6052 : 00000000;
    6053 : 00000000;
    6054 : 00000000;
    6055 : 00000000;
    6056 : 00000000;
    6057 : 00000000;
    6058 : 00000000;
    6059 : 00000000;
    605A : 00000000;
    605B : 00000000;
    605C : 00000000;
    605D : 00000000;
    605E : 00000000;
    605F : 00000000;
    6060 : 00000000;
    6061 : 00000000;
    6062 : 00000000;
    6063 : 00000000;
    6064 : 00000000;
    6065 : 00000000;
    6066 : 00000000;
    6067 : 00000000;
    6068 : 00000000;
    6069 : 00000000;
    606A : 00000000;
    606B : 00000000;
    606C : 00000000;
    606D : 00000000;
    606E : 00000000;
    606F : 00000000;
    6070 : 00000000;
    6071 : 00000000;
    6072 : 00000000;
    6073 : 00000000;
    6074 : 00000000;
    6075 : 00000000;
    6076 : 00000000;
    6077 : 00000000;
    6078 : 00000000;
    6079 : 00000000;
    607A : 00000000;
    607B : 00000000;
    607C : 00000000;
    607D : 00000000;
    607E : 00000000;
    607F : 00000000;
    6080 : 00000000;
    6081 : 00000000;
    6082 : 00000000;
    6083 : 00000000;
    6084 : 00000000;
    6085 : 00000000;
    6086 : 00000000;
    6087 : 00000000;
    6088 : 00000000;
    6089 : 00000000;
    608A : 00000000;
    608B : 00000000;
    608C : 00000000;
    608D : 00000000;
    608E : 00000000;
    608F : 00000000;
    6090 : 00000000;
    6091 : 00000000;
    6092 : 00000000;
    6093 : 00000000;
    6094 : 00000000;
    6095 : 00000000;
    6096 : 00000000;
    6097 : 00000000;
    6098 : 00000000;
    6099 : 00000000;
    609A : 00000000;
    609B : 00000000;
    609C : 00000000;
    609D : 00000000;
    609E : 00000000;
    609F : 00000000;
    60A0 : 00000000;
    60A1 : 00000000;
    60A2 : 00000000;
    60A3 : 00000000;
    60A4 : 00000000;
    60A5 : 00000000;
    60A6 : 00000000;
    60A7 : 00000000;
    60A8 : 00000000;
    60A9 : 00000000;
    60AA : 00000000;
    60AB : 00000000;
    60AC : 00000000;
    60AD : 00000000;
    60AE : 00000000;
    60AF : 00000000;
    60B0 : 00000000;
    60B1 : 00000000;
    60B2 : 00000000;
    60B3 : 00000000;
    60B4 : 00000000;
    60B5 : 00000000;
    60B6 : 00000000;
    60B7 : 00000000;
    60B8 : 00000000;
    60B9 : 00000000;
    60BA : 00000000;
    60BB : 00000000;
    60BC : 00000000;
    60BD : 00000000;
    60BE : 00000000;
    60BF : 00000000;
    60C0 : 00000000;
    60C1 : 00000000;
    60C2 : 00000000;
    60C3 : 00000000;
    60C4 : 00000000;
    60C5 : 00000000;
    60C6 : 00000000;
    60C7 : 00000000;
    60C8 : 00000000;
    60C9 : 00000000;
    60CA : 00000000;
    60CB : 00000000;
    60CC : 00000000;
    60CD : 00000000;
    60CE : 00000000;
    60CF : 00000000;
    60D0 : 00000000;
    60D1 : 00000000;
    60D2 : 00000000;
    60D3 : 00000000;
    60D4 : 00000000;
    60D5 : 00000000;
    60D6 : 00000000;
    60D7 : 00000000;
    60D8 : 00000000;
    60D9 : 00000000;
    60DA : 00000000;
    60DB : 00000000;
    60DC : 00000000;
    60DD : 00000000;
    60DE : 00000000;
    60DF : 00000000;
    60E0 : 00000000;
    60E1 : 00000000;
    60E2 : 00000000;
    60E3 : 00000000;
    60E4 : 00000000;
    60E5 : 00000000;
    60E6 : 00000000;
    60E7 : 00000000;
    60E8 : 00000000;
    60E9 : 00000000;
    60EA : 00000000;
    60EB : 00000000;
    60EC : 00000000;
    60ED : 00000000;
    60EE : 00000000;
    60EF : 00000000;
    60F0 : 00000000;
    60F1 : 00000000;
    60F2 : 00000000;
    60F3 : 00000000;
    60F4 : 00000000;
    60F5 : 00000000;
    60F6 : 00000000;
    60F7 : 00000000;
    60F8 : 00000000;
    60F9 : 00000000;
    60FA : 00000000;
    60FB : 00000000;
    60FC : 00000000;
    60FD : 00000000;
    60FE : 00000000;
    60FF : 00000000;
    6100 : 00000000;
    6101 : 00000000;
    6102 : 00000000;
    6103 : 00000000;
    6104 : 00000000;
    6105 : 00000000;
    6106 : 00000000;
    6107 : 00000000;
    6108 : 00000000;
    6109 : 00000000;
    610A : 00000000;
    610B : 00000000;
    610C : 00000000;
    610D : 00000000;
    610E : 00000000;
    610F : 00000000;
    6110 : 00000000;
    6111 : 00000000;
    6112 : 00000000;
    6113 : 00000000;
    6114 : 00000000;
    6115 : 00000000;
    6116 : 00000000;
    6117 : 00000000;
    6118 : 00000000;
    6119 : 00000000;
    611A : 00000000;
    611B : 00000000;
    611C : 00000000;
    611D : 00000000;
    611E : 00000000;
    611F : 00000000;
    6120 : 00000000;
    6121 : 00000000;
    6122 : 00000000;
    6123 : 00000000;
    6124 : 00000000;
    6125 : 00000000;
    6126 : 00000000;
    6127 : 00000000;
    6128 : 00000000;
    6129 : 00000000;
    612A : 00000000;
    612B : 00000000;
    612C : 00000000;
    612D : 00000000;
    612E : 00000000;
    612F : 00000000;
    6130 : 00000000;
    6131 : 00000000;
    6132 : 00000000;
    6133 : 00000000;
    6134 : 00000000;
    6135 : 00000000;
    6136 : 00000000;
    6137 : 00000000;
    6138 : 00000000;
    6139 : 00000000;
    613A : 00000000;
    613B : 00000000;
    613C : 00000000;
    613D : 00000000;
    613E : 00000000;
    613F : 00000000;
    6140 : 00000000;
    6141 : 00000000;
    6142 : 00000000;
    6143 : 00000000;
    6144 : 00000000;
    6145 : 00000000;
    6146 : 00000000;
    6147 : 00000000;
    6148 : 00000000;
    6149 : 00000000;
    614A : 00000000;
    614B : 00000000;
    614C : 00000000;
    614D : 00000000;
    614E : 00000000;
    614F : 00000000;
    6150 : 00000000;
    6151 : 00000000;
    6152 : 00000000;
    6153 : 00000000;
    6154 : 00000000;
    6155 : 00000000;
    6156 : 00000000;
    6157 : 00000000;
    6158 : 00000000;
    6159 : 00000000;
    615A : 00000000;
    615B : 00000000;
    615C : 00000000;
    615D : 00000000;
    615E : 00000000;
    615F : 00000000;
    6160 : 00000000;
    6161 : 00000000;
    6162 : 00000000;
    6163 : 00000000;
    6164 : 00000000;
    6165 : 00000000;
    6166 : 00000000;
    6167 : 00000000;
    6168 : 00000000;
    6169 : 00000000;
    616A : 00000000;
    616B : 00000000;
    616C : 00000000;
    616D : 00000000;
    616E : 00000000;
    616F : 00000000;
    6170 : 00000000;
    6171 : 00000000;
    6172 : 00000000;
    6173 : 00000000;
    6174 : 00000000;
    6175 : 00000000;
    6176 : 00000000;
    6177 : 00000000;
    6178 : 00000000;
    6179 : 00000000;
    617A : 00000000;
    617B : 00000000;
    617C : 00000000;
    617D : 00000000;
    617E : 00000000;
    617F : 00000000;
    6180 : 00000000;
    6181 : 00000000;
    6182 : 00000000;
    6183 : 00000000;
    6184 : 00000000;
    6185 : 00000000;
    6186 : 00000000;
    6187 : 00000000;
    6188 : 00000000;
    6189 : 00000000;
    618A : 00000000;
    618B : 00000000;
    618C : 00000000;
    618D : 00000000;
    618E : 00000000;
    618F : 00000000;
    6190 : 00000000;
    6191 : 00000000;
    6192 : 00000000;
    6193 : 00000000;
    6194 : 00000000;
    6195 : 00000000;
    6196 : 00000000;
    6197 : 00000000;
    6198 : 00000000;
    6199 : 00000000;
    619A : 00000000;
    619B : 00000000;
    619C : 00000000;
    619D : 00000000;
    619E : 00000000;
    619F : 00000000;
    61A0 : 00000000;
    61A1 : 00000000;
    61A2 : 00000000;
    61A3 : 00000000;
    61A4 : 00000000;
    61A5 : 00000000;
    61A6 : 00000000;
    61A7 : 00000000;
    61A8 : 00000000;
    61A9 : 00000000;
    61AA : 00000000;
    61AB : 00000000;
    61AC : 00000000;
    61AD : 00000000;
    61AE : 00000000;
    61AF : 00000000;
    61B0 : 00000000;
    61B1 : 00000000;
    61B2 : 00000000;
    61B3 : 00000000;
    61B4 : 00000000;
    61B5 : 00000000;
    61B6 : 00000000;
    61B7 : 00000000;
    61B8 : 00000000;
    61B9 : 00000000;
    61BA : 00000000;
    61BB : 00000000;
    61BC : 00000000;
    61BD : 00000000;
    61BE : 00000000;
    61BF : 00000000;
    61C0 : 00000000;
    61C1 : 00000000;
    61C2 : 00000000;
    61C3 : 00000000;
    61C4 : 00000000;
    61C5 : 00000000;
    61C6 : 00000000;
    61C7 : 00000000;
    61C8 : 00000000;
    61C9 : 00000000;
    61CA : 00000000;
    61CB : 00000000;
    61CC : 00000000;
    61CD : 00000000;
    61CE : 00000000;
    61CF : 00000000;
    61D0 : 00000000;
    61D1 : 00000000;
    61D2 : 00000000;
    61D3 : 00000000;
    61D4 : 00000000;
    61D5 : 00000000;
    61D6 : 00000000;
    61D7 : 00000000;
    61D8 : 00000000;
    61D9 : 00000000;
    61DA : 00000000;
    61DB : 00000000;
    61DC : 00000000;
    61DD : 00000000;
    61DE : 00000000;
    61DF : 00000000;
    61E0 : 00000000;
    61E1 : 00000000;
    61E2 : 00000000;
    61E3 : 00000000;
    61E4 : 00000000;
    61E5 : 00000000;
    61E6 : 00000000;
    61E7 : 00000000;
    61E8 : 00000000;
    61E9 : 00000000;
    61EA : 00000000;
    61EB : 00000000;
    61EC : 00000000;
    61ED : 00000000;
    61EE : 00000000;
    61EF : 00000000;
    61F0 : 00000000;
    61F1 : 00000000;
    61F2 : 00000000;
    61F3 : 00000000;
    61F4 : 00000000;
    61F5 : 00000000;
    61F6 : 00000000;
    61F7 : 00000000;
    61F8 : 00000000;
    61F9 : 00000000;
    61FA : 00000000;
    61FB : 00000000;
    61FC : 00000000;
    61FD : 00000000;
    61FE : 00000000;
    61FF : 00000000;
    6200 : 00000000;
    6201 : 00000000;
    6202 : 00000000;
    6203 : 00000000;
    6204 : 00000000;
    6205 : 00000000;
    6206 : 00000000;
    6207 : 00000000;
    6208 : 00000000;
    6209 : 00000000;
    620A : 00000000;
    620B : 00000000;
    620C : 00000000;
    620D : 00000000;
    620E : 00000000;
    620F : 00000000;
    6210 : 00000000;
    6211 : 00000000;
    6212 : 00000000;
    6213 : 00000000;
    6214 : 00000000;
    6215 : 00000000;
    6216 : 00000000;
    6217 : 00000000;
    6218 : 00000000;
    6219 : 00000000;
    621A : 00000000;
    621B : 00000000;
    621C : 00000000;
    621D : 00000000;
    621E : 00000000;
    621F : 00000000;
    6220 : 00000000;
    6221 : 00000000;
    6222 : 00000000;
    6223 : 00000000;
    6224 : 00000000;
    6225 : 00000000;
    6226 : 00000000;
    6227 : 00000000;
    6228 : 00000000;
    6229 : 00000000;
    622A : 00000000;
    622B : 00000000;
    622C : 00000000;
    622D : 00000000;
    622E : 00000000;
    622F : 00000000;
    6230 : 00000000;
    6231 : 00000000;
    6232 : 00000000;
    6233 : 00000000;
    6234 : 00000000;
    6235 : 00000000;
    6236 : 00000000;
    6237 : 00000000;
    6238 : 00000000;
    6239 : 00000000;
    623A : 00000000;
    623B : 00000000;
    623C : 00000000;
    623D : 00000000;
    623E : 00000000;
    623F : 00000000;
    6240 : 00000000;
    6241 : 00000000;
    6242 : 00000000;
    6243 : 00000000;
    6244 : 00000000;
    6245 : 00000000;
    6246 : 00000000;
    6247 : 00000000;
    6248 : 00000000;
    6249 : 00000000;
    624A : 00000000;
    624B : 00000000;
    624C : 00000000;
    624D : 00000000;
    624E : 00000000;
    624F : 00000000;
    6250 : 00000000;
    6251 : 00000000;
    6252 : 00000000;
    6253 : 00000000;
    6254 : 00000000;
    6255 : 00000000;
    6256 : 00000000;
    6257 : 00000000;
    6258 : 00000000;
    6259 : 00000000;
    625A : 00000000;
    625B : 00000000;
    625C : 00000000;
    625D : 00000000;
    625E : 00000000;
    625F : 00000000;
    6260 : 00000000;
    6261 : 00000000;
    6262 : 00000000;
    6263 : 00000000;
    6264 : 00000000;
    6265 : 00000000;
    6266 : 00000000;
    6267 : 00000000;
    6268 : 00000000;
    6269 : 00000000;
    626A : 00000000;
    626B : 00000000;
    626C : 00000000;
    626D : 00000000;
    626E : 00000000;
    626F : 00000000;
    6270 : 00000000;
    6271 : 00000000;
    6272 : 00000000;
    6273 : 00000000;
    6274 : 00000000;
    6275 : 00000000;
    6276 : 00000000;
    6277 : 00000000;
    6278 : 00000000;
    6279 : 00000000;
    627A : 00000000;
    627B : 00000000;
    627C : 00000000;
    627D : 00000000;
    627E : 00000000;
    627F : 00000000;
    6280 : 00000000;
    6281 : 00000000;
    6282 : 00000000;
    6283 : 00000000;
    6284 : 00000000;
    6285 : 00000000;
    6286 : 00000000;
    6287 : 00000000;
    6288 : 00000000;
    6289 : 00000000;
    628A : 00000000;
    628B : 00000000;
    628C : 00000000;
    628D : 00000000;
    628E : 00000000;
    628F : 00000000;
    6290 : 00000000;
    6291 : 00000000;
    6292 : 00000000;
    6293 : 00000000;
    6294 : 00000000;
    6295 : 00000000;
    6296 : 00000000;
    6297 : 00000000;
    6298 : 00000000;
    6299 : 00000000;
    629A : 00000000;
    629B : 00000000;
    629C : 00000000;
    629D : 00000000;
    629E : 00000000;
    629F : 00000000;
    62A0 : 00000000;
    62A1 : 00000000;
    62A2 : 00000000;
    62A3 : 00000000;
    62A4 : 00000000;
    62A5 : 00000000;
    62A6 : 00000000;
    62A7 : 00000000;
    62A8 : 00000000;
    62A9 : 00000000;
    62AA : 00000000;
    62AB : 00000000;
    62AC : 00000000;
    62AD : 00000000;
    62AE : 00000000;
    62AF : 00000000;
    62B0 : 00000000;
    62B1 : 00000000;
    62B2 : 00000000;
    62B3 : 00000000;
    62B4 : 00000000;
    62B5 : 00000000;
    62B6 : 00000000;
    62B7 : 00000000;
    62B8 : 00000000;
    62B9 : 00000000;
    62BA : 00000000;
    62BB : 00000000;
    62BC : 00000000;
    62BD : 00000000;
    62BE : 00000000;
    62BF : 00000000;
    62C0 : 00000000;
    62C1 : 00000000;
    62C2 : 00000000;
    62C3 : 00000000;
    62C4 : 00000000;
    62C5 : 00000000;
    62C6 : 00000000;
    62C7 : 00000000;
    62C8 : 00000000;
    62C9 : 00000000;
    62CA : 00000000;
    62CB : 00000000;
    62CC : 00000000;
    62CD : 00000000;
    62CE : 00000000;
    62CF : 00000000;
    62D0 : 00000000;
    62D1 : 00000000;
    62D2 : 00000000;
    62D3 : 00000000;
    62D4 : 00000000;
    62D5 : 00000000;
    62D6 : 00000000;
    62D7 : 00000000;
    62D8 : 00000000;
    62D9 : 00000000;
    62DA : 00000000;
    62DB : 00000000;
    62DC : 00000000;
    62DD : 00000000;
    62DE : 00000000;
    62DF : 00000000;
    62E0 : 00000000;
    62E1 : 00000000;
    62E2 : 00000000;
    62E3 : 00000000;
    62E4 : 00000000;
    62E5 : 00000000;
    62E6 : 00000000;
    62E7 : 00000000;
    62E8 : 00000000;
    62E9 : 00000000;
    62EA : 00000000;
    62EB : 00000000;
    62EC : 00000000;
    62ED : 00000000;
    62EE : 00000000;
    62EF : 00000000;
    62F0 : 00000000;
    62F1 : 00000000;
    62F2 : 00000000;
    62F3 : 00000000;
    62F4 : 00000000;
    62F5 : 00000000;
    62F6 : 00000000;
    62F7 : 00000000;
    62F8 : 00000000;
    62F9 : 00000000;
    62FA : 00000000;
    62FB : 00000000;
    62FC : 00000000;
    62FD : 00000000;
    62FE : 00000000;
    62FF : 00000000;
    6300 : 00000000;
    6301 : 00000000;
    6302 : 00000000;
    6303 : 00000000;
    6304 : 00000000;
    6305 : 00000000;
    6306 : 00000000;
    6307 : 00000000;
    6308 : 00000000;
    6309 : 00000000;
    630A : 00000000;
    630B : 00000000;
    630C : 00000000;
    630D : 00000000;
    630E : 00000000;
    630F : 00000000;
    6310 : 00000000;
    6311 : 00000000;
    6312 : 00000000;
    6313 : 00000000;
    6314 : 00000000;
    6315 : 00000000;
    6316 : 00000000;
    6317 : 00000000;
    6318 : 00000000;
    6319 : 00000000;
    631A : 00000000;
    631B : 00000000;
    631C : 00000000;
    631D : 00000000;
    631E : 00000000;
    631F : 00000000;
    6320 : 00000000;
    6321 : 00000000;
    6322 : 00000000;
    6323 : 00000000;
    6324 : 00000000;
    6325 : 00000000;
    6326 : 00000000;
    6327 : 00000000;
    6328 : 00000000;
    6329 : 00000000;
    632A : 00000000;
    632B : 00000000;
    632C : 00000000;
    632D : 00000000;
    632E : 00000000;
    632F : 00000000;
    6330 : 00000000;
    6331 : 00000000;
    6332 : 00000000;
    6333 : 00000000;
    6334 : 00000000;
    6335 : 00000000;
    6336 : 00000000;
    6337 : 00000000;
    6338 : 00000000;
    6339 : 00000000;
    633A : 00000000;
    633B : 00000000;
    633C : 00000000;
    633D : 00000000;
    633E : 00000000;
    633F : 00000000;
    6340 : 00000000;
    6341 : 00000000;
    6342 : 00000000;
    6343 : 00000000;
    6344 : 00000000;
    6345 : 00000000;
    6346 : 00000000;
    6347 : 00000000;
    6348 : 00000000;
    6349 : 00000000;
    634A : 00000000;
    634B : 00000000;
    634C : 00000000;
    634D : 00000000;
    634E : 00000000;
    634F : 00000000;
    6350 : 00000000;
    6351 : 00000000;
    6352 : 00000000;
    6353 : 00000000;
    6354 : 00000000;
    6355 : 00000000;
    6356 : 00000000;
    6357 : 00000000;
    6358 : 00000000;
    6359 : 00000000;
    635A : 00000000;
    635B : 00000000;
    635C : 00000000;
    635D : 00000000;
    635E : 00000000;
    635F : 00000000;
    6360 : 00000000;
    6361 : 00000000;
    6362 : 00000000;
    6363 : 00000000;
    6364 : 00000000;
    6365 : 00000000;
    6366 : 00000000;
    6367 : 00000000;
    6368 : 00000000;
    6369 : 00000000;
    636A : 00000000;
    636B : 00000000;
    636C : 00000000;
    636D : 00000000;
    636E : 00000000;
    636F : 00000000;
    6370 : 00000000;
    6371 : 00000000;
    6372 : 00000000;
    6373 : 00000000;
    6374 : 00000000;
    6375 : 00000000;
    6376 : 00000000;
    6377 : 00000000;
    6378 : 00000000;
    6379 : 00000000;
    637A : 00000000;
    637B : 00000000;
    637C : 00000000;
    637D : 00000000;
    637E : 00000000;
    637F : 00000000;
    6380 : 00000000;
    6381 : 00000000;
    6382 : 00000000;
    6383 : 00000000;
    6384 : 00000000;
    6385 : 00000000;
    6386 : 00000000;
    6387 : 00000000;
    6388 : 00000000;
    6389 : 00000000;
    638A : 00000000;
    638B : 00000000;
    638C : 00000000;
    638D : 00000000;
    638E : 00000000;
    638F : 00000000;
    6390 : 00000000;
    6391 : 00000000;
    6392 : 00000000;
    6393 : 00000000;
    6394 : 00000000;
    6395 : 00000000;
    6396 : 00000000;
    6397 : 00000000;
    6398 : 00000000;
    6399 : 00000000;
    639A : 00000000;
    639B : 00000000;
    639C : 00000000;
    639D : 00000000;
    639E : 00000000;
    639F : 00000000;
    63A0 : 00000000;
    63A1 : 00000000;
    63A2 : 00000000;
    63A3 : 00000000;
    63A4 : 00000000;
    63A5 : 00000000;
    63A6 : 00000000;
    63A7 : 00000000;
    63A8 : 00000000;
    63A9 : 00000000;
    63AA : 00000000;
    63AB : 00000000;
    63AC : 00000000;
    63AD : 00000000;
    63AE : 00000000;
    63AF : 00000000;
    63B0 : 00000000;
    63B1 : 00000000;
    63B2 : 00000000;
    63B3 : 00000000;
    63B4 : 00000000;
    63B5 : 00000000;
    63B6 : 00000000;
    63B7 : 00000000;
    63B8 : 00000000;
    63B9 : 00000000;
    63BA : 00000000;
    63BB : 00000000;
    63BC : 00000000;
    63BD : 00000000;
    63BE : 00000000;
    63BF : 00000000;
    63C0 : 00000000;
    63C1 : 00000000;
    63C2 : 00000000;
    63C3 : 00000000;
    63C4 : 00000000;
    63C5 : 00000000;
    63C6 : 00000000;
    63C7 : 00000000;
    63C8 : 00000000;
    63C9 : 00000000;
    63CA : 00000000;
    63CB : 00000000;
    63CC : 00000000;
    63CD : 00000000;
    63CE : 00000000;
    63CF : 00000000;
    63D0 : 00000000;
    63D1 : 00000000;
    63D2 : 00000000;
    63D3 : 00000000;
    63D4 : 00000000;
    63D5 : 00000000;
    63D6 : 00000000;
    63D7 : 00000000;
    63D8 : 00000000;
    63D9 : 00000000;
    63DA : 00000000;
    63DB : 00000000;
    63DC : 00000000;
    63DD : 00000000;
    63DE : 00000000;
    63DF : 00000000;
    63E0 : 00000000;
    63E1 : 00000000;
    63E2 : 00000000;
    63E3 : 00000000;
    63E4 : 00000000;
    63E5 : 00000000;
    63E6 : 00000000;
    63E7 : 00000000;
    63E8 : 00000000;
    63E9 : 00000000;
    63EA : 00000000;
    63EB : 00000000;
    63EC : 00000000;
    63ED : 00000000;
    63EE : 00000000;
    63EF : 00000000;
    63F0 : 00000000;
    63F1 : 00000000;
    63F2 : 00000000;
    63F3 : 00000000;
    63F4 : 00000000;
    63F5 : 00000000;
    63F6 : 00000000;
    63F7 : 00000000;
    63F8 : 00000000;
    63F9 : 00000000;
    63FA : 00000000;
    63FB : 00000000;
    63FC : 00000000;
    63FD : 00000000;
    63FE : 00000000;
    63FF : 00000000;
    6400 : 00000000;
    6401 : 00000000;
    6402 : 00000000;
    6403 : 00000000;
    6404 : 00000000;
    6405 : 00000000;
    6406 : 00000000;
    6407 : 00000000;
    6408 : 00000000;
    6409 : 00000000;
    640A : 00000000;
    640B : 00000000;
    640C : 00000000;
    640D : 00000000;
    640E : 00000000;
    640F : 00000000;
    6410 : 00000000;
    6411 : 00000000;
    6412 : 00000000;
    6413 : 00000000;
    6414 : 00000000;
    6415 : 00000000;
    6416 : 00000000;
    6417 : 00000000;
    6418 : 00000000;
    6419 : 00000000;
    641A : 00000000;
    641B : 00000000;
    641C : 00000000;
    641D : 00000000;
    641E : 00000000;
    641F : 00000000;
    6420 : 00000000;
    6421 : 00000000;
    6422 : 00000000;
    6423 : 00000000;
    6424 : 00000000;
    6425 : 00000000;
    6426 : 00000000;
    6427 : 00000000;
    6428 : 00000000;
    6429 : 00000000;
    642A : 00000000;
    642B : 00000000;
    642C : 00000000;
    642D : 00000000;
    642E : 00000000;
    642F : 00000000;
    6430 : 00000000;
    6431 : 00000000;
    6432 : 00000000;
    6433 : 00000000;
    6434 : 00000000;
    6435 : 00000000;
    6436 : 00000000;
    6437 : 00000000;
    6438 : 00000000;
    6439 : 00000000;
    643A : 00000000;
    643B : 00000000;
    643C : 00000000;
    643D : 00000000;
    643E : 00000000;
    643F : 00000000;
    6440 : 00000000;
    6441 : 00000000;
    6442 : 00000000;
    6443 : 00000000;
    6444 : 00000000;
    6445 : 00000000;
    6446 : 00000000;
    6447 : 00000000;
    6448 : 00000000;
    6449 : 00000000;
    644A : 00000000;
    644B : 00000000;
    644C : 00000000;
    644D : 00000000;
    644E : 00000000;
    644F : 00000000;
    6450 : 00000000;
    6451 : 00000000;
    6452 : 00000000;
    6453 : 00000000;
    6454 : 00000000;
    6455 : 00000000;
    6456 : 00000000;
    6457 : 00000000;
    6458 : 00000000;
    6459 : 00000000;
    645A : 00000000;
    645B : 00000000;
    645C : 00000000;
    645D : 00000000;
    645E : 00000000;
    645F : 00000000;
    6460 : 00000000;
    6461 : 00000000;
    6462 : 00000000;
    6463 : 00000000;
    6464 : 00000000;
    6465 : 00000000;
    6466 : 00000000;
    6467 : 00000000;
    6468 : 00000000;
    6469 : 00000000;
    646A : 00000000;
    646B : 00000000;
    646C : 00000000;
    646D : 00000000;
    646E : 00000000;
    646F : 00000000;
    6470 : 00000000;
    6471 : 00000000;
    6472 : 00000000;
    6473 : 00000000;
    6474 : 00000000;
    6475 : 00000000;
    6476 : 00000000;
    6477 : 00000000;
    6478 : 00000000;
    6479 : 00000000;
    647A : 00000000;
    647B : 00000000;
    647C : 00000000;
    647D : 00000000;
    647E : 00000000;
    647F : 00000000;
    6480 : 00000000;
    6481 : 00000000;
    6482 : 00000000;
    6483 : 00000000;
    6484 : 00000000;
    6485 : 00000000;
    6486 : 00000000;
    6487 : 00000000;
    6488 : 00000000;
    6489 : 00000000;
    648A : 00000000;
    648B : 00000000;
    648C : 00000000;
    648D : 00000000;
    648E : 00000000;
    648F : 00000000;
    6490 : 00000000;
    6491 : 00000000;
    6492 : 00000000;
    6493 : 00000000;
    6494 : 00000000;
    6495 : 00000000;
    6496 : 00000000;
    6497 : 00000000;
    6498 : 00000000;
    6499 : 00000000;
    649A : 00000000;
    649B : 00000000;
    649C : 00000000;
    649D : 00000000;
    649E : 00000000;
    649F : 00000000;
    64A0 : 00000000;
    64A1 : 00000000;
    64A2 : 00000000;
    64A3 : 00000000;
    64A4 : 00000000;
    64A5 : 00000000;
    64A6 : 00000000;
    64A7 : 00000000;
    64A8 : 00000000;
    64A9 : 00000000;
    64AA : 00000000;
    64AB : 00000000;
    64AC : 00000000;
    64AD : 00000000;
    64AE : 00000000;
    64AF : 00000000;
    64B0 : 00000000;
    64B1 : 00000000;
    64B2 : 00000000;
    64B3 : 00000000;
    64B4 : 00000000;
    64B5 : 00000000;
    64B6 : 00000000;
    64B7 : 00000000;
    64B8 : 00000000;
    64B9 : 00000000;
    64BA : 00000000;
    64BB : 00000000;
    64BC : 00000000;
    64BD : 00000000;
    64BE : 00000000;
    64BF : 00000000;
    64C0 : 00000000;
    64C1 : 00000000;
    64C2 : 00000000;
    64C3 : 00000000;
    64C4 : 00000000;
    64C5 : 00000000;
    64C6 : 00000000;
    64C7 : 00000000;
    64C8 : 00000000;
    64C9 : 00000000;
    64CA : 00000000;
    64CB : 00000000;
    64CC : 00000000;
    64CD : 00000000;
    64CE : 00000000;
    64CF : 00000000;
    64D0 : 00000000;
    64D1 : 00000000;
    64D2 : 00000000;
    64D3 : 00000000;
    64D4 : 00000000;
    64D5 : 00000000;
    64D6 : 00000000;
    64D7 : 00000000;
    64D8 : 00000000;
    64D9 : 00000000;
    64DA : 00000000;
    64DB : 00000000;
    64DC : 00000000;
    64DD : 00000000;
    64DE : 00000000;
    64DF : 00000000;
    64E0 : 00000000;
    64E1 : 00000000;
    64E2 : 00000000;
    64E3 : 00000000;
    64E4 : 00000000;
    64E5 : 00000000;
    64E6 : 00000000;
    64E7 : 00000000;
    64E8 : 00000000;
    64E9 : 00000000;
    64EA : 00000000;
    64EB : 00000000;
    64EC : 00000000;
    64ED : 00000000;
    64EE : 00000000;
    64EF : 00000000;
    64F0 : 00000000;
    64F1 : 00000000;
    64F2 : 00000000;
    64F3 : 00000000;
    64F4 : 00000000;
    64F5 : 00000000;
    64F6 : 00000000;
    64F7 : 00000000;
    64F8 : 00000000;
    64F9 : 00000000;
    64FA : 00000000;
    64FB : 00000000;
    64FC : 00000000;
    64FD : 00000000;
    64FE : 00000000;
    64FF : 00000000;
    6500 : 00000000;
    6501 : 00000000;
    6502 : 00000000;
    6503 : 00000000;
    6504 : 00000000;
    6505 : 00000000;
    6506 : 00000000;
    6507 : 00000000;
    6508 : 00000000;
    6509 : 00000000;
    650A : 00000000;
    650B : 00000000;
    650C : 00000000;
    650D : 00000000;
    650E : 00000000;
    650F : 00000000;
    6510 : 00000000;
    6511 : 00000000;
    6512 : 00000000;
    6513 : 00000000;
    6514 : 00000000;
    6515 : 00000000;
    6516 : 00000000;
    6517 : 00000000;
    6518 : 00000000;
    6519 : 00000000;
    651A : 00000000;
    651B : 00000000;
    651C : 00000000;
    651D : 00000000;
    651E : 00000000;
    651F : 00000000;
    6520 : 00000000;
    6521 : 00000000;
    6522 : 00000000;
    6523 : 00000000;
    6524 : 00000000;
    6525 : 00000000;
    6526 : 00000000;
    6527 : 00000000;
    6528 : 00000000;
    6529 : 00000000;
    652A : 00000000;
    652B : 00000000;
    652C : 00000000;
    652D : 00000000;
    652E : 00000000;
    652F : 00000000;
    6530 : 00000000;
    6531 : 00000000;
    6532 : 00000000;
    6533 : 00000000;
    6534 : 00000000;
    6535 : 00000000;
    6536 : 00000000;
    6537 : 00000000;
    6538 : 00000000;
    6539 : 00000000;
    653A : 00000000;
    653B : 00000000;
    653C : 00000000;
    653D : 00000000;
    653E : 00000000;
    653F : 00000000;
    6540 : 00000000;
    6541 : 00000000;
    6542 : 00000000;
    6543 : 00000000;
    6544 : 00000000;
    6545 : 00000000;
    6546 : 00000000;
    6547 : 00000000;
    6548 : 00000000;
    6549 : 00000000;
    654A : 00000000;
    654B : 00000000;
    654C : 00000000;
    654D : 00000000;
    654E : 00000000;
    654F : 00000000;
    6550 : 00000000;
    6551 : 00000000;
    6552 : 00000000;
    6553 : 00000000;
    6554 : 00000000;
    6555 : 00000000;
    6556 : 00000000;
    6557 : 00000000;
    6558 : 00000000;
    6559 : 00000000;
    655A : 00000000;
    655B : 00000000;
    655C : 00000000;
    655D : 00000000;
    655E : 00000000;
    655F : 00000000;
    6560 : 00000000;
    6561 : 00000000;
    6562 : 00000000;
    6563 : 00000000;
    6564 : 00000000;
    6565 : 00000000;
    6566 : 00000000;
    6567 : 00000000;
    6568 : 00000000;
    6569 : 00000000;
    656A : 00000000;
    656B : 00000000;
    656C : 00000000;
    656D : 00000000;
    656E : 00000000;
    656F : 00000000;
    6570 : 00000000;
    6571 : 00000000;
    6572 : 00000000;
    6573 : 00000000;
    6574 : 00000000;
    6575 : 00000000;
    6576 : 00000000;
    6577 : 00000000;
    6578 : 00000000;
    6579 : 00000000;
    657A : 00000000;
    657B : 00000000;
    657C : 00000000;
    657D : 00000000;
    657E : 00000000;
    657F : 00000000;
    6580 : 00000000;
    6581 : 00000000;
    6582 : 00000000;
    6583 : 00000000;
    6584 : 00000000;
    6585 : 00000000;
    6586 : 00000000;
    6587 : 00000000;
    6588 : 00000000;
    6589 : 00000000;
    658A : 00000000;
    658B : 00000000;
    658C : 00000000;
    658D : 00000000;
    658E : 00000000;
    658F : 00000000;
    6590 : 00000000;
    6591 : 00000000;
    6592 : 00000000;
    6593 : 00000000;
    6594 : 00000000;
    6595 : 00000000;
    6596 : 00000000;
    6597 : 00000000;
    6598 : 00000000;
    6599 : 00000000;
    659A : 00000000;
    659B : 00000000;
    659C : 00000000;
    659D : 00000000;
    659E : 00000000;
    659F : 00000000;
    65A0 : 00000000;
    65A1 : 00000000;
    65A2 : 00000000;
    65A3 : 00000000;
    65A4 : 00000000;
    65A5 : 00000000;
    65A6 : 00000000;
    65A7 : 00000000;
    65A8 : 00000000;
    65A9 : 00000000;
    65AA : 00000000;
    65AB : 00000000;
    65AC : 00000000;
    65AD : 00000000;
    65AE : 00000000;
    65AF : 00000000;
    65B0 : 00000000;
    65B1 : 00000000;
    65B2 : 00000000;
    65B3 : 00000000;
    65B4 : 00000000;
    65B5 : 00000000;
    65B6 : 00000000;
    65B7 : 00000000;
    65B8 : 00000000;
    65B9 : 00000000;
    65BA : 00000000;
    65BB : 00000000;
    65BC : 00000000;
    65BD : 00000000;
    65BE : 00000000;
    65BF : 00000000;
    65C0 : 00000000;
    65C1 : 00000000;
    65C2 : 00000000;
    65C3 : 00000000;
    65C4 : 00000000;
    65C5 : 00000000;
    65C6 : 00000000;
    65C7 : 00000000;
    65C8 : 00000000;
    65C9 : 00000000;
    65CA : 00000000;
    65CB : 00000000;
    65CC : 00000000;
    65CD : 00000000;
    65CE : 00000000;
    65CF : 00000000;
    65D0 : 00000000;
    65D1 : 00000000;
    65D2 : 00000000;
    65D3 : 00000000;
    65D4 : 00000000;
    65D5 : 00000000;
    65D6 : 00000000;
    65D7 : 00000000;
    65D8 : 00000000;
    65D9 : 00000000;
    65DA : 00000000;
    65DB : 00000000;
    65DC : 00000000;
    65DD : 00000000;
    65DE : 00000000;
    65DF : 00000000;
    65E0 : 00000000;
    65E1 : 00000000;
    65E2 : 00000000;
    65E3 : 00000000;
    65E4 : 00000000;
    65E5 : 00000000;
    65E6 : 00000000;
    65E7 : 00000000;
    65E8 : 00000000;
    65E9 : 00000000;
    65EA : 00000000;
    65EB : 00000000;
    65EC : 00000000;
    65ED : 00000000;
    65EE : 00000000;
    65EF : 00000000;
    65F0 : 00000000;
    65F1 : 00000000;
    65F2 : 00000000;
    65F3 : 00000000;
    65F4 : 00000000;
    65F5 : 00000000;
    65F6 : 00000000;
    65F7 : 00000000;
    65F8 : 00000000;
    65F9 : 00000000;
    65FA : 00000000;
    65FB : 00000000;
    65FC : 00000000;
    65FD : 00000000;
    65FE : 00000000;
    65FF : 00000000;
    6600 : 00000000;
    6601 : 00000000;
    6602 : 00000000;
    6603 : 00000000;
    6604 : 00000000;
    6605 : 00000000;
    6606 : 00000000;
    6607 : 00000000;
    6608 : 00000000;
    6609 : 00000000;
    660A : 00000000;
    660B : 00000000;
    660C : 00000000;
    660D : 00000000;
    660E : 00000000;
    660F : 00000000;
    6610 : 00000000;
    6611 : 00000000;
    6612 : 00000000;
    6613 : 00000000;
    6614 : 00000000;
    6615 : 00000000;
    6616 : 00000000;
    6617 : 00000000;
    6618 : 00000000;
    6619 : 00000000;
    661A : 00000000;
    661B : 00000000;
    661C : 00000000;
    661D : 00000000;
    661E : 00000000;
    661F : 00000000;
    6620 : 00000000;
    6621 : 00000000;
    6622 : 00000000;
    6623 : 00000000;
    6624 : 00000000;
    6625 : 00000000;
    6626 : 00000000;
    6627 : 00000000;
    6628 : 00000000;
    6629 : 00000000;
    662A : 00000000;
    662B : 00000000;
    662C : 00000000;
    662D : 00000000;
    662E : 00000000;
    662F : 00000000;
    6630 : 00000000;
    6631 : 00000000;
    6632 : 00000000;
    6633 : 00000000;
    6634 : 00000000;
    6635 : 00000000;
    6636 : 00000000;
    6637 : 00000000;
    6638 : 00000000;
    6639 : 00000000;
    663A : 00000000;
    663B : 00000000;
    663C : 00000000;
    663D : 00000000;
    663E : 00000000;
    663F : 00000000;
    6640 : 00000000;
    6641 : 00000000;
    6642 : 00000000;
    6643 : 00000000;
    6644 : 00000000;
    6645 : 00000000;
    6646 : 00000000;
    6647 : 00000000;
    6648 : 00000000;
    6649 : 00000000;
    664A : 00000000;
    664B : 00000000;
    664C : 00000000;
    664D : 00000000;
    664E : 00000000;
    664F : 00000000;
    6650 : 00000000;
    6651 : 00000000;
    6652 : 00000000;
    6653 : 00000000;
    6654 : 00000000;
    6655 : 00000000;
    6656 : 00000000;
    6657 : 00000000;
    6658 : 00000000;
    6659 : 00000000;
    665A : 00000000;
    665B : 00000000;
    665C : 00000000;
    665D : 00000000;
    665E : 00000000;
    665F : 00000000;
    6660 : 00000000;
    6661 : 00000000;
    6662 : 00000000;
    6663 : 00000000;
    6664 : 00000000;
    6665 : 00000000;
    6666 : 00000000;
    6667 : 00000000;
    6668 : 00000000;
    6669 : 00000000;
    666A : 00000000;
    666B : 00000000;
    666C : 00000000;
    666D : 00000000;
    666E : 00000000;
    666F : 00000000;
    6670 : 00000000;
    6671 : 00000000;
    6672 : 00000000;
    6673 : 00000000;
    6674 : 00000000;
    6675 : 00000000;
    6676 : 00000000;
    6677 : 00000000;
    6678 : 00000000;
    6679 : 00000000;
    667A : 00000000;
    667B : 00000000;
    667C : 00000000;
    667D : 00000000;
    667E : 00000000;
    667F : 00000000;
    6680 : 00000000;
    6681 : 00000000;
    6682 : 00000000;
    6683 : 00000000;
    6684 : 00000000;
    6685 : 00000000;
    6686 : 00000000;
    6687 : 00000000;
    6688 : 00000000;
    6689 : 00000000;
    668A : 00000000;
    668B : 00000000;
    668C : 00000000;
    668D : 00000000;
    668E : 00000000;
    668F : 00000000;
    6690 : 00000000;
    6691 : 00000000;
    6692 : 00000000;
    6693 : 00000000;
    6694 : 00000000;
    6695 : 00000000;
    6696 : 00000000;
    6697 : 00000000;
    6698 : 00000000;
    6699 : 00000000;
    669A : 00000000;
    669B : 00000000;
    669C : 00000000;
    669D : 00000000;
    669E : 00000000;
    669F : 00000000;
    66A0 : 00000000;
    66A1 : 00000000;
    66A2 : 00000000;
    66A3 : 00000000;
    66A4 : 00000000;
    66A5 : 00000000;
    66A6 : 00000000;
    66A7 : 00000000;
    66A8 : 00000000;
    66A9 : 00000000;
    66AA : 00000000;
    66AB : 00000000;
    66AC : 00000000;
    66AD : 00000000;
    66AE : 00000000;
    66AF : 00000000;
    66B0 : 00000000;
    66B1 : 00000000;
    66B2 : 00000000;
    66B3 : 00000000;
    66B4 : 00000000;
    66B5 : 00000000;
    66B6 : 00000000;
    66B7 : 00000000;
    66B8 : 00000000;
    66B9 : 00000000;
    66BA : 00000000;
    66BB : 00000000;
    66BC : 00000000;
    66BD : 00000000;
    66BE : 00000000;
    66BF : 00000000;
    66C0 : 00000000;
    66C1 : 00000000;
    66C2 : 00000000;
    66C3 : 00000000;
    66C4 : 00000000;
    66C5 : 00000000;
    66C6 : 00000000;
    66C7 : 00000000;
    66C8 : 00000000;
    66C9 : 00000000;
    66CA : 00000000;
    66CB : 00000000;
    66CC : 00000000;
    66CD : 00000000;
    66CE : 00000000;
    66CF : 00000000;
    66D0 : 00000000;
    66D1 : 00000000;
    66D2 : 00000000;
    66D3 : 00000000;
    66D4 : 00000000;
    66D5 : 00000000;
    66D6 : 00000000;
    66D7 : 00000000;
    66D8 : 00000000;
    66D9 : 00000000;
    66DA : 00000000;
    66DB : 00000000;
    66DC : 00000000;
    66DD : 00000000;
    66DE : 00000000;
    66DF : 00000000;
    66E0 : 00000000;
    66E1 : 00000000;
    66E2 : 00000000;
    66E3 : 00000000;
    66E4 : 00000000;
    66E5 : 00000000;
    66E6 : 00000000;
    66E7 : 00000000;
    66E8 : 00000000;
    66E9 : 00000000;
    66EA : 00000000;
    66EB : 00000000;
    66EC : 00000000;
    66ED : 00000000;
    66EE : 00000000;
    66EF : 00000000;
    66F0 : 00000000;
    66F1 : 00000000;
    66F2 : 00000000;
    66F3 : 00000000;
    66F4 : 00000000;
    66F5 : 00000000;
    66F6 : 00000000;
    66F7 : 00000000;
    66F8 : 00000000;
    66F9 : 00000000;
    66FA : 00000000;
    66FB : 00000000;
    66FC : 00000000;
    66FD : 00000000;
    66FE : 00000000;
    66FF : 00000000;
    6700 : 00000000;
    6701 : 00000000;
    6702 : 00000000;
    6703 : 00000000;
    6704 : 00000000;
    6705 : 00000000;
    6706 : 00000000;
    6707 : 00000000;
    6708 : 00000000;
    6709 : 00000000;
    670A : 00000000;
    670B : 00000000;
    670C : 00000000;
    670D : 00000000;
    670E : 00000000;
    670F : 00000000;
    6710 : 00000000;
    6711 : 00000000;
    6712 : 00000000;
    6713 : 00000000;
    6714 : 00000000;
    6715 : 00000000;
    6716 : 00000000;
    6717 : 00000000;
    6718 : 00000000;
    6719 : 00000000;
    671A : 00000000;
    671B : 00000000;
    671C : 00000000;
    671D : 00000000;
    671E : 00000000;
    671F : 00000000;
    6720 : 00000000;
    6721 : 00000000;
    6722 : 00000000;
    6723 : 00000000;
    6724 : 00000000;
    6725 : 00000000;
    6726 : 00000000;
    6727 : 00000000;
    6728 : 00000000;
    6729 : 00000000;
    672A : 00000000;
    672B : 00000000;
    672C : 00000000;
    672D : 00000000;
    672E : 00000000;
    672F : 00000000;
    6730 : 00000000;
    6731 : 00000000;
    6732 : 00000000;
    6733 : 00000000;
    6734 : 00000000;
    6735 : 00000000;
    6736 : 00000000;
    6737 : 00000000;
    6738 : 00000000;
    6739 : 00000000;
    673A : 00000000;
    673B : 00000000;
    673C : 00000000;
    673D : 00000000;
    673E : 00000000;
    673F : 00000000;
    6740 : 00000000;
    6741 : 00000000;
    6742 : 00000000;
    6743 : 00000000;
    6744 : 00000000;
    6745 : 00000000;
    6746 : 00000000;
    6747 : 00000000;
    6748 : 00000000;
    6749 : 00000000;
    674A : 00000000;
    674B : 00000000;
    674C : 00000000;
    674D : 00000000;
    674E : 00000000;
    674F : 00000000;
    6750 : 00000000;
    6751 : 00000000;
    6752 : 00000000;
    6753 : 00000000;
    6754 : 00000000;
    6755 : 00000000;
    6756 : 00000000;
    6757 : 00000000;
    6758 : 00000000;
    6759 : 00000000;
    675A : 00000000;
    675B : 00000000;
    675C : 00000000;
    675D : 00000000;
    675E : 00000000;
    675F : 00000000;
    6760 : 00000000;
    6761 : 00000000;
    6762 : 00000000;
    6763 : 00000000;
    6764 : 00000000;
    6765 : 00000000;
    6766 : 00000000;
    6767 : 00000000;
    6768 : 00000000;
    6769 : 00000000;
    676A : 00000000;
    676B : 00000000;
    676C : 00000000;
    676D : 00000000;
    676E : 00000000;
    676F : 00000000;
    6770 : 00000000;
    6771 : 00000000;
    6772 : 00000000;
    6773 : 00000000;
    6774 : 00000000;
    6775 : 00000000;
    6776 : 00000000;
    6777 : 00000000;
    6778 : 00000000;
    6779 : 00000000;
    677A : 00000000;
    677B : 00000000;
    677C : 00000000;
    677D : 00000000;
    677E : 00000000;
    677F : 00000000;
    6780 : 00000000;
    6781 : 00000000;
    6782 : 00000000;
    6783 : 00000000;
    6784 : 00000000;
    6785 : 00000000;
    6786 : 00000000;
    6787 : 00000000;
    6788 : 00000000;
    6789 : 00000000;
    678A : 00000000;
    678B : 00000000;
    678C : 00000000;
    678D : 00000000;
    678E : 00000000;
    678F : 00000000;
    6790 : 00000000;
    6791 : 00000000;
    6792 : 00000000;
    6793 : 00000000;
    6794 : 00000000;
    6795 : 00000000;
    6796 : 00000000;
    6797 : 00000000;
    6798 : 00000000;
    6799 : 00000000;
    679A : 00000000;
    679B : 00000000;
    679C : 00000000;
    679D : 00000000;
    679E : 00000000;
    679F : 00000000;
    67A0 : 00000000;
    67A1 : 00000000;
    67A2 : 00000000;
    67A3 : 00000000;
    67A4 : 00000000;
    67A5 : 00000000;
    67A6 : 00000000;
    67A7 : 00000000;
    67A8 : 00000000;
    67A9 : 00000000;
    67AA : 00000000;
    67AB : 00000000;
    67AC : 00000000;
    67AD : 00000000;
    67AE : 00000000;
    67AF : 00000000;
    67B0 : 00000000;
    67B1 : 00000000;
    67B2 : 00000000;
    67B3 : 00000000;
    67B4 : 00000000;
    67B5 : 00000000;
    67B6 : 00000000;
    67B7 : 00000000;
    67B8 : 00000000;
    67B9 : 00000000;
    67BA : 00000000;
    67BB : 00000000;
    67BC : 00000000;
    67BD : 00000000;
    67BE : 00000000;
    67BF : 00000000;
    67C0 : 00000000;
    67C1 : 00000000;
    67C2 : 00000000;
    67C3 : 00000000;
    67C4 : 00000000;
    67C5 : 00000000;
    67C6 : 00000000;
    67C7 : 00000000;
    67C8 : 00000000;
    67C9 : 00000000;
    67CA : 00000000;
    67CB : 00000000;
    67CC : 00000000;
    67CD : 00000000;
    67CE : 00000000;
    67CF : 00000000;
    67D0 : 00000000;
    67D1 : 00000000;
    67D2 : 00000000;
    67D3 : 00000000;
    67D4 : 00000000;
    67D5 : 00000000;
    67D6 : 00000000;
    67D7 : 00000000;
    67D8 : 00000000;
    67D9 : 00000000;
    67DA : 00000000;
    67DB : 00000000;
    67DC : 00000000;
    67DD : 00000000;
    67DE : 00000000;
    67DF : 00000000;
    67E0 : 00000000;
    67E1 : 00000000;
    67E2 : 00000000;
    67E3 : 00000000;
    67E4 : 00000000;
    67E5 : 00000000;
    67E6 : 00000000;
    67E7 : 00000000;
    67E8 : 00000000;
    67E9 : 00000000;
    67EA : 00000000;
    67EB : 00000000;
    67EC : 00000000;
    67ED : 00000000;
    67EE : 00000000;
    67EF : 00000000;
    67F0 : 00000000;
    67F1 : 00000000;
    67F2 : 00000000;
    67F3 : 00000000;
    67F4 : 00000000;
    67F5 : 00000000;
    67F6 : 00000000;
    67F7 : 00000000;
    67F8 : 00000000;
    67F9 : 00000000;
    67FA : 00000000;
    67FB : 00000000;
    67FC : 00000000;
    67FD : 00000000;
    67FE : 00000000;
    67FF : 00000000;
    6800 : 00000000;
    6801 : 00000000;
    6802 : 00000000;
    6803 : 00000000;
    6804 : 00000000;
    6805 : 00000000;
    6806 : 00000000;
    6807 : 00000000;
    6808 : 00000000;
    6809 : 00000000;
    680A : 00000000;
    680B : 00000000;
    680C : 00000000;
    680D : 00000000;
    680E : 00000000;
    680F : 00000000;
    6810 : 00000000;
    6811 : 00000000;
    6812 : 00000000;
    6813 : 00000000;
    6814 : 00000000;
    6815 : 00000000;
    6816 : 00000000;
    6817 : 00000000;
    6818 : 00000000;
    6819 : 00000000;
    681A : 00000000;
    681B : 00000000;
    681C : 00000000;
    681D : 00000000;
    681E : 00000000;
    681F : 00000000;
    6820 : 00000000;
    6821 : 00000000;
    6822 : 00000000;
    6823 : 00000000;
    6824 : 00000000;
    6825 : 00000000;
    6826 : 00000000;
    6827 : 00000000;
    6828 : 00000000;
    6829 : 00000000;
    682A : 00000000;
    682B : 00000000;
    682C : 00000000;
    682D : 00000000;
    682E : 00000000;
    682F : 00000000;
    6830 : 00000000;
    6831 : 00000000;
    6832 : 00000000;
    6833 : 00000000;
    6834 : 00000000;
    6835 : 00000000;
    6836 : 00000000;
    6837 : 00000000;
    6838 : 00000000;
    6839 : 00000000;
    683A : 00000000;
    683B : 00000000;
    683C : 00000000;
    683D : 00000000;
    683E : 00000000;
    683F : 00000000;
    6840 : 00000000;
    6841 : 00000000;
    6842 : 00000000;
    6843 : 00000000;
    6844 : 00000000;
    6845 : 00000000;
    6846 : 00000000;
    6847 : 00000000;
    6848 : 00000000;
    6849 : 00000000;
    684A : 00000000;
    684B : 00000000;
    684C : 00000000;
    684D : 00000000;
    684E : 00000000;
    684F : 00000000;
    6850 : 00000000;
    6851 : 00000000;
    6852 : 00000000;
    6853 : 00000000;
    6854 : 00000000;
    6855 : 00000000;
    6856 : 00000000;
    6857 : 00000000;
    6858 : 00000000;
    6859 : 00000000;
    685A : 00000000;
    685B : 00000000;
    685C : 00000000;
    685D : 00000000;
    685E : 00000000;
    685F : 00000000;
    6860 : 00000000;
    6861 : 00000000;
    6862 : 00000000;
    6863 : 00000000;
    6864 : 00000000;
    6865 : 00000000;
    6866 : 00000000;
    6867 : 00000000;
    6868 : 00000000;
    6869 : 00000000;
    686A : 00000000;
    686B : 00000000;
    686C : 00000000;
    686D : 00000000;
    686E : 00000000;
    686F : 00000000;
    6870 : 00000000;
    6871 : 00000000;
    6872 : 00000000;
    6873 : 00000000;
    6874 : 00000000;
    6875 : 00000000;
    6876 : 00000000;
    6877 : 00000000;
    6878 : 00000000;
    6879 : 00000000;
    687A : 00000000;
    687B : 00000000;
    687C : 00000000;
    687D : 00000000;
    687E : 00000000;
    687F : 00000000;
    6880 : 00000000;
    6881 : 00000000;
    6882 : 00000000;
    6883 : 00000000;
    6884 : 00000000;
    6885 : 00000000;
    6886 : 00000000;
    6887 : 00000000;
    6888 : 00000000;
    6889 : 00000000;
    688A : 00000000;
    688B : 00000000;
    688C : 00000000;
    688D : 00000000;
    688E : 00000000;
    688F : 00000000;
    6890 : 00000000;
    6891 : 00000000;
    6892 : 00000000;
    6893 : 00000000;
    6894 : 00000000;
    6895 : 00000000;
    6896 : 00000000;
    6897 : 00000000;
    6898 : 00000000;
    6899 : 00000000;
    689A : 00000000;
    689B : 00000000;
    689C : 00000000;
    689D : 00000000;
    689E : 00000000;
    689F : 00000000;
    68A0 : 00000000;
    68A1 : 00000000;
    68A2 : 00000000;
    68A3 : 00000000;
    68A4 : 00000000;
    68A5 : 00000000;
    68A6 : 00000000;
    68A7 : 00000000;
    68A8 : 00000000;
    68A9 : 00000000;
    68AA : 00000000;
    68AB : 00000000;
    68AC : 00000000;
    68AD : 00000000;
    68AE : 00000000;
    68AF : 00000000;
    68B0 : 00000000;
    68B1 : 00000000;
    68B2 : 00000000;
    68B3 : 00000000;
    68B4 : 00000000;
    68B5 : 00000000;
    68B6 : 00000000;
    68B7 : 00000000;
    68B8 : 00000000;
    68B9 : 00000000;
    68BA : 00000000;
    68BB : 00000000;
    68BC : 00000000;
    68BD : 00000000;
    68BE : 00000000;
    68BF : 00000000;
    68C0 : 00000000;
    68C1 : 00000000;
    68C2 : 00000000;
    68C3 : 00000000;
    68C4 : 00000000;
    68C5 : 00000000;
    68C6 : 00000000;
    68C7 : 00000000;
    68C8 : 00000000;
    68C9 : 00000000;
    68CA : 00000000;
    68CB : 00000000;
    68CC : 00000000;
    68CD : 00000000;
    68CE : 00000000;
    68CF : 00000000;
    68D0 : 00000000;
    68D1 : 00000000;
    68D2 : 00000000;
    68D3 : 00000000;
    68D4 : 00000000;
    68D5 : 00000000;
    68D6 : 00000000;
    68D7 : 00000000;
    68D8 : 00000000;
    68D9 : 00000000;
    68DA : 00000000;
    68DB : 00000000;
    68DC : 00000000;
    68DD : 00000000;
    68DE : 00000000;
    68DF : 00000000;
    68E0 : 00000000;
    68E1 : 00000000;
    68E2 : 00000000;
    68E3 : 00000000;
    68E4 : 00000000;
    68E5 : 00000000;
    68E6 : 00000000;
    68E7 : 00000000;
    68E8 : 00000000;
    68E9 : 00000000;
    68EA : 00000000;
    68EB : 00000000;
    68EC : 00000000;
    68ED : 00000000;
    68EE : 00000000;
    68EF : 00000000;
    68F0 : 00000000;
    68F1 : 00000000;
    68F2 : 00000000;
    68F3 : 00000000;
    68F4 : 00000000;
    68F5 : 00000000;
    68F6 : 00000000;
    68F7 : 00000000;
    68F8 : 00000000;
    68F9 : 00000000;
    68FA : 00000000;
    68FB : 00000000;
    68FC : 00000000;
    68FD : 00000000;
    68FE : 00000000;
    68FF : 00000000;
    6900 : 00000000;
    6901 : 00000000;
    6902 : 00000000;
    6903 : 00000000;
    6904 : 00000000;
    6905 : 00000000;
    6906 : 00000000;
    6907 : 00000000;
    6908 : 00000000;
    6909 : 00000000;
    690A : 00000000;
    690B : 00000000;
    690C : 00000000;
    690D : 00000000;
    690E : 00000000;
    690F : 00000000;
    6910 : 00000000;
    6911 : 00000000;
    6912 : 00000000;
    6913 : 00000000;
    6914 : 00000000;
    6915 : 00000000;
    6916 : 00000000;
    6917 : 00000000;
    6918 : 00000000;
    6919 : 00000000;
    691A : 00000000;
    691B : 00000000;
    691C : 00000000;
    691D : 00000000;
    691E : 00000000;
    691F : 00000000;
    6920 : 00000000;
    6921 : 00000000;
    6922 : 00000000;
    6923 : 00000000;
    6924 : 00000000;
    6925 : 00000000;
    6926 : 00000000;
    6927 : 00000000;
    6928 : 00000000;
    6929 : 00000000;
    692A : 00000000;
    692B : 00000000;
    692C : 00000000;
    692D : 00000000;
    692E : 00000000;
    692F : 00000000;
    6930 : 00000000;
    6931 : 00000000;
    6932 : 00000000;
    6933 : 00000000;
    6934 : 00000000;
    6935 : 00000000;
    6936 : 00000000;
    6937 : 00000000;
    6938 : 00000000;
    6939 : 00000000;
    693A : 00000000;
    693B : 00000000;
    693C : 00000000;
    693D : 00000000;
    693E : 00000000;
    693F : 00000000;
    6940 : 00000000;
    6941 : 00000000;
    6942 : 00000000;
    6943 : 00000000;
    6944 : 00000000;
    6945 : 00000000;
    6946 : 00000000;
    6947 : 00000000;
    6948 : 00000000;
    6949 : 00000000;
    694A : 00000000;
    694B : 00000000;
    694C : 00000000;
    694D : 00000000;
    694E : 00000000;
    694F : 00000000;
    6950 : 00000000;
    6951 : 00000000;
    6952 : 00000000;
    6953 : 00000000;
    6954 : 00000000;
    6955 : 00000000;
    6956 : 00000000;
    6957 : 00000000;
    6958 : 00000000;
    6959 : 00000000;
    695A : 00000000;
    695B : 00000000;
    695C : 00000000;
    695D : 00000000;
    695E : 00000000;
    695F : 00000000;
    6960 : 00000000;
    6961 : 00000000;
    6962 : 00000000;
    6963 : 00000000;
    6964 : 00000000;
    6965 : 00000000;
    6966 : 00000000;
    6967 : 00000000;
    6968 : 00000000;
    6969 : 00000000;
    696A : 00000000;
    696B : 00000000;
    696C : 00000000;
    696D : 00000000;
    696E : 00000000;
    696F : 00000000;
    6970 : 00000000;
    6971 : 00000000;
    6972 : 00000000;
    6973 : 00000000;
    6974 : 00000000;
    6975 : 00000000;
    6976 : 00000000;
    6977 : 00000000;
    6978 : 00000000;
    6979 : 00000000;
    697A : 00000000;
    697B : 00000000;
    697C : 00000000;
    697D : 00000000;
    697E : 00000000;
    697F : 00000000;
    6980 : 00000000;
    6981 : 00000000;
    6982 : 00000000;
    6983 : 00000000;
    6984 : 00000000;
    6985 : 00000000;
    6986 : 00000000;
    6987 : 00000000;
    6988 : 00000000;
    6989 : 00000000;
    698A : 00000000;
    698B : 00000000;
    698C : 00000000;
    698D : 00000000;
    698E : 00000000;
    698F : 00000000;
    6990 : 00000000;
    6991 : 00000000;
    6992 : 00000000;
    6993 : 00000000;
    6994 : 00000000;
    6995 : 00000000;
    6996 : 00000000;
    6997 : 00000000;
    6998 : 00000000;
    6999 : 00000000;
    699A : 00000000;
    699B : 00000000;
    699C : 00000000;
    699D : 00000000;
    699E : 00000000;
    699F : 00000000;
    69A0 : 00000000;
    69A1 : 00000000;
    69A2 : 00000000;
    69A3 : 00000000;
    69A4 : 00000000;
    69A5 : 00000000;
    69A6 : 00000000;
    69A7 : 00000000;
    69A8 : 00000000;
    69A9 : 00000000;
    69AA : 00000000;
    69AB : 00000000;
    69AC : 00000000;
    69AD : 00000000;
    69AE : 00000000;
    69AF : 00000000;
    69B0 : 00000000;
    69B1 : 00000000;
    69B2 : 00000000;
    69B3 : 00000000;
    69B4 : 00000000;
    69B5 : 00000000;
    69B6 : 00000000;
    69B7 : 00000000;
    69B8 : 00000000;
    69B9 : 00000000;
    69BA : 00000000;
    69BB : 00000000;
    69BC : 00000000;
    69BD : 00000000;
    69BE : 00000000;
    69BF : 00000000;
    69C0 : 00000000;
    69C1 : 00000000;
    69C2 : 00000000;
    69C3 : 00000000;
    69C4 : 00000000;
    69C5 : 00000000;
    69C6 : 00000000;
    69C7 : 00000000;
    69C8 : 00000000;
    69C9 : 00000000;
    69CA : 00000000;
    69CB : 00000000;
    69CC : 00000000;
    69CD : 00000000;
    69CE : 00000000;
    69CF : 00000000;
    69D0 : 00000000;
    69D1 : 00000000;
    69D2 : 00000000;
    69D3 : 00000000;
    69D4 : 00000000;
    69D5 : 00000000;
    69D6 : 00000000;
    69D7 : 00000000;
    69D8 : 00000000;
    69D9 : 00000000;
    69DA : 00000000;
    69DB : 00000000;
    69DC : 00000000;
    69DD : 00000000;
    69DE : 00000000;
    69DF : 00000000;
    69E0 : 00000000;
    69E1 : 00000000;
    69E2 : 00000000;
    69E3 : 00000000;
    69E4 : 00000000;
    69E5 : 00000000;
    69E6 : 00000000;
    69E7 : 00000000;
    69E8 : 00000000;
    69E9 : 00000000;
    69EA : 00000000;
    69EB : 00000000;
    69EC : 00000000;
    69ED : 00000000;
    69EE : 00000000;
    69EF : 00000000;
    69F0 : 00000000;
    69F1 : 00000000;
    69F2 : 00000000;
    69F3 : 00000000;
    69F4 : 00000000;
    69F5 : 00000000;
    69F6 : 00000000;
    69F7 : 00000000;
    69F8 : 00000000;
    69F9 : 00000000;
    69FA : 00000000;
    69FB : 00000000;
    69FC : 00000000;
    69FD : 00000000;
    69FE : 00000000;
    69FF : 00000000;
    6A00 : 00000000;
    6A01 : 00000000;
    6A02 : 00000000;
    6A03 : 00000000;
    6A04 : 00000000;
    6A05 : 00000000;
    6A06 : 00000000;
    6A07 : 00000000;
    6A08 : 00000000;
    6A09 : 00000000;
    6A0A : 00000000;
    6A0B : 00000000;
    6A0C : 00000000;
    6A0D : 00000000;
    6A0E : 00000000;
    6A0F : 00000000;
    6A10 : 00000000;
    6A11 : 00000000;
    6A12 : 00000000;
    6A13 : 00000000;
    6A14 : 00000000;
    6A15 : 00000000;
    6A16 : 00000000;
    6A17 : 00000000;
    6A18 : 00000000;
    6A19 : 00000000;
    6A1A : 00000000;
    6A1B : 00000000;
    6A1C : 00000000;
    6A1D : 00000000;
    6A1E : 00000000;
    6A1F : 00000000;
    6A20 : 00000000;
    6A21 : 00000000;
    6A22 : 00000000;
    6A23 : 00000000;
    6A24 : 00000000;
    6A25 : 00000000;
    6A26 : 00000000;
    6A27 : 00000000;
    6A28 : 00000000;
    6A29 : 00000000;
    6A2A : 00000000;
    6A2B : 00000000;
    6A2C : 00000000;
    6A2D : 00000000;
    6A2E : 00000000;
    6A2F : 00000000;
    6A30 : 00000000;
    6A31 : 00000000;
    6A32 : 00000000;
    6A33 : 00000000;
    6A34 : 00000000;
    6A35 : 00000000;
    6A36 : 00000000;
    6A37 : 00000000;
    6A38 : 00000000;
    6A39 : 00000000;
    6A3A : 00000000;
    6A3B : 00000000;
    6A3C : 00000000;
    6A3D : 00000000;
    6A3E : 00000000;
    6A3F : 00000000;
    6A40 : 00000000;
    6A41 : 00000000;
    6A42 : 00000000;
    6A43 : 00000000;
    6A44 : 00000000;
    6A45 : 00000000;
    6A46 : 00000000;
    6A47 : 00000000;
    6A48 : 00000000;
    6A49 : 00000000;
    6A4A : 00000000;
    6A4B : 00000000;
    6A4C : 00000000;
    6A4D : 00000000;
    6A4E : 00000000;
    6A4F : 00000000;
    6A50 : 00000000;
    6A51 : 00000000;
    6A52 : 00000000;
    6A53 : 00000000;
    6A54 : 00000000;
    6A55 : 00000000;
    6A56 : 00000000;
    6A57 : 00000000;
    6A58 : 00000000;
    6A59 : 00000000;
    6A5A : 00000000;
    6A5B : 00000000;
    6A5C : 00000000;
    6A5D : 00000000;
    6A5E : 00000000;
    6A5F : 00000000;
    6A60 : 00000000;
    6A61 : 00000000;
    6A62 : 00000000;
    6A63 : 00000000;
    6A64 : 00000000;
    6A65 : 00000000;
    6A66 : 00000000;
    6A67 : 00000000;
    6A68 : 00000000;
    6A69 : 00000000;
    6A6A : 00000000;
    6A6B : 00000000;
    6A6C : 00000000;
    6A6D : 00000000;
    6A6E : 00000000;
    6A6F : 00000000;
    6A70 : 00000000;
    6A71 : 00000000;
    6A72 : 00000000;
    6A73 : 00000000;
    6A74 : 00000000;
    6A75 : 00000000;
    6A76 : 00000000;
    6A77 : 00000000;
    6A78 : 00000000;
    6A79 : 00000000;
    6A7A : 00000000;
    6A7B : 00000000;
    6A7C : 00000000;
    6A7D : 00000000;
    6A7E : 00000000;
    6A7F : 00000000;
    6A80 : 00000000;
    6A81 : 00000000;
    6A82 : 00000000;
    6A83 : 00000000;
    6A84 : 00000000;
    6A85 : 00000000;
    6A86 : 00000000;
    6A87 : 00000000;
    6A88 : 00000000;
    6A89 : 00000000;
    6A8A : 00000000;
    6A8B : 00000000;
    6A8C : 00000000;
    6A8D : 00000000;
    6A8E : 00000000;
    6A8F : 00000000;
    6A90 : 00000000;
    6A91 : 00000000;
    6A92 : 00000000;
    6A93 : 00000000;
    6A94 : 00000000;
    6A95 : 00000000;
    6A96 : 00000000;
    6A97 : 00000000;
    6A98 : 00000000;
    6A99 : 00000000;
    6A9A : 00000000;
    6A9B : 00000000;
    6A9C : 00000000;
    6A9D : 00000000;
    6A9E : 00000000;
    6A9F : 00000000;
    6AA0 : 00000000;
    6AA1 : 00000000;
    6AA2 : 00000000;
    6AA3 : 00000000;
    6AA4 : 00000000;
    6AA5 : 00000000;
    6AA6 : 00000000;
    6AA7 : 00000000;
    6AA8 : 00000000;
    6AA9 : 00000000;
    6AAA : 00000000;
    6AAB : 00000000;
    6AAC : 00000000;
    6AAD : 00000000;
    6AAE : 00000000;
    6AAF : 00000000;
    6AB0 : 00000000;
    6AB1 : 00000000;
    6AB2 : 00000000;
    6AB3 : 00000000;
    6AB4 : 00000000;
    6AB5 : 00000000;
    6AB6 : 00000000;
    6AB7 : 00000000;
    6AB8 : 00000000;
    6AB9 : 00000000;
    6ABA : 00000000;
    6ABB : 00000000;
    6ABC : 00000000;
    6ABD : 00000000;
    6ABE : 00000000;
    6ABF : 00000000;
    6AC0 : 00000000;
    6AC1 : 00000000;
    6AC2 : 00000000;
    6AC3 : 00000000;
    6AC4 : 00000000;
    6AC5 : 00000000;
    6AC6 : 00000000;
    6AC7 : 00000000;
    6AC8 : 00000000;
    6AC9 : 00000000;
    6ACA : 00000000;
    6ACB : 00000000;
    6ACC : 00000000;
    6ACD : 00000000;
    6ACE : 00000000;
    6ACF : 00000000;
    6AD0 : 00000000;
    6AD1 : 00000000;
    6AD2 : 00000000;
    6AD3 : 00000000;
    6AD4 : 00000000;
    6AD5 : 00000000;
    6AD6 : 00000000;
    6AD7 : 00000000;
    6AD8 : 00000000;
    6AD9 : 00000000;
    6ADA : 00000000;
    6ADB : 00000000;
    6ADC : 00000000;
    6ADD : 00000000;
    6ADE : 00000000;
    6ADF : 00000000;
    6AE0 : 00000000;
    6AE1 : 00000000;
    6AE2 : 00000000;
    6AE3 : 00000000;
    6AE4 : 00000000;
    6AE5 : 00000000;
    6AE6 : 00000000;
    6AE7 : 00000000;
    6AE8 : 00000000;
    6AE9 : 00000000;
    6AEA : 00000000;
    6AEB : 00000000;
    6AEC : 00000000;
    6AED : 00000000;
    6AEE : 00000000;
    6AEF : 00000000;
    6AF0 : 00000000;
    6AF1 : 00000000;
    6AF2 : 00000000;
    6AF3 : 00000000;
    6AF4 : 00000000;
    6AF5 : 00000000;
    6AF6 : 00000000;
    6AF7 : 00000000;
    6AF8 : 00000000;
    6AF9 : 00000000;
    6AFA : 00000000;
    6AFB : 00000000;
    6AFC : 00000000;
    6AFD : 00000000;
    6AFE : 00000000;
    6AFF : 00000000;
    6B00 : 00000000;
    6B01 : 00000000;
    6B02 : 00000000;
    6B03 : 00000000;
    6B04 : 00000000;
    6B05 : 00000000;
    6B06 : 00000000;
    6B07 : 00000000;
    6B08 : 00000000;
    6B09 : 00000000;
    6B0A : 00000000;
    6B0B : 00000000;
    6B0C : 00000000;
    6B0D : 00000000;
    6B0E : 00000000;
    6B0F : 00000000;
    6B10 : 00000000;
    6B11 : 00000000;
    6B12 : 00000000;
    6B13 : 00000000;
    6B14 : 00000000;
    6B15 : 00000000;
    6B16 : 00000000;
    6B17 : 00000000;
    6B18 : 00000000;
    6B19 : 00000000;
    6B1A : 00000000;
    6B1B : 00000000;
    6B1C : 00000000;
    6B1D : 00000000;
    6B1E : 00000000;
    6B1F : 00000000;
    6B20 : 00000000;
    6B21 : 00000000;
    6B22 : 00000000;
    6B23 : 00000000;
    6B24 : 00000000;
    6B25 : 00000000;
    6B26 : 00000000;
    6B27 : 00000000;
    6B28 : 00000000;
    6B29 : 00000000;
    6B2A : 00000000;
    6B2B : 00000000;
    6B2C : 00000000;
    6B2D : 00000000;
    6B2E : 00000000;
    6B2F : 00000000;
    6B30 : 00000000;
    6B31 : 00000000;
    6B32 : 00000000;
    6B33 : 00000000;
    6B34 : 00000000;
    6B35 : 00000000;
    6B36 : 00000000;
    6B37 : 00000000;
    6B38 : 00000000;
    6B39 : 00000000;
    6B3A : 00000000;
    6B3B : 00000000;
    6B3C : 00000000;
    6B3D : 00000000;
    6B3E : 00000000;
    6B3F : 00000000;
    6B40 : 00000000;
    6B41 : 00000000;
    6B42 : 00000000;
    6B43 : 00000000;
    6B44 : 00000000;
    6B45 : 00000000;
    6B46 : 00000000;
    6B47 : 00000000;
    6B48 : 00000000;
    6B49 : 00000000;
    6B4A : 00000000;
    6B4B : 00000000;
    6B4C : 00000000;
    6B4D : 00000000;
    6B4E : 00000000;
    6B4F : 00000000;
    6B50 : 00000000;
    6B51 : 00000000;
    6B52 : 00000000;
    6B53 : 00000000;
    6B54 : 00000000;
    6B55 : 00000000;
    6B56 : 00000000;
    6B57 : 00000000;
    6B58 : 00000000;
    6B59 : 00000000;
    6B5A : 00000000;
    6B5B : 00000000;
    6B5C : 00000000;
    6B5D : 00000000;
    6B5E : 00000000;
    6B5F : 00000000;
    6B60 : 00000000;
    6B61 : 00000000;
    6B62 : 00000000;
    6B63 : 00000000;
    6B64 : 00000000;
    6B65 : 00000000;
    6B66 : 00000000;
    6B67 : 00000000;
    6B68 : 00000000;
    6B69 : 00000000;
    6B6A : 00000000;
    6B6B : 00000000;
    6B6C : 00000000;
    6B6D : 00000000;
    6B6E : 00000000;
    6B6F : 00000000;
    6B70 : 00000000;
    6B71 : 00000000;
    6B72 : 00000000;
    6B73 : 00000000;
    6B74 : 00000000;
    6B75 : 00000000;
    6B76 : 00000000;
    6B77 : 00000000;
    6B78 : 00000000;
    6B79 : 00000000;
    6B7A : 00000000;
    6B7B : 00000000;
    6B7C : 00000000;
    6B7D : 00000000;
    6B7E : 00000000;
    6B7F : 00000000;
    6B80 : 00000000;
    6B81 : 00000000;
    6B82 : 00000000;
    6B83 : 00000000;
    6B84 : 00000000;
    6B85 : 00000000;
    6B86 : 00000000;
    6B87 : 00000000;
    6B88 : 00000000;
    6B89 : 00000000;
    6B8A : 00000000;
    6B8B : 00000000;
    6B8C : 00000000;
    6B8D : 00000000;
    6B8E : 00000000;
    6B8F : 00000000;
    6B90 : 00000000;
    6B91 : 00000000;
    6B92 : 00000000;
    6B93 : 00000000;
    6B94 : 00000000;
    6B95 : 00000000;
    6B96 : 00000000;
    6B97 : 00000000;
    6B98 : 00000000;
    6B99 : 00000000;
    6B9A : 00000000;
    6B9B : 00000000;
    6B9C : 00000000;
    6B9D : 00000000;
    6B9E : 00000000;
    6B9F : 00000000;
    6BA0 : 00000000;
    6BA1 : 00000000;
    6BA2 : 00000000;
    6BA3 : 00000000;
    6BA4 : 00000000;
    6BA5 : 00000000;
    6BA6 : 00000000;
    6BA7 : 00000000;
    6BA8 : 00000000;
    6BA9 : 00000000;
    6BAA : 00000000;
    6BAB : 00000000;
    6BAC : 00000000;
    6BAD : 00000000;
    6BAE : 00000000;
    6BAF : 00000000;
    6BB0 : 00000000;
    6BB1 : 00000000;
    6BB2 : 00000000;
    6BB3 : 00000000;
    6BB4 : 00000000;
    6BB5 : 00000000;
    6BB6 : 00000000;
    6BB7 : 00000000;
    6BB8 : 00000000;
    6BB9 : 00000000;
    6BBA : 00000000;
    6BBB : 00000000;
    6BBC : 00000000;
    6BBD : 00000000;
    6BBE : 00000000;
    6BBF : 00000000;
    6BC0 : 00000000;
    6BC1 : 00000000;
    6BC2 : 00000000;
    6BC3 : 00000000;
    6BC4 : 00000000;
    6BC5 : 00000000;
    6BC6 : 00000000;
    6BC7 : 00000000;
    6BC8 : 00000000;
    6BC9 : 00000000;
    6BCA : 00000000;
    6BCB : 00000000;
    6BCC : 00000000;
    6BCD : 00000000;
    6BCE : 00000000;
    6BCF : 00000000;
    6BD0 : 00000000;
    6BD1 : 00000000;
    6BD2 : 00000000;
    6BD3 : 00000000;
    6BD4 : 00000000;
    6BD5 : 00000000;
    6BD6 : 00000000;
    6BD7 : 00000000;
    6BD8 : 00000000;
    6BD9 : 00000000;
    6BDA : 00000000;
    6BDB : 00000000;
    6BDC : 00000000;
    6BDD : 00000000;
    6BDE : 00000000;
    6BDF : 00000000;
    6BE0 : 00000000;
    6BE1 : 00000000;
    6BE2 : 00000000;
    6BE3 : 00000000;
    6BE4 : 00000000;
    6BE5 : 00000000;
    6BE6 : 00000000;
    6BE7 : 00000000;
    6BE8 : 00000000;
    6BE9 : 00000000;
    6BEA : 00000000;
    6BEB : 00000000;
    6BEC : 00000000;
    6BED : 00000000;
    6BEE : 00000000;
    6BEF : 00000000;
    6BF0 : 00000000;
    6BF1 : 00000000;
    6BF2 : 00000000;
    6BF3 : 00000000;
    6BF4 : 00000000;
    6BF5 : 00000000;
    6BF6 : 00000000;
    6BF7 : 00000000;
    6BF8 : 00000000;
    6BF9 : 00000000;
    6BFA : 00000000;
    6BFB : 00000000;
    6BFC : 00000000;
    6BFD : 00000000;
    6BFE : 00000000;
    6BFF : 00000000;
    6C00 : 00000000;
    6C01 : 00000000;
    6C02 : 00000000;
    6C03 : 00000000;
    6C04 : 00000000;
    6C05 : 00000000;
    6C06 : 00000000;
    6C07 : 00000000;
    6C08 : 00000000;
    6C09 : 00000000;
    6C0A : 00000000;
    6C0B : 00000000;
    6C0C : 00000000;
    6C0D : 00000000;
    6C0E : 00000000;
    6C0F : 00000000;
    6C10 : 00000000;
    6C11 : 00000000;
    6C12 : 00000000;
    6C13 : 00000000;
    6C14 : 00000000;
    6C15 : 00000000;
    6C16 : 00000000;
    6C17 : 00000000;
    6C18 : 00000000;
    6C19 : 00000000;
    6C1A : 00000000;
    6C1B : 00000000;
    6C1C : 00000000;
    6C1D : 00000000;
    6C1E : 00000000;
    6C1F : 00000000;
    6C20 : 00000000;
    6C21 : 00000000;
    6C22 : 00000000;
    6C23 : 00000000;
    6C24 : 00000000;
    6C25 : 00000000;
    6C26 : 00000000;
    6C27 : 00000000;
    6C28 : 00000000;
    6C29 : 00000000;
    6C2A : 00000000;
    6C2B : 00000000;
    6C2C : 00000000;
    6C2D : 00000000;
    6C2E : 00000000;
    6C2F : 00000000;
    6C30 : 00000000;
    6C31 : 00000000;
    6C32 : 00000000;
    6C33 : 00000000;
    6C34 : 00000000;
    6C35 : 00000000;
    6C36 : 00000000;
    6C37 : 00000000;
    6C38 : 00000000;
    6C39 : 00000000;
    6C3A : 00000000;
    6C3B : 00000000;
    6C3C : 00000000;
    6C3D : 00000000;
    6C3E : 00000000;
    6C3F : 00000000;
    6C40 : 00000000;
    6C41 : 00000000;
    6C42 : 00000000;
    6C43 : 00000000;
    6C44 : 00000000;
    6C45 : 00000000;
    6C46 : 00000000;
    6C47 : 00000000;
    6C48 : 00000000;
    6C49 : 00000000;
    6C4A : 00000000;
    6C4B : 00000000;
    6C4C : 00000000;
    6C4D : 00000000;
    6C4E : 00000000;
    6C4F : 00000000;
    6C50 : 00000000;
    6C51 : 00000000;
    6C52 : 00000000;
    6C53 : 00000000;
    6C54 : 00000000;
    6C55 : 00000000;
    6C56 : 00000000;
    6C57 : 00000000;
    6C58 : 00000000;
    6C59 : 00000000;
    6C5A : 00000000;
    6C5B : 00000000;
    6C5C : 00000000;
    6C5D : 00000000;
    6C5E : 00000000;
    6C5F : 00000000;
    6C60 : 00000000;
    6C61 : 00000000;
    6C62 : 00000000;
    6C63 : 00000000;
    6C64 : 00000000;
    6C65 : 00000000;
    6C66 : 00000000;
    6C67 : 00000000;
    6C68 : 00000000;
    6C69 : 00000000;
    6C6A : 00000000;
    6C6B : 00000000;
    6C6C : 00000000;
    6C6D : 00000000;
    6C6E : 00000000;
    6C6F : 00000000;
    6C70 : 00000000;
    6C71 : 00000000;
    6C72 : 00000000;
    6C73 : 00000000;
    6C74 : 00000000;
    6C75 : 00000000;
    6C76 : 00000000;
    6C77 : 00000000;
    6C78 : 00000000;
    6C79 : 00000000;
    6C7A : 00000000;
    6C7B : 00000000;
    6C7C : 00000000;
    6C7D : 00000000;
    6C7E : 00000000;
    6C7F : 00000000;
    6C80 : 00000000;
    6C81 : 00000000;
    6C82 : 00000000;
    6C83 : 00000000;
    6C84 : 00000000;
    6C85 : 00000000;
    6C86 : 00000000;
    6C87 : 00000000;
    6C88 : 00000000;
    6C89 : 00000000;
    6C8A : 00000000;
    6C8B : 00000000;
    6C8C : 00000000;
    6C8D : 00000000;
    6C8E : 00000000;
    6C8F : 00000000;
    6C90 : 00000000;
    6C91 : 00000000;
    6C92 : 00000000;
    6C93 : 00000000;
    6C94 : 00000000;
    6C95 : 00000000;
    6C96 : 00000000;
    6C97 : 00000000;
    6C98 : 00000000;
    6C99 : 00000000;
    6C9A : 00000000;
    6C9B : 00000000;
    6C9C : 00000000;
    6C9D : 00000000;
    6C9E : 00000000;
    6C9F : 00000000;
    6CA0 : 00000000;
    6CA1 : 00000000;
    6CA2 : 00000000;
    6CA3 : 00000000;
    6CA4 : 00000000;
    6CA5 : 00000000;
    6CA6 : 00000000;
    6CA7 : 00000000;
    6CA8 : 00000000;
    6CA9 : 00000000;
    6CAA : 00000000;
    6CAB : 00000000;
    6CAC : 00000000;
    6CAD : 00000000;
    6CAE : 00000000;
    6CAF : 00000000;
    6CB0 : 00000000;
    6CB1 : 00000000;
    6CB2 : 00000000;
    6CB3 : 00000000;
    6CB4 : 00000000;
    6CB5 : 00000000;
    6CB6 : 00000000;
    6CB7 : 00000000;
    6CB8 : 00000000;
    6CB9 : 00000000;
    6CBA : 00000000;
    6CBB : 00000000;
    6CBC : 00000000;
    6CBD : 00000000;
    6CBE : 00000000;
    6CBF : 00000000;
    6CC0 : 00000000;
    6CC1 : 00000000;
    6CC2 : 00000000;
    6CC3 : 00000000;
    6CC4 : 00000000;
    6CC5 : 00000000;
    6CC6 : 00000000;
    6CC7 : 00000000;
    6CC8 : 00000000;
    6CC9 : 00000000;
    6CCA : 00000000;
    6CCB : 00000000;
    6CCC : 00000000;
    6CCD : 00000000;
    6CCE : 00000000;
    6CCF : 00000000;
    6CD0 : 00000000;
    6CD1 : 00000000;
    6CD2 : 00000000;
    6CD3 : 00000000;
    6CD4 : 00000000;
    6CD5 : 00000000;
    6CD6 : 00000000;
    6CD7 : 00000000;
    6CD8 : 00000000;
    6CD9 : 00000000;
    6CDA : 00000000;
    6CDB : 00000000;
    6CDC : 00000000;
    6CDD : 00000000;
    6CDE : 00000000;
    6CDF : 00000000;
    6CE0 : 00000000;
    6CE1 : 00000000;
    6CE2 : 00000000;
    6CE3 : 00000000;
    6CE4 : 00000000;
    6CE5 : 00000000;
    6CE6 : 00000000;
    6CE7 : 00000000;
    6CE8 : 00000000;
    6CE9 : 00000000;
    6CEA : 00000000;
    6CEB : 00000000;
    6CEC : 00000000;
    6CED : 00000000;
    6CEE : 00000000;
    6CEF : 00000000;
    6CF0 : 00000000;
    6CF1 : 00000000;
    6CF2 : 00000000;
    6CF3 : 00000000;
    6CF4 : 00000000;
    6CF5 : 00000000;
    6CF6 : 00000000;
    6CF7 : 00000000;
    6CF8 : 00000000;
    6CF9 : 00000000;
    6CFA : 00000000;
    6CFB : 00000000;
    6CFC : 00000000;
    6CFD : 00000000;
    6CFE : 00000000;
    6CFF : 00000000;
    6D00 : 00000000;
    6D01 : 00000000;
    6D02 : 00000000;
    6D03 : 00000000;
    6D04 : 00000000;
    6D05 : 00000000;
    6D06 : 00000000;
    6D07 : 00000000;
    6D08 : 00000000;
    6D09 : 00000000;
    6D0A : 00000000;
    6D0B : 00000000;
    6D0C : 00000000;
    6D0D : 00000000;
    6D0E : 00000000;
    6D0F : 00000000;
    6D10 : 00000000;
    6D11 : 00000000;
    6D12 : 00000000;
    6D13 : 00000000;
    6D14 : 00000000;
    6D15 : 00000000;
    6D16 : 00000000;
    6D17 : 00000000;
    6D18 : 00000000;
    6D19 : 00000000;
    6D1A : 00000000;
    6D1B : 00000000;
    6D1C : 00000000;
    6D1D : 00000000;
    6D1E : 00000000;
    6D1F : 00000000;
    6D20 : 00000000;
    6D21 : 00000000;
    6D22 : 00000000;
    6D23 : 00000000;
    6D24 : 00000000;
    6D25 : 00000000;
    6D26 : 00000000;
    6D27 : 00000000;
    6D28 : 00000000;
    6D29 : 00000000;
    6D2A : 00000000;
    6D2B : 00000000;
    6D2C : 00000000;
    6D2D : 00000000;
    6D2E : 00000000;
    6D2F : 00000000;
    6D30 : 00000000;
    6D31 : 00000000;
    6D32 : 00000000;
    6D33 : 00000000;
    6D34 : 00000000;
    6D35 : 00000000;
    6D36 : 00000000;
    6D37 : 00000000;
    6D38 : 00000000;
    6D39 : 00000000;
    6D3A : 00000000;
    6D3B : 00000000;
    6D3C : 00000000;
    6D3D : 00000000;
    6D3E : 00000000;
    6D3F : 00000000;
    6D40 : 00000000;
    6D41 : 00000000;
    6D42 : 00000000;
    6D43 : 00000000;
    6D44 : 00000000;
    6D45 : 00000000;
    6D46 : 00000000;
    6D47 : 00000000;
    6D48 : 00000000;
    6D49 : 00000000;
    6D4A : 00000000;
    6D4B : 00000000;
    6D4C : 00000000;
    6D4D : 00000000;
    6D4E : 00000000;
    6D4F : 00000000;
    6D50 : 00000000;
    6D51 : 00000000;
    6D52 : 00000000;
    6D53 : 00000000;
    6D54 : 00000000;
    6D55 : 00000000;
    6D56 : 00000000;
    6D57 : 00000000;
    6D58 : 00000000;
    6D59 : 00000000;
    6D5A : 00000000;
    6D5B : 00000000;
    6D5C : 00000000;
    6D5D : 00000000;
    6D5E : 00000000;
    6D5F : 00000000;
    6D60 : 00000000;
    6D61 : 00000000;
    6D62 : 00000000;
    6D63 : 00000000;
    6D64 : 00000000;
    6D65 : 00000000;
    6D66 : 00000000;
    6D67 : 00000000;
    6D68 : 00000000;
    6D69 : 00000000;
    6D6A : 00000000;
    6D6B : 00000000;
    6D6C : 00000000;
    6D6D : 00000000;
    6D6E : 00000000;
    6D6F : 00000000;
    6D70 : 00000000;
    6D71 : 00000000;
    6D72 : 00000000;
    6D73 : 00000000;
    6D74 : 00000000;
    6D75 : 00000000;
    6D76 : 00000000;
    6D77 : 00000000;
    6D78 : 00000000;
    6D79 : 00000000;
    6D7A : 00000000;
    6D7B : 00000000;
    6D7C : 00000000;
    6D7D : 00000000;
    6D7E : 00000000;
    6D7F : 00000000;
    6D80 : 00000000;
    6D81 : 00000000;
    6D82 : 00000000;
    6D83 : 00000000;
    6D84 : 00000000;
    6D85 : 00000000;
    6D86 : 00000000;
    6D87 : 00000000;
    6D88 : 00000000;
    6D89 : 00000000;
    6D8A : 00000000;
    6D8B : 00000000;
    6D8C : 00000000;
    6D8D : 00000000;
    6D8E : 00000000;
    6D8F : 00000000;
    6D90 : 00000000;
    6D91 : 00000000;
    6D92 : 00000000;
    6D93 : 00000000;
    6D94 : 00000000;
    6D95 : 00000000;
    6D96 : 00000000;
    6D97 : 00000000;
    6D98 : 00000000;
    6D99 : 00000000;
    6D9A : 00000000;
    6D9B : 00000000;
    6D9C : 00000000;
    6D9D : 00000000;
    6D9E : 00000000;
    6D9F : 00000000;
    6DA0 : 00000000;
    6DA1 : 00000000;
    6DA2 : 00000000;
    6DA3 : 00000000;
    6DA4 : 00000000;
    6DA5 : 00000000;
    6DA6 : 00000000;
    6DA7 : 00000000;
    6DA8 : 00000000;
    6DA9 : 00000000;
    6DAA : 00000000;
    6DAB : 00000000;
    6DAC : 00000000;
    6DAD : 00000000;
    6DAE : 00000000;
    6DAF : 00000000;
    6DB0 : 00000000;
    6DB1 : 00000000;
    6DB2 : 00000000;
    6DB3 : 00000000;
    6DB4 : 00000000;
    6DB5 : 00000000;
    6DB6 : 00000000;
    6DB7 : 00000000;
    6DB8 : 00000000;
    6DB9 : 00000000;
    6DBA : 00000000;
    6DBB : 00000000;
    6DBC : 00000000;
    6DBD : 00000000;
    6DBE : 00000000;
    6DBF : 00000000;
    6DC0 : 00000000;
    6DC1 : 00000000;
    6DC2 : 00000000;
    6DC3 : 00000000;
    6DC4 : 00000000;
    6DC5 : 00000000;
    6DC6 : 00000000;
    6DC7 : 00000000;
    6DC8 : 00000000;
    6DC9 : 00000000;
    6DCA : 00000000;
    6DCB : 00000000;
    6DCC : 00000000;
    6DCD : 00000000;
    6DCE : 00000000;
    6DCF : 00000000;
    6DD0 : 00000000;
    6DD1 : 00000000;
    6DD2 : 00000000;
    6DD3 : 00000000;
    6DD4 : 00000000;
    6DD5 : 00000000;
    6DD6 : 00000000;
    6DD7 : 00000000;
    6DD8 : 00000000;
    6DD9 : 00000000;
    6DDA : 00000000;
    6DDB : 00000000;
    6DDC : 00000000;
    6DDD : 00000000;
    6DDE : 00000000;
    6DDF : 00000000;
    6DE0 : 00000000;
    6DE1 : 00000000;
    6DE2 : 00000000;
    6DE3 : 00000000;
    6DE4 : 00000000;
    6DE5 : 00000000;
    6DE6 : 00000000;
    6DE7 : 00000000;
    6DE8 : 00000000;
    6DE9 : 00000000;
    6DEA : 00000000;
    6DEB : 00000000;
    6DEC : 00000000;
    6DED : 00000000;
    6DEE : 00000000;
    6DEF : 00000000;
    6DF0 : 00000000;
    6DF1 : 00000000;
    6DF2 : 00000000;
    6DF3 : 00000000;
    6DF4 : 00000000;
    6DF5 : 00000000;
    6DF6 : 00000000;
    6DF7 : 00000000;
    6DF8 : 00000000;
    6DF9 : 00000000;
    6DFA : 00000000;
    6DFB : 00000000;
    6DFC : 00000000;
    6DFD : 00000000;
    6DFE : 00000000;
    6DFF : 00000000;
    6E00 : 00000000;
    6E01 : 00000000;
    6E02 : 00000000;
    6E03 : 00000000;
    6E04 : 00000000;
    6E05 : 00000000;
    6E06 : 00000000;
    6E07 : 00000000;
    6E08 : 00000000;
    6E09 : 00000000;
    6E0A : 00000000;
    6E0B : 00000000;
    6E0C : 00000000;
    6E0D : 00000000;
    6E0E : 00000000;
    6E0F : 00000000;
    6E10 : 00000000;
    6E11 : 00000000;
    6E12 : 00000000;
    6E13 : 00000000;
    6E14 : 00000000;
    6E15 : 00000000;
    6E16 : 00000000;
    6E17 : 00000000;
    6E18 : 00000000;
    6E19 : 00000000;
    6E1A : 00000000;
    6E1B : 00000000;
    6E1C : 00000000;
    6E1D : 00000000;
    6E1E : 00000000;
    6E1F : 00000000;
    6E20 : 00000000;
    6E21 : 00000000;
    6E22 : 00000000;
    6E23 : 00000000;
    6E24 : 00000000;
    6E25 : 00000000;
    6E26 : 00000000;
    6E27 : 00000000;
    6E28 : 00000000;
    6E29 : 00000000;
    6E2A : 00000000;
    6E2B : 00000000;
    6E2C : 00000000;
    6E2D : 00000000;
    6E2E : 00000000;
    6E2F : 00000000;
    6E30 : 00000000;
    6E31 : 00000000;
    6E32 : 00000000;
    6E33 : 00000000;
    6E34 : 00000000;
    6E35 : 00000000;
    6E36 : 00000000;
    6E37 : 00000000;
    6E38 : 00000000;
    6E39 : 00000000;
    6E3A : 00000000;
    6E3B : 00000000;
    6E3C : 00000000;
    6E3D : 00000000;
    6E3E : 00000000;
    6E3F : 00000000;
    6E40 : 00000000;
    6E41 : 00000000;
    6E42 : 00000000;
    6E43 : 00000000;
    6E44 : 00000000;
    6E45 : 00000000;
    6E46 : 00000000;
    6E47 : 00000000;
    6E48 : 00000000;
    6E49 : 00000000;
    6E4A : 00000000;
    6E4B : 00000000;
    6E4C : 00000000;
    6E4D : 00000000;
    6E4E : 00000000;
    6E4F : 00000000;
    6E50 : 00000000;
    6E51 : 00000000;
    6E52 : 00000000;
    6E53 : 00000000;
    6E54 : 00000000;
    6E55 : 00000000;
    6E56 : 00000000;
    6E57 : 00000000;
    6E58 : 00000000;
    6E59 : 00000000;
    6E5A : 00000000;
    6E5B : 00000000;
    6E5C : 00000000;
    6E5D : 00000000;
    6E5E : 00000000;
    6E5F : 00000000;
    6E60 : 00000000;
    6E61 : 00000000;
    6E62 : 00000000;
    6E63 : 00000000;
    6E64 : 00000000;
    6E65 : 00000000;
    6E66 : 00000000;
    6E67 : 00000000;
    6E68 : 00000000;
    6E69 : 00000000;
    6E6A : 00000000;
    6E6B : 00000000;
    6E6C : 00000000;
    6E6D : 00000000;
    6E6E : 00000000;
    6E6F : 00000000;
    6E70 : 00000000;
    6E71 : 00000000;
    6E72 : 00000000;
    6E73 : 00000000;
    6E74 : 00000000;
    6E75 : 00000000;
    6E76 : 00000000;
    6E77 : 00000000;
    6E78 : 00000000;
    6E79 : 00000000;
    6E7A : 00000000;
    6E7B : 00000000;
    6E7C : 00000000;
    6E7D : 00000000;
    6E7E : 00000000;
    6E7F : 00000000;
    6E80 : 00000000;
    6E81 : 00000000;
    6E82 : 00000000;
    6E83 : 00000000;
    6E84 : 00000000;
    6E85 : 00000000;
    6E86 : 00000000;
    6E87 : 00000000;
    6E88 : 00000000;
    6E89 : 00000000;
    6E8A : 00000000;
    6E8B : 00000000;
    6E8C : 00000000;
    6E8D : 00000000;
    6E8E : 00000000;
    6E8F : 00000000;
    6E90 : 00000000;
    6E91 : 00000000;
    6E92 : 00000000;
    6E93 : 00000000;
    6E94 : 00000000;
    6E95 : 00000000;
    6E96 : 00000000;
    6E97 : 00000000;
    6E98 : 00000000;
    6E99 : 00000000;
    6E9A : 00000000;
    6E9B : 00000000;
    6E9C : 00000000;
    6E9D : 00000000;
    6E9E : 00000000;
    6E9F : 00000000;
    6EA0 : 00000000;
    6EA1 : 00000000;
    6EA2 : 00000000;
    6EA3 : 00000000;
    6EA4 : 00000000;
    6EA5 : 00000000;
    6EA6 : 00000000;
    6EA7 : 00000000;
    6EA8 : 00000000;
    6EA9 : 00000000;
    6EAA : 00000000;
    6EAB : 00000000;
    6EAC : 00000000;
    6EAD : 00000000;
    6EAE : 00000000;
    6EAF : 00000000;
    6EB0 : 00000000;
    6EB1 : 00000000;
    6EB2 : 00000000;
    6EB3 : 00000000;
    6EB4 : 00000000;
    6EB5 : 00000000;
    6EB6 : 00000000;
    6EB7 : 00000000;
    6EB8 : 00000000;
    6EB9 : 00000000;
    6EBA : 00000000;
    6EBB : 00000000;
    6EBC : 00000000;
    6EBD : 00000000;
    6EBE : 00000000;
    6EBF : 00000000;
    6EC0 : 00000000;
    6EC1 : 00000000;
    6EC2 : 00000000;
    6EC3 : 00000000;
    6EC4 : 00000000;
    6EC5 : 00000000;
    6EC6 : 00000000;
    6EC7 : 00000000;
    6EC8 : 00000000;
    6EC9 : 00000000;
    6ECA : 00000000;
    6ECB : 00000000;
    6ECC : 00000000;
    6ECD : 00000000;
    6ECE : 00000000;
    6ECF : 00000000;
    6ED0 : 00000000;
    6ED1 : 00000000;
    6ED2 : 00000000;
    6ED3 : 00000000;
    6ED4 : 00000000;
    6ED5 : 00000000;
    6ED6 : 00000000;
    6ED7 : 00000000;
    6ED8 : 00000000;
    6ED9 : 00000000;
    6EDA : 00000000;
    6EDB : 00000000;
    6EDC : 00000000;
    6EDD : 00000000;
    6EDE : 00000000;
    6EDF : 00000000;
    6EE0 : 00000000;
    6EE1 : 00000000;
    6EE2 : 00000000;
    6EE3 : 00000000;
    6EE4 : 00000000;
    6EE5 : 00000000;
    6EE6 : 00000000;
    6EE7 : 00000000;
    6EE8 : 00000000;
    6EE9 : 00000000;
    6EEA : 00000000;
    6EEB : 00000000;
    6EEC : 00000000;
    6EED : 00000000;
    6EEE : 00000000;
    6EEF : 00000000;
    6EF0 : 00000000;
    6EF1 : 00000000;
    6EF2 : 00000000;
    6EF3 : 00000000;
    6EF4 : 00000000;
    6EF5 : 00000000;
    6EF6 : 00000000;
    6EF7 : 00000000;
    6EF8 : 00000000;
    6EF9 : 00000000;
    6EFA : 00000000;
    6EFB : 00000000;
    6EFC : 00000000;
    6EFD : 00000000;
    6EFE : 00000000;
    6EFF : 00000000;
    6F00 : 00000000;
    6F01 : 00000000;
    6F02 : 00000000;
    6F03 : 00000000;
    6F04 : 00000000;
    6F05 : 00000000;
    6F06 : 00000000;
    6F07 : 00000000;
    6F08 : 00000000;
    6F09 : 00000000;
    6F0A : 00000000;
    6F0B : 00000000;
    6F0C : 00000000;
    6F0D : 00000000;
    6F0E : 00000000;
    6F0F : 00000000;
    6F10 : 00000000;
    6F11 : 00000000;
    6F12 : 00000000;
    6F13 : 00000000;
    6F14 : 00000000;
    6F15 : 00000000;
    6F16 : 00000000;
    6F17 : 00000000;
    6F18 : 00000000;
    6F19 : 00000000;
    6F1A : 00000000;
    6F1B : 00000000;
    6F1C : 00000000;
    6F1D : 00000000;
    6F1E : 00000000;
    6F1F : 00000000;
    6F20 : 00000000;
    6F21 : 00000000;
    6F22 : 00000000;
    6F23 : 00000000;
    6F24 : 00000000;
    6F25 : 00000000;
    6F26 : 00000000;
    6F27 : 00000000;
    6F28 : 00000000;
    6F29 : 00000000;
    6F2A : 00000000;
    6F2B : 00000000;
    6F2C : 00000000;
    6F2D : 00000000;
    6F2E : 00000000;
    6F2F : 00000000;
    6F30 : 00000000;
    6F31 : 00000000;
    6F32 : 00000000;
    6F33 : 00000000;
    6F34 : 00000000;
    6F35 : 00000000;
    6F36 : 00000000;
    6F37 : 00000000;
    6F38 : 00000000;
    6F39 : 00000000;
    6F3A : 00000000;
    6F3B : 00000000;
    6F3C : 00000000;
    6F3D : 00000000;
    6F3E : 00000000;
    6F3F : 00000000;
    6F40 : 00000000;
    6F41 : 00000000;
    6F42 : 00000000;
    6F43 : 00000000;
    6F44 : 00000000;
    6F45 : 00000000;
    6F46 : 00000000;
    6F47 : 00000000;
    6F48 : 00000000;
    6F49 : 00000000;
    6F4A : 00000000;
    6F4B : 00000000;
    6F4C : 00000000;
    6F4D : 00000000;
    6F4E : 00000000;
    6F4F : 00000000;
    6F50 : 00000000;
    6F51 : 00000000;
    6F52 : 00000000;
    6F53 : 00000000;
    6F54 : 00000000;
    6F55 : 00000000;
    6F56 : 00000000;
    6F57 : 00000000;
    6F58 : 00000000;
    6F59 : 00000000;
    6F5A : 00000000;
    6F5B : 00000000;
    6F5C : 00000000;
    6F5D : 00000000;
    6F5E : 00000000;
    6F5F : 00000000;
    6F60 : 00000000;
    6F61 : 00000000;
    6F62 : 00000000;
    6F63 : 00000000;
    6F64 : 00000000;
    6F65 : 00000000;
    6F66 : 00000000;
    6F67 : 00000000;
    6F68 : 00000000;
    6F69 : 00000000;
    6F6A : 00000000;
    6F6B : 00000000;
    6F6C : 00000000;
    6F6D : 00000000;
    6F6E : 00000000;
    6F6F : 00000000;
    6F70 : 00000000;
    6F71 : 00000000;
    6F72 : 00000000;
    6F73 : 00000000;
    6F74 : 00000000;
    6F75 : 00000000;
    6F76 : 00000000;
    6F77 : 00000000;
    6F78 : 00000000;
    6F79 : 00000000;
    6F7A : 00000000;
    6F7B : 00000000;
    6F7C : 00000000;
    6F7D : 00000000;
    6F7E : 00000000;
    6F7F : 00000000;
    6F80 : 00000000;
    6F81 : 00000000;
    6F82 : 00000000;
    6F83 : 00000000;
    6F84 : 00000000;
    6F85 : 00000000;
    6F86 : 00000000;
    6F87 : 00000000;
    6F88 : 00000000;
    6F89 : 00000000;
    6F8A : 00000000;
    6F8B : 00000000;
    6F8C : 00000000;
    6F8D : 00000000;
    6F8E : 00000000;
    6F8F : 00000000;
    6F90 : 00000000;
    6F91 : 00000000;
    6F92 : 00000000;
    6F93 : 00000000;
    6F94 : 00000000;
    6F95 : 00000000;
    6F96 : 00000000;
    6F97 : 00000000;
    6F98 : 00000000;
    6F99 : 00000000;
    6F9A : 00000000;
    6F9B : 00000000;
    6F9C : 00000000;
    6F9D : 00000000;
    6F9E : 00000000;
    6F9F : 00000000;
    6FA0 : 00000000;
    6FA1 : 00000000;
    6FA2 : 00000000;
    6FA3 : 00000000;
    6FA4 : 00000000;
    6FA5 : 00000000;
    6FA6 : 00000000;
    6FA7 : 00000000;
    6FA8 : 00000000;
    6FA9 : 00000000;
    6FAA : 00000000;
    6FAB : 00000000;
    6FAC : 00000000;
    6FAD : 00000000;
    6FAE : 00000000;
    6FAF : 00000000;
    6FB0 : 00000000;
    6FB1 : 00000000;
    6FB2 : 00000000;
    6FB3 : 00000000;
    6FB4 : 00000000;
    6FB5 : 00000000;
    6FB6 : 00000000;
    6FB7 : 00000000;
    6FB8 : 00000000;
    6FB9 : 00000000;
    6FBA : 00000000;
    6FBB : 00000000;
    6FBC : 00000000;
    6FBD : 00000000;
    6FBE : 00000000;
    6FBF : 00000000;
    6FC0 : 00000000;
    6FC1 : 00000000;
    6FC2 : 00000000;
    6FC3 : 00000000;
    6FC4 : 00000000;
    6FC5 : 00000000;
    6FC6 : 00000000;
    6FC7 : 00000000;
    6FC8 : 00000000;
    6FC9 : 00000000;
    6FCA : 00000000;
    6FCB : 00000000;
    6FCC : 00000000;
    6FCD : 00000000;
    6FCE : 00000000;
    6FCF : 00000000;
    6FD0 : 00000000;
    6FD1 : 00000000;
    6FD2 : 00000000;
    6FD3 : 00000000;
    6FD4 : 00000000;
    6FD5 : 00000000;
    6FD6 : 00000000;
    6FD7 : 00000000;
    6FD8 : 00000000;
    6FD9 : 00000000;
    6FDA : 00000000;
    6FDB : 00000000;
    6FDC : 00000000;
    6FDD : 00000000;
    6FDE : 00000000;
    6FDF : 00000000;
    6FE0 : 00000000;
    6FE1 : 00000000;
    6FE2 : 00000000;
    6FE3 : 00000000;
    6FE4 : 00000000;
    6FE5 : 00000000;
    6FE6 : 00000000;
    6FE7 : 00000000;
    6FE8 : 00000000;
    6FE9 : 00000000;
    6FEA : 00000000;
    6FEB : 00000000;
    6FEC : 00000000;
    6FED : 00000000;
    6FEE : 00000000;
    6FEF : 00000000;
    6FF0 : 00000000;
    6FF1 : 00000000;
    6FF2 : 00000000;
    6FF3 : 00000000;
    6FF4 : 00000000;
    6FF5 : 00000000;
    6FF6 : 00000000;
    6FF7 : 00000000;
    6FF8 : 00000000;
    6FF9 : 00000000;
    6FFA : 00000000;
    6FFB : 00000000;
    6FFC : 00000000;
    6FFD : 00000000;
    6FFE : 00000000;
    6FFF : 00000000;
    7000 : 00000000;
    7001 : 00000000;
    7002 : 00000000;
    7003 : 00000000;
    7004 : 00000000;
    7005 : 00000000;
    7006 : 00000000;
    7007 : 00000000;
    7008 : 00000000;
    7009 : 00000000;
    700A : 00000000;
    700B : 00000000;
    700C : 00000000;
    700D : 00000000;
    700E : 00000000;
    700F : 00000000;
    7010 : 00000000;
    7011 : 00000000;
    7012 : 00000000;
    7013 : 00000000;
    7014 : 00000000;
    7015 : 00000000;
    7016 : 00000000;
    7017 : 00000000;
    7018 : 00000000;
    7019 : 00000000;
    701A : 00000000;
    701B : 00000000;
    701C : 00000000;
    701D : 00000000;
    701E : 00000000;
    701F : 00000000;
    7020 : 00000000;
    7021 : 00000000;
    7022 : 00000000;
    7023 : 00000000;
    7024 : 00000000;
    7025 : 00000000;
    7026 : 00000000;
    7027 : 00000000;
    7028 : 00000000;
    7029 : 00000000;
    702A : 00000000;
    702B : 00000000;
    702C : 00000000;
    702D : 00000000;
    702E : 00000000;
    702F : 00000000;
    7030 : 00000000;
    7031 : 00000000;
    7032 : 00000000;
    7033 : 00000000;
    7034 : 00000000;
    7035 : 00000000;
    7036 : 00000000;
    7037 : 00000000;
    7038 : 00000000;
    7039 : 00000000;
    703A : 00000000;
    703B : 00000000;
    703C : 00000000;
    703D : 00000000;
    703E : 00000000;
    703F : 00000000;
    7040 : 00000000;
    7041 : 00000000;
    7042 : 00000000;
    7043 : 00000000;
    7044 : 00000000;
    7045 : 00000000;
    7046 : 00000000;
    7047 : 00000000;
    7048 : 00000000;
    7049 : 00000000;
    704A : 00000000;
    704B : 00000000;
    704C : 00000000;
    704D : 00000000;
    704E : 00000000;
    704F : 00000000;
    7050 : 00000000;
    7051 : 00000000;
    7052 : 00000000;
    7053 : 00000000;
    7054 : 00000000;
    7055 : 00000000;
    7056 : 00000000;
    7057 : 00000000;
    7058 : 00000000;
    7059 : 00000000;
    705A : 00000000;
    705B : 00000000;
    705C : 00000000;
    705D : 00000000;
    705E : 00000000;
    705F : 00000000;
    7060 : 00000000;
    7061 : 00000000;
    7062 : 00000000;
    7063 : 00000000;
    7064 : 00000000;
    7065 : 00000000;
    7066 : 00000000;
    7067 : 00000000;
    7068 : 00000000;
    7069 : 00000000;
    706A : 00000000;
    706B : 00000000;
    706C : 00000000;
    706D : 00000000;
    706E : 00000000;
    706F : 00000000;
    7070 : 00000000;
    7071 : 00000000;
    7072 : 00000000;
    7073 : 00000000;
    7074 : 00000000;
    7075 : 00000000;
    7076 : 00000000;
    7077 : 00000000;
    7078 : 00000000;
    7079 : 00000000;
    707A : 00000000;
    707B : 00000000;
    707C : 00000000;
    707D : 00000000;
    707E : 00000000;
    707F : 00000000;
    7080 : 00000000;
    7081 : 00000000;
    7082 : 00000000;
    7083 : 00000000;
    7084 : 00000000;
    7085 : 00000000;
    7086 : 00000000;
    7087 : 00000000;
    7088 : 00000000;
    7089 : 00000000;
    708A : 00000000;
    708B : 00000000;
    708C : 00000000;
    708D : 00000000;
    708E : 00000000;
    708F : 00000000;
    7090 : 00000000;
    7091 : 00000000;
    7092 : 00000000;
    7093 : 00000000;
    7094 : 00000000;
    7095 : 00000000;
    7096 : 00000000;
    7097 : 00000000;
    7098 : 00000000;
    7099 : 00000000;
    709A : 00000000;
    709B : 00000000;
    709C : 00000000;
    709D : 00000000;
    709E : 00000000;
    709F : 00000000;
    70A0 : 00000000;
    70A1 : 00000000;
    70A2 : 00000000;
    70A3 : 00000000;
    70A4 : 00000000;
    70A5 : 00000000;
    70A6 : 00000000;
    70A7 : 00000000;
    70A8 : 00000000;
    70A9 : 00000000;
    70AA : 00000000;
    70AB : 00000000;
    70AC : 00000000;
    70AD : 00000000;
    70AE : 00000000;
    70AF : 00000000;
    70B0 : 00000000;
    70B1 : 00000000;
    70B2 : 00000000;
    70B3 : 00000000;
    70B4 : 00000000;
    70B5 : 00000000;
    70B6 : 00000000;
    70B7 : 00000000;
    70B8 : 00000000;
    70B9 : 00000000;
    70BA : 00000000;
    70BB : 00000000;
    70BC : 00000000;
    70BD : 00000000;
    70BE : 00000000;
    70BF : 00000000;
    70C0 : 00000000;
    70C1 : 00000000;
    70C2 : 00000000;
    70C3 : 00000000;
    70C4 : 00000000;
    70C5 : 00000000;
    70C6 : 00000000;
    70C7 : 00000000;
    70C8 : 00000000;
    70C9 : 00000000;
    70CA : 00000000;
    70CB : 00000000;
    70CC : 00000000;
    70CD : 00000000;
    70CE : 00000000;
    70CF : 00000000;
    70D0 : 00000000;
    70D1 : 00000000;
    70D2 : 00000000;
    70D3 : 00000000;
    70D4 : 00000000;
    70D5 : 00000000;
    70D6 : 00000000;
    70D7 : 00000000;
    70D8 : 00000000;
    70D9 : 00000000;
    70DA : 00000000;
    70DB : 00000000;
    70DC : 00000000;
    70DD : 00000000;
    70DE : 00000000;
    70DF : 00000000;
    70E0 : 00000000;
    70E1 : 00000000;
    70E2 : 00000000;
    70E3 : 00000000;
    70E4 : 00000000;
    70E5 : 00000000;
    70E6 : 00000000;
    70E7 : 00000000;
    70E8 : 00000000;
    70E9 : 00000000;
    70EA : 00000000;
    70EB : 00000000;
    70EC : 00000000;
    70ED : 00000000;
    70EE : 00000000;
    70EF : 00000000;
    70F0 : 00000000;
    70F1 : 00000000;
    70F2 : 00000000;
    70F3 : 00000000;
    70F4 : 00000000;
    70F5 : 00000000;
    70F6 : 00000000;
    70F7 : 00000000;
    70F8 : 00000000;
    70F9 : 00000000;
    70FA : 00000000;
    70FB : 00000000;
    70FC : 00000000;
    70FD : 00000000;
    70FE : 00000000;
    70FF : 00000000;
    7100 : 00000000;
    7101 : 00000000;
    7102 : 00000000;
    7103 : 00000000;
    7104 : 00000000;
    7105 : 00000000;
    7106 : 00000000;
    7107 : 00000000;
    7108 : 00000000;
    7109 : 00000000;
    710A : 00000000;
    710B : 00000000;
    710C : 00000000;
    710D : 00000000;
    710E : 00000000;
    710F : 00000000;
    7110 : 00000000;
    7111 : 00000000;
    7112 : 00000000;
    7113 : 00000000;
    7114 : 00000000;
    7115 : 00000000;
    7116 : 00000000;
    7117 : 00000000;
    7118 : 00000000;
    7119 : 00000000;
    711A : 00000000;
    711B : 00000000;
    711C : 00000000;
    711D : 00000000;
    711E : 00000000;
    711F : 00000000;
    7120 : 00000000;
    7121 : 00000000;
    7122 : 00000000;
    7123 : 00000000;
    7124 : 00000000;
    7125 : 00000000;
    7126 : 00000000;
    7127 : 00000000;
    7128 : 00000000;
    7129 : 00000000;
    712A : 00000000;
    712B : 00000000;
    712C : 00000000;
    712D : 00000000;
    712E : 00000000;
    712F : 00000000;
    7130 : 00000000;
    7131 : 00000000;
    7132 : 00000000;
    7133 : 00000000;
    7134 : 00000000;
    7135 : 00000000;
    7136 : 00000000;
    7137 : 00000000;
    7138 : 00000000;
    7139 : 00000000;
    713A : 00000000;
    713B : 00000000;
    713C : 00000000;
    713D : 00000000;
    713E : 00000000;
    713F : 00000000;
    7140 : 00000000;
    7141 : 00000000;
    7142 : 00000000;
    7143 : 00000000;
    7144 : 00000000;
    7145 : 00000000;
    7146 : 00000000;
    7147 : 00000000;
    7148 : 00000000;
    7149 : 00000000;
    714A : 00000000;
    714B : 00000000;
    714C : 00000000;
    714D : 00000000;
    714E : 00000000;
    714F : 00000000;
    7150 : 00000000;
    7151 : 00000000;
    7152 : 00000000;
    7153 : 00000000;
    7154 : 00000000;
    7155 : 00000000;
    7156 : 00000000;
    7157 : 00000000;
    7158 : 00000000;
    7159 : 00000000;
    715A : 00000000;
    715B : 00000000;
    715C : 00000000;
    715D : 00000000;
    715E : 00000000;
    715F : 00000000;
    7160 : 00000000;
    7161 : 00000000;
    7162 : 00000000;
    7163 : 00000000;
    7164 : 00000000;
    7165 : 00000000;
    7166 : 00000000;
    7167 : 00000000;
    7168 : 00000000;
    7169 : 00000000;
    716A : 00000000;
    716B : 00000000;
    716C : 00000000;
    716D : 00000000;
    716E : 00000000;
    716F : 00000000;
    7170 : 00000000;
    7171 : 00000000;
    7172 : 00000000;
    7173 : 00000000;
    7174 : 00000000;
    7175 : 00000000;
    7176 : 00000000;
    7177 : 00000000;
    7178 : 00000000;
    7179 : 00000000;
    717A : 00000000;
    717B : 00000000;
    717C : 00000000;
    717D : 00000000;
    717E : 00000000;
    717F : 00000000;
    7180 : 00000000;
    7181 : 00000000;
    7182 : 00000000;
    7183 : 00000000;
    7184 : 00000000;
    7185 : 00000000;
    7186 : 00000000;
    7187 : 00000000;
    7188 : 00000000;
    7189 : 00000000;
    718A : 00000000;
    718B : 00000000;
    718C : 00000000;
    718D : 00000000;
    718E : 00000000;
    718F : 00000000;
    7190 : 00000000;
    7191 : 00000000;
    7192 : 00000000;
    7193 : 00000000;
    7194 : 00000000;
    7195 : 00000000;
    7196 : 00000000;
    7197 : 00000000;
    7198 : 00000000;
    7199 : 00000000;
    719A : 00000000;
    719B : 00000000;
    719C : 00000000;
    719D : 00000000;
    719E : 00000000;
    719F : 00000000;
    71A0 : 00000000;
    71A1 : 00000000;
    71A2 : 00000000;
    71A3 : 00000000;
    71A4 : 00000000;
    71A5 : 00000000;
    71A6 : 00000000;
    71A7 : 00000000;
    71A8 : 00000000;
    71A9 : 00000000;
    71AA : 00000000;
    71AB : 00000000;
    71AC : 00000000;
    71AD : 00000000;
    71AE : 00000000;
    71AF : 00000000;
    71B0 : 00000000;
    71B1 : 00000000;
    71B2 : 00000000;
    71B3 : 00000000;
    71B4 : 00000000;
    71B5 : 00000000;
    71B6 : 00000000;
    71B7 : 00000000;
    71B8 : 00000000;
    71B9 : 00000000;
    71BA : 00000000;
    71BB : 00000000;
    71BC : 00000000;
    71BD : 00000000;
    71BE : 00000000;
    71BF : 00000000;
    71C0 : 00000000;
    71C1 : 00000000;
    71C2 : 00000000;
    71C3 : 00000000;
    71C4 : 00000000;
    71C5 : 00000000;
    71C6 : 00000000;
    71C7 : 00000000;
    71C8 : 00000000;
    71C9 : 00000000;
    71CA : 00000000;
    71CB : 00000000;
    71CC : 00000000;
    71CD : 00000000;
    71CE : 00000000;
    71CF : 00000000;
    71D0 : 00000000;
    71D1 : 00000000;
    71D2 : 00000000;
    71D3 : 00000000;
    71D4 : 00000000;
    71D5 : 00000000;
    71D6 : 00000000;
    71D7 : 00000000;
    71D8 : 00000000;
    71D9 : 00000000;
    71DA : 00000000;
    71DB : 00000000;
    71DC : 00000000;
    71DD : 00000000;
    71DE : 00000000;
    71DF : 00000000;
    71E0 : 00000000;
    71E1 : 00000000;
    71E2 : 00000000;
    71E3 : 00000000;
    71E4 : 00000000;
    71E5 : 00000000;
    71E6 : 00000000;
    71E7 : 00000000;
    71E8 : 00000000;
    71E9 : 00000000;
    71EA : 00000000;
    71EB : 00000000;
    71EC : 00000000;
    71ED : 00000000;
    71EE : 00000000;
    71EF : 00000000;
    71F0 : 00000000;
    71F1 : 00000000;
    71F2 : 00000000;
    71F3 : 00000000;
    71F4 : 00000000;
    71F5 : 00000000;
    71F6 : 00000000;
    71F7 : 00000000;
    71F8 : 00000000;
    71F9 : 00000000;
    71FA : 00000000;
    71FB : 00000000;
    71FC : 00000000;
    71FD : 00000000;
    71FE : 00000000;
    71FF : 00000000;
    7200 : 00000000;
    7201 : 00000000;
    7202 : 00000000;
    7203 : 00000000;
    7204 : 00000000;
    7205 : 00000000;
    7206 : 00000000;
    7207 : 00000000;
    7208 : 00000000;
    7209 : 00000000;
    720A : 00000000;
    720B : 00000000;
    720C : 00000000;
    720D : 00000000;
    720E : 00000000;
    720F : 00000000;
    7210 : 00000000;
    7211 : 00000000;
    7212 : 00000000;
    7213 : 00000000;
    7214 : 00000000;
    7215 : 00000000;
    7216 : 00000000;
    7217 : 00000000;
    7218 : 00000000;
    7219 : 00000000;
    721A : 00000000;
    721B : 00000000;
    721C : 00000000;
    721D : 00000000;
    721E : 00000000;
    721F : 00000000;
    7220 : 00000000;
    7221 : 00000000;
    7222 : 00000000;
    7223 : 00000000;
    7224 : 00000000;
    7225 : 00000000;
    7226 : 00000000;
    7227 : 00000000;
    7228 : 00000000;
    7229 : 00000000;
    722A : 00000000;
    722B : 00000000;
    722C : 00000000;
    722D : 00000000;
    722E : 00000000;
    722F : 00000000;
    7230 : 00000000;
    7231 : 00000000;
    7232 : 00000000;
    7233 : 00000000;
    7234 : 00000000;
    7235 : 00000000;
    7236 : 00000000;
    7237 : 00000000;
    7238 : 00000000;
    7239 : 00000000;
    723A : 00000000;
    723B : 00000000;
    723C : 00000000;
    723D : 00000000;
    723E : 00000000;
    723F : 00000000;
    7240 : 00000000;
    7241 : 00000000;
    7242 : 00000000;
    7243 : 00000000;
    7244 : 00000000;
    7245 : 00000000;
    7246 : 00000000;
    7247 : 00000000;
    7248 : 00000000;
    7249 : 00000000;
    724A : 00000000;
    724B : 00000000;
    724C : 00000000;
    724D : 00000000;
    724E : 00000000;
    724F : 00000000;
    7250 : 00000000;
    7251 : 00000000;
    7252 : 00000000;
    7253 : 00000000;
    7254 : 00000000;
    7255 : 00000000;
    7256 : 00000000;
    7257 : 00000000;
    7258 : 00000000;
    7259 : 00000000;
    725A : 00000000;
    725B : 00000000;
    725C : 00000000;
    725D : 00000000;
    725E : 00000000;
    725F : 00000000;
    7260 : 00000000;
    7261 : 00000000;
    7262 : 00000000;
    7263 : 00000000;
    7264 : 00000000;
    7265 : 00000000;
    7266 : 00000000;
    7267 : 00000000;
    7268 : 00000000;
    7269 : 00000000;
    726A : 00000000;
    726B : 00000000;
    726C : 00000000;
    726D : 00000000;
    726E : 00000000;
    726F : 00000000;
    7270 : 00000000;
    7271 : 00000000;
    7272 : 00000000;
    7273 : 00000000;
    7274 : 00000000;
    7275 : 00000000;
    7276 : 00000000;
    7277 : 00000000;
    7278 : 00000000;
    7279 : 00000000;
    727A : 00000000;
    727B : 00000000;
    727C : 00000000;
    727D : 00000000;
    727E : 00000000;
    727F : 00000000;
    7280 : 00000000;
    7281 : 00000000;
    7282 : 00000000;
    7283 : 00000000;
    7284 : 00000000;
    7285 : 00000000;
    7286 : 00000000;
    7287 : 00000000;
    7288 : 00000000;
    7289 : 00000000;
    728A : 00000000;
    728B : 00000000;
    728C : 00000000;
    728D : 00000000;
    728E : 00000000;
    728F : 00000000;
    7290 : 00000000;
    7291 : 00000000;
    7292 : 00000000;
    7293 : 00000000;
    7294 : 00000000;
    7295 : 00000000;
    7296 : 00000000;
    7297 : 00000000;
    7298 : 00000000;
    7299 : 00000000;
    729A : 00000000;
    729B : 00000000;
    729C : 00000000;
    729D : 00000000;
    729E : 00000000;
    729F : 00000000;
    72A0 : 00000000;
    72A1 : 00000000;
    72A2 : 00000000;
    72A3 : 00000000;
    72A4 : 00000000;
    72A5 : 00000000;
    72A6 : 00000000;
    72A7 : 00000000;
    72A8 : 00000000;
    72A9 : 00000000;
    72AA : 00000000;
    72AB : 00000000;
    72AC : 00000000;
    72AD : 00000000;
    72AE : 00000000;
    72AF : 00000000;
    72B0 : 00000000;
    72B1 : 00000000;
    72B2 : 00000000;
    72B3 : 00000000;
    72B4 : 00000000;
    72B5 : 00000000;
    72B6 : 00000000;
    72B7 : 00000000;
    72B8 : 00000000;
    72B9 : 00000000;
    72BA : 00000000;
    72BB : 00000000;
    72BC : 00000000;
    72BD : 00000000;
    72BE : 00000000;
    72BF : 00000000;
    72C0 : 00000000;
    72C1 : 00000000;
    72C2 : 00000000;
    72C3 : 00000000;
    72C4 : 00000000;
    72C5 : 00000000;
    72C6 : 00000000;
    72C7 : 00000000;
    72C8 : 00000000;
    72C9 : 00000000;
    72CA : 00000000;
    72CB : 00000000;
    72CC : 00000000;
    72CD : 00000000;
    72CE : 00000000;
    72CF : 00000000;
    72D0 : 00000000;
    72D1 : 00000000;
    72D2 : 00000000;
    72D3 : 00000000;
    72D4 : 00000000;
    72D5 : 00000000;
    72D6 : 00000000;
    72D7 : 00000000;
    72D8 : 00000000;
    72D9 : 00000000;
    72DA : 00000000;
    72DB : 00000000;
    72DC : 00000000;
    72DD : 00000000;
    72DE : 00000000;
    72DF : 00000000;
    72E0 : 00000000;
    72E1 : 00000000;
    72E2 : 00000000;
    72E3 : 00000000;
    72E4 : 00000000;
    72E5 : 00000000;
    72E6 : 00000000;
    72E7 : 00000000;
    72E8 : 00000000;
    72E9 : 00000000;
    72EA : 00000000;
    72EB : 00000000;
    72EC : 00000000;
    72ED : 00000000;
    72EE : 00000000;
    72EF : 00000000;
    72F0 : 00000000;
    72F1 : 00000000;
    72F2 : 00000000;
    72F3 : 00000000;
    72F4 : 00000000;
    72F5 : 00000000;
    72F6 : 00000000;
    72F7 : 00000000;
    72F8 : 00000000;
    72F9 : 00000000;
    72FA : 00000000;
    72FB : 00000000;
    72FC : 00000000;
    72FD : 00000000;
    72FE : 00000000;
    72FF : 00000000;
    7300 : 00000000;
    7301 : 00000000;
    7302 : 00000000;
    7303 : 00000000;
    7304 : 00000000;
    7305 : 00000000;
    7306 : 00000000;
    7307 : 00000000;
    7308 : 00000000;
    7309 : 00000000;
    730A : 00000000;
    730B : 00000000;
    730C : 00000000;
    730D : 00000000;
    730E : 00000000;
    730F : 00000000;
    7310 : 00000000;
    7311 : 00000000;
    7312 : 00000000;
    7313 : 00000000;
    7314 : 00000000;
    7315 : 00000000;
    7316 : 00000000;
    7317 : 00000000;
    7318 : 00000000;
    7319 : 00000000;
    731A : 00000000;
    731B : 00000000;
    731C : 00000000;
    731D : 00000000;
    731E : 00000000;
    731F : 00000000;
    7320 : 00000000;
    7321 : 00000000;
    7322 : 00000000;
    7323 : 00000000;
    7324 : 00000000;
    7325 : 00000000;
    7326 : 00000000;
    7327 : 00000000;
    7328 : 00000000;
    7329 : 00000000;
    732A : 00000000;
    732B : 00000000;
    732C : 00000000;
    732D : 00000000;
    732E : 00000000;
    732F : 00000000;
    7330 : 00000000;
    7331 : 00000000;
    7332 : 00000000;
    7333 : 00000000;
    7334 : 00000000;
    7335 : 00000000;
    7336 : 00000000;
    7337 : 00000000;
    7338 : 00000000;
    7339 : 00000000;
    733A : 00000000;
    733B : 00000000;
    733C : 00000000;
    733D : 00000000;
    733E : 00000000;
    733F : 00000000;
    7340 : 00000000;
    7341 : 00000000;
    7342 : 00000000;
    7343 : 00000000;
    7344 : 00000000;
    7345 : 00000000;
    7346 : 00000000;
    7347 : 00000000;
    7348 : 00000000;
    7349 : 00000000;
    734A : 00000000;
    734B : 00000000;
    734C : 00000000;
    734D : 00000000;
    734E : 00000000;
    734F : 00000000;
    7350 : 00000000;
    7351 : 00000000;
    7352 : 00000000;
    7353 : 00000000;
    7354 : 00000000;
    7355 : 00000000;
    7356 : 00000000;
    7357 : 00000000;
    7358 : 00000000;
    7359 : 00000000;
    735A : 00000000;
    735B : 00000000;
    735C : 00000000;
    735D : 00000000;
    735E : 00000000;
    735F : 00000000;
    7360 : 00000000;
    7361 : 00000000;
    7362 : 00000000;
    7363 : 00000000;
    7364 : 00000000;
    7365 : 00000000;
    7366 : 00000000;
    7367 : 00000000;
    7368 : 00000000;
    7369 : 00000000;
    736A : 00000000;
    736B : 00000000;
    736C : 00000000;
    736D : 00000000;
    736E : 00000000;
    736F : 00000000;
    7370 : 00000000;
    7371 : 00000000;
    7372 : 00000000;
    7373 : 00000000;
    7374 : 00000000;
    7375 : 00000000;
    7376 : 00000000;
    7377 : 00000000;
    7378 : 00000000;
    7379 : 00000000;
    737A : 00000000;
    737B : 00000000;
    737C : 00000000;
    737D : 00000000;
    737E : 00000000;
    737F : 00000000;
    7380 : 00000000;
    7381 : 00000000;
    7382 : 00000000;
    7383 : 00000000;
    7384 : 00000000;
    7385 : 00000000;
    7386 : 00000000;
    7387 : 00000000;
    7388 : 00000000;
    7389 : 00000000;
    738A : 00000000;
    738B : 00000000;
    738C : 00000000;
    738D : 00000000;
    738E : 00000000;
    738F : 00000000;
    7390 : 00000000;
    7391 : 00000000;
    7392 : 00000000;
    7393 : 00000000;
    7394 : 00000000;
    7395 : 00000000;
    7396 : 00000000;
    7397 : 00000000;
    7398 : 00000000;
    7399 : 00000000;
    739A : 00000000;
    739B : 00000000;
    739C : 00000000;
    739D : 00000000;
    739E : 00000000;
    739F : 00000000;
    73A0 : 00000000;
    73A1 : 00000000;
    73A2 : 00000000;
    73A3 : 00000000;
    73A4 : 00000000;
    73A5 : 00000000;
    73A6 : 00000000;
    73A7 : 00000000;
    73A8 : 00000000;
    73A9 : 00000000;
    73AA : 00000000;
    73AB : 00000000;
    73AC : 00000000;
    73AD : 00000000;
    73AE : 00000000;
    73AF : 00000000;
    73B0 : 00000000;
    73B1 : 00000000;
    73B2 : 00000000;
    73B3 : 00000000;
    73B4 : 00000000;
    73B5 : 00000000;
    73B6 : 00000000;
    73B7 : 00000000;
    73B8 : 00000000;
    73B9 : 00000000;
    73BA : 00000000;
    73BB : 00000000;
    73BC : 00000000;
    73BD : 00000000;
    73BE : 00000000;
    73BF : 00000000;
    73C0 : 00000000;
    73C1 : 00000000;
    73C2 : 00000000;
    73C3 : 00000000;
    73C4 : 00000000;
    73C5 : 00000000;
    73C6 : 00000000;
    73C7 : 00000000;
    73C8 : 00000000;
    73C9 : 00000000;
    73CA : 00000000;
    73CB : 00000000;
    73CC : 00000000;
    73CD : 00000000;
    73CE : 00000000;
    73CF : 00000000;
    73D0 : 00000000;
    73D1 : 00000000;
    73D2 : 00000000;
    73D3 : 00000000;
    73D4 : 00000000;
    73D5 : 00000000;
    73D6 : 00000000;
    73D7 : 00000000;
    73D8 : 00000000;
    73D9 : 00000000;
    73DA : 00000000;
    73DB : 00000000;
    73DC : 00000000;
    73DD : 00000000;
    73DE : 00000000;
    73DF : 00000000;
    73E0 : 00000000;
    73E1 : 00000000;
    73E2 : 00000000;
    73E3 : 00000000;
    73E4 : 00000000;
    73E5 : 00000000;
    73E6 : 00000000;
    73E7 : 00000000;
    73E8 : 00000000;
    73E9 : 00000000;
    73EA : 00000000;
    73EB : 00000000;
    73EC : 00000000;
    73ED : 00000000;
    73EE : 00000000;
    73EF : 00000000;
    73F0 : 00000000;
    73F1 : 00000000;
    73F2 : 00000000;
    73F3 : 00000000;
    73F4 : 00000000;
    73F5 : 00000000;
    73F6 : 00000000;
    73F7 : 00000000;
    73F8 : 00000000;
    73F9 : 00000000;
    73FA : 00000000;
    73FB : 00000000;
    73FC : 00000000;
    73FD : 00000000;
    73FE : 00000000;
    73FF : 00000000;
    7400 : 00000000;
    7401 : 00000000;
    7402 : 00000000;
    7403 : 00000000;
    7404 : 00000000;
    7405 : 00000000;
    7406 : 00000000;
    7407 : 00000000;
    7408 : 00000000;
    7409 : 00000000;
    740A : 00000000;
    740B : 00000000;
    740C : 00000000;
    740D : 00000000;
    740E : 00000000;
    740F : 00000000;
    7410 : 00000000;
    7411 : 00000000;
    7412 : 00000000;
    7413 : 00000000;
    7414 : 00000000;
    7415 : 00000000;
    7416 : 00000000;
    7417 : 00000000;
    7418 : 00000000;
    7419 : 00000000;
    741A : 00000000;
    741B : 00000000;
    741C : 00000000;
    741D : 00000000;
    741E : 00000000;
    741F : 00000000;
    7420 : 00000000;
    7421 : 00000000;
    7422 : 00000000;
    7423 : 00000000;
    7424 : 00000000;
    7425 : 00000000;
    7426 : 00000000;
    7427 : 00000000;
    7428 : 00000000;
    7429 : 00000000;
    742A : 00000000;
    742B : 00000000;
    742C : 00000000;
    742D : 00000000;
    742E : 00000000;
    742F : 00000000;
    7430 : 00000000;
    7431 : 00000000;
    7432 : 00000000;
    7433 : 00000000;
    7434 : 00000000;
    7435 : 00000000;
    7436 : 00000000;
    7437 : 00000000;
    7438 : 00000000;
    7439 : 00000000;
    743A : 00000000;
    743B : 00000000;
    743C : 00000000;
    743D : 00000000;
    743E : 00000000;
    743F : 00000000;
    7440 : 00000000;
    7441 : 00000000;
    7442 : 00000000;
    7443 : 00000000;
    7444 : 00000000;
    7445 : 00000000;
    7446 : 00000000;
    7447 : 00000000;
    7448 : 00000000;
    7449 : 00000000;
    744A : 00000000;
    744B : 00000000;
    744C : 00000000;
    744D : 00000000;
    744E : 00000000;
    744F : 00000000;
    7450 : 00000000;
    7451 : 00000000;
    7452 : 00000000;
    7453 : 00000000;
    7454 : 00000000;
    7455 : 00000000;
    7456 : 00000000;
    7457 : 00000000;
    7458 : 00000000;
    7459 : 00000000;
    745A : 00000000;
    745B : 00000000;
    745C : 00000000;
    745D : 00000000;
    745E : 00000000;
    745F : 00000000;
    7460 : 00000000;
    7461 : 00000000;
    7462 : 00000000;
    7463 : 00000000;
    7464 : 00000000;
    7465 : 00000000;
    7466 : 00000000;
    7467 : 00000000;
    7468 : 00000000;
    7469 : 00000000;
    746A : 00000000;
    746B : 00000000;
    746C : 00000000;
    746D : 00000000;
    746E : 00000000;
    746F : 00000000;
    7470 : 00000000;
    7471 : 00000000;
    7472 : 00000000;
    7473 : 00000000;
    7474 : 00000000;
    7475 : 00000000;
    7476 : 00000000;
    7477 : 00000000;
    7478 : 00000000;
    7479 : 00000000;
    747A : 00000000;
    747B : 00000000;
    747C : 00000000;
    747D : 00000000;
    747E : 00000000;
    747F : 00000000;
    7480 : 00000000;
    7481 : 00000000;
    7482 : 00000000;
    7483 : 00000000;
    7484 : 00000000;
    7485 : 00000000;
    7486 : 00000000;
    7487 : 00000000;
    7488 : 00000000;
    7489 : 00000000;
    748A : 00000000;
    748B : 00000000;
    748C : 00000000;
    748D : 00000000;
    748E : 00000000;
    748F : 00000000;
    7490 : 00000000;
    7491 : 00000000;
    7492 : 00000000;
    7493 : 00000000;
    7494 : 00000000;
    7495 : 00000000;
    7496 : 00000000;
    7497 : 00000000;
    7498 : 00000000;
    7499 : 00000000;
    749A : 00000000;
    749B : 00000000;
    749C : 00000000;
    749D : 00000000;
    749E : 00000000;
    749F : 00000000;
    74A0 : 00000000;
    74A1 : 00000000;
    74A2 : 00000000;
    74A3 : 00000000;
    74A4 : 00000000;
    74A5 : 00000000;
    74A6 : 00000000;
    74A7 : 00000000;
    74A8 : 00000000;
    74A9 : 00000000;
    74AA : 00000000;
    74AB : 00000000;
    74AC : 00000000;
    74AD : 00000000;
    74AE : 00000000;
    74AF : 00000000;
    74B0 : 00000000;
    74B1 : 00000000;
    74B2 : 00000000;
    74B3 : 00000000;
    74B4 : 00000000;
    74B5 : 00000000;
    74B6 : 00000000;
    74B7 : 00000000;
    74B8 : 00000000;
    74B9 : 00000000;
    74BA : 00000000;
    74BB : 00000000;
    74BC : 00000000;
    74BD : 00000000;
    74BE : 00000000;
    74BF : 00000000;
    74C0 : 00000000;
    74C1 : 00000000;
    74C2 : 00000000;
    74C3 : 00000000;
    74C4 : 00000000;
    74C5 : 00000000;
    74C6 : 00000000;
    74C7 : 00000000;
    74C8 : 00000000;
    74C9 : 00000000;
    74CA : 00000000;
    74CB : 00000000;
    74CC : 00000000;
    74CD : 00000000;
    74CE : 00000000;
    74CF : 00000000;
    74D0 : 00000000;
    74D1 : 00000000;
    74D2 : 00000000;
    74D3 : 00000000;
    74D4 : 00000000;
    74D5 : 00000000;
    74D6 : 00000000;
    74D7 : 00000000;
    74D8 : 00000000;
    74D9 : 00000000;
    74DA : 00000000;
    74DB : 00000000;
    74DC : 00000000;
    74DD : 00000000;
    74DE : 00000000;
    74DF : 00000000;
    74E0 : 00000000;
    74E1 : 00000000;
    74E2 : 00000000;
    74E3 : 00000000;
    74E4 : 00000000;
    74E5 : 00000000;
    74E6 : 00000000;
    74E7 : 00000000;
    74E8 : 00000000;
    74E9 : 00000000;
    74EA : 00000000;
    74EB : 00000000;
    74EC : 00000000;
    74ED : 00000000;
    74EE : 00000000;
    74EF : 00000000;
    74F0 : 00000000;
    74F1 : 00000000;
    74F2 : 00000000;
    74F3 : 00000000;
    74F4 : 00000000;
    74F5 : 00000000;
    74F6 : 00000000;
    74F7 : 00000000;
    74F8 : 00000000;
    74F9 : 00000000;
    74FA : 00000000;
    74FB : 00000000;
    74FC : 00000000;
    74FD : 00000000;
    74FE : 00000000;
    74FF : 00000000;
    7500 : 00000000;
    7501 : 00000000;
    7502 : 00000000;
    7503 : 00000000;
    7504 : 00000000;
    7505 : 00000000;
    7506 : 00000000;
    7507 : 00000000;
    7508 : 00000000;
    7509 : 00000000;
    750A : 00000000;
    750B : 00000000;
    750C : 00000000;
    750D : 00000000;
    750E : 00000000;
    750F : 00000000;
    7510 : 00000000;
    7511 : 00000000;
    7512 : 00000000;
    7513 : 00000000;
    7514 : 00000000;
    7515 : 00000000;
    7516 : 00000000;
    7517 : 00000000;
    7518 : 00000000;
    7519 : 00000000;
    751A : 00000000;
    751B : 00000000;
    751C : 00000000;
    751D : 00000000;
    751E : 00000000;
    751F : 00000000;
    7520 : 00000000;
    7521 : 00000000;
    7522 : 00000000;
    7523 : 00000000;
    7524 : 00000000;
    7525 : 00000000;
    7526 : 00000000;
    7527 : 00000000;
    7528 : 00000000;
    7529 : 00000000;
    752A : 00000000;
    752B : 00000000;
    752C : 00000000;
    752D : 00000000;
    752E : 00000000;
    752F : 00000000;
    7530 : 00000000;
    7531 : 00000000;
    7532 : 00000000;
    7533 : 00000000;
    7534 : 00000000;
    7535 : 00000000;
    7536 : 00000000;
    7537 : 00000000;
    7538 : 00000000;
    7539 : 00000000;
    753A : 00000000;
    753B : 00000000;
    753C : 00000000;
    753D : 00000000;
    753E : 00000000;
    753F : 00000000;
    7540 : 00000000;
    7541 : 00000000;
    7542 : 00000000;
    7543 : 00000000;
    7544 : 00000000;
    7545 : 00000000;
    7546 : 00000000;
    7547 : 00000000;
    7548 : 00000000;
    7549 : 00000000;
    754A : 00000000;
    754B : 00000000;
    754C : 00000000;
    754D : 00000000;
    754E : 00000000;
    754F : 00000000;
    7550 : 00000000;
    7551 : 00000000;
    7552 : 00000000;
    7553 : 00000000;
    7554 : 00000000;
    7555 : 00000000;
    7556 : 00000000;
    7557 : 00000000;
    7558 : 00000000;
    7559 : 00000000;
    755A : 00000000;
    755B : 00000000;
    755C : 00000000;
    755D : 00000000;
    755E : 00000000;
    755F : 00000000;
    7560 : 00000000;
    7561 : 00000000;
    7562 : 00000000;
    7563 : 00000000;
    7564 : 00000000;
    7565 : 00000000;
    7566 : 00000000;
    7567 : 00000000;
    7568 : 00000000;
    7569 : 00000000;
    756A : 00000000;
    756B : 00000000;
    756C : 00000000;
    756D : 00000000;
    756E : 00000000;
    756F : 00000000;
    7570 : 00000000;
    7571 : 00000000;
    7572 : 00000000;
    7573 : 00000000;
    7574 : 00000000;
    7575 : 00000000;
    7576 : 00000000;
    7577 : 00000000;
    7578 : 00000000;
    7579 : 00000000;
    757A : 00000000;
    757B : 00000000;
    757C : 00000000;
    757D : 00000000;
    757E : 00000000;
    757F : 00000000;
    7580 : 00000000;
    7581 : 00000000;
    7582 : 00000000;
    7583 : 00000000;
    7584 : 00000000;
    7585 : 00000000;
    7586 : 00000000;
    7587 : 00000000;
    7588 : 00000000;
    7589 : 00000000;
    758A : 00000000;
    758B : 00000000;
    758C : 00000000;
    758D : 00000000;
    758E : 00000000;
    758F : 00000000;
    7590 : 00000000;
    7591 : 00000000;
    7592 : 00000000;
    7593 : 00000000;
    7594 : 00000000;
    7595 : 00000000;
    7596 : 00000000;
    7597 : 00000000;
    7598 : 00000000;
    7599 : 00000000;
    759A : 00000000;
    759B : 00000000;
    759C : 00000000;
    759D : 00000000;
    759E : 00000000;
    759F : 00000000;
    75A0 : 00000000;
    75A1 : 00000000;
    75A2 : 00000000;
    75A3 : 00000000;
    75A4 : 00000000;
    75A5 : 00000000;
    75A6 : 00000000;
    75A7 : 00000000;
    75A8 : 00000000;
    75A9 : 00000000;
    75AA : 00000000;
    75AB : 00000000;
    75AC : 00000000;
    75AD : 00000000;
    75AE : 00000000;
    75AF : 00000000;
    75B0 : 00000000;
    75B1 : 00000000;
    75B2 : 00000000;
    75B3 : 00000000;
    75B4 : 00000000;
    75B5 : 00000000;
    75B6 : 00000000;
    75B7 : 00000000;
    75B8 : 00000000;
    75B9 : 00000000;
    75BA : 00000000;
    75BB : 00000000;
    75BC : 00000000;
    75BD : 00000000;
    75BE : 00000000;
    75BF : 00000000;
    75C0 : 00000000;
    75C1 : 00000000;
    75C2 : 00000000;
    75C3 : 00000000;
    75C4 : 00000000;
    75C5 : 00000000;
    75C6 : 00000000;
    75C7 : 00000000;
    75C8 : 00000000;
    75C9 : 00000000;
    75CA : 00000000;
    75CB : 00000000;
    75CC : 00000000;
    75CD : 00000000;
    75CE : 00000000;
    75CF : 00000000;
    75D0 : 00000000;
    75D1 : 00000000;
    75D2 : 00000000;
    75D3 : 00000000;
    75D4 : 00000000;
    75D5 : 00000000;
    75D6 : 00000000;
    75D7 : 00000000;
    75D8 : 00000000;
    75D9 : 00000000;
    75DA : 00000000;
    75DB : 00000000;
    75DC : 00000000;
    75DD : 00000000;
    75DE : 00000000;
    75DF : 00000000;
    75E0 : 00000000;
    75E1 : 00000000;
    75E2 : 00000000;
    75E3 : 00000000;
    75E4 : 00000000;
    75E5 : 00000000;
    75E6 : 00000000;
    75E7 : 00000000;
    75E8 : 00000000;
    75E9 : 00000000;
    75EA : 00000000;
    75EB : 00000000;
    75EC : 00000000;
    75ED : 00000000;
    75EE : 00000000;
    75EF : 00000000;
    75F0 : 00000000;
    75F1 : 00000000;
    75F2 : 00000000;
    75F3 : 00000000;
    75F4 : 00000000;
    75F5 : 00000000;
    75F6 : 00000000;
    75F7 : 00000000;
    75F8 : 00000000;
    75F9 : 00000000;
    75FA : 00000000;
    75FB : 00000000;
    75FC : 00000000;
    75FD : 00000000;
    75FE : 00000000;
    75FF : 00000000;
    7600 : 00000000;
    7601 : 00000000;
    7602 : 00000000;
    7603 : 00000000;
    7604 : 00000000;
    7605 : 00000000;
    7606 : 00000000;
    7607 : 00000000;
    7608 : 00000000;
    7609 : 00000000;
    760A : 00000000;
    760B : 00000000;
    760C : 00000000;
    760D : 00000000;
    760E : 00000000;
    760F : 00000000;
    7610 : 00000000;
    7611 : 00000000;
    7612 : 00000000;
    7613 : 00000000;
    7614 : 00000000;
    7615 : 00000000;
    7616 : 00000000;
    7617 : 00000000;
    7618 : 00000000;
    7619 : 00000000;
    761A : 00000000;
    761B : 00000000;
    761C : 00000000;
    761D : 00000000;
    761E : 00000000;
    761F : 00000000;
    7620 : 00000000;
    7621 : 00000000;
    7622 : 00000000;
    7623 : 00000000;
    7624 : 00000000;
    7625 : 00000000;
    7626 : 00000000;
    7627 : 00000000;
    7628 : 00000000;
    7629 : 00000000;
    762A : 00000000;
    762B : 00000000;
    762C : 00000000;
    762D : 00000000;
    762E : 00000000;
    762F : 00000000;
    7630 : 00000000;
    7631 : 00000000;
    7632 : 00000000;
    7633 : 00000000;
    7634 : 00000000;
    7635 : 00000000;
    7636 : 00000000;
    7637 : 00000000;
    7638 : 00000000;
    7639 : 00000000;
    763A : 00000000;
    763B : 00000000;
    763C : 00000000;
    763D : 00000000;
    763E : 00000000;
    763F : 00000000;
    7640 : 00000000;
    7641 : 00000000;
    7642 : 00000000;
    7643 : 00000000;
    7644 : 00000000;
    7645 : 00000000;
    7646 : 00000000;
    7647 : 00000000;
    7648 : 00000000;
    7649 : 00000000;
    764A : 00000000;
    764B : 00000000;
    764C : 00000000;
    764D : 00000000;
    764E : 00000000;
    764F : 00000000;
    7650 : 00000000;
    7651 : 00000000;
    7652 : 00000000;
    7653 : 00000000;
    7654 : 00000000;
    7655 : 00000000;
    7656 : 00000000;
    7657 : 00000000;
    7658 : 00000000;
    7659 : 00000000;
    765A : 00000000;
    765B : 00000000;
    765C : 00000000;
    765D : 00000000;
    765E : 00000000;
    765F : 00000000;
    7660 : 00000000;
    7661 : 00000000;
    7662 : 00000000;
    7663 : 00000000;
    7664 : 00000000;
    7665 : 00000000;
    7666 : 00000000;
    7667 : 00000000;
    7668 : 00000000;
    7669 : 00000000;
    766A : 00000000;
    766B : 00000000;
    766C : 00000000;
    766D : 00000000;
    766E : 00000000;
    766F : 00000000;
    7670 : 00000000;
    7671 : 00000000;
    7672 : 00000000;
    7673 : 00000000;
    7674 : 00000000;
    7675 : 00000000;
    7676 : 00000000;
    7677 : 00000000;
    7678 : 00000000;
    7679 : 00000000;
    767A : 00000000;
    767B : 00000000;
    767C : 00000000;
    767D : 00000000;
    767E : 00000000;
    767F : 00000000;
    7680 : 00000000;
    7681 : 00000000;
    7682 : 00000000;
    7683 : 00000000;
    7684 : 00000000;
    7685 : 00000000;
    7686 : 00000000;
    7687 : 00000000;
    7688 : 00000000;
    7689 : 00000000;
    768A : 00000000;
    768B : 00000000;
    768C : 00000000;
    768D : 00000000;
    768E : 00000000;
    768F : 00000000;
    7690 : 00000000;
    7691 : 00000000;
    7692 : 00000000;
    7693 : 00000000;
    7694 : 00000000;
    7695 : 00000000;
    7696 : 00000000;
    7697 : 00000000;
    7698 : 00000000;
    7699 : 00000000;
    769A : 00000000;
    769B : 00000000;
    769C : 00000000;
    769D : 00000000;
    769E : 00000000;
    769F : 00000000;
    76A0 : 00000000;
    76A1 : 00000000;
    76A2 : 00000000;
    76A3 : 00000000;
    76A4 : 00000000;
    76A5 : 00000000;
    76A6 : 00000000;
    76A7 : 00000000;
    76A8 : 00000000;
    76A9 : 00000000;
    76AA : 00000000;
    76AB : 00000000;
    76AC : 00000000;
    76AD : 00000000;
    76AE : 00000000;
    76AF : 00000000;
    76B0 : 00000000;
    76B1 : 00000000;
    76B2 : 00000000;
    76B3 : 00000000;
    76B4 : 00000000;
    76B5 : 00000000;
    76B6 : 00000000;
    76B7 : 00000000;
    76B8 : 00000000;
    76B9 : 00000000;
    76BA : 00000000;
    76BB : 00000000;
    76BC : 00000000;
    76BD : 00000000;
    76BE : 00000000;
    76BF : 00000000;
    76C0 : 00000000;
    76C1 : 00000000;
    76C2 : 00000000;
    76C3 : 00000000;
    76C4 : 00000000;
    76C5 : 00000000;
    76C6 : 00000000;
    76C7 : 00000000;
    76C8 : 00000000;
    76C9 : 00000000;
    76CA : 00000000;
    76CB : 00000000;
    76CC : 00000000;
    76CD : 00000000;
    76CE : 00000000;
    76CF : 00000000;
    76D0 : 00000000;
    76D1 : 00000000;
    76D2 : 00000000;
    76D3 : 00000000;
    76D4 : 00000000;
    76D5 : 00000000;
    76D6 : 00000000;
    76D7 : 00000000;
    76D8 : 00000000;
    76D9 : 00000000;
    76DA : 00000000;
    76DB : 00000000;
    76DC : 00000000;
    76DD : 00000000;
    76DE : 00000000;
    76DF : 00000000;
    76E0 : 00000000;
    76E1 : 00000000;
    76E2 : 00000000;
    76E3 : 00000000;
    76E4 : 00000000;
    76E5 : 00000000;
    76E6 : 00000000;
    76E7 : 00000000;
    76E8 : 00000000;
    76E9 : 00000000;
    76EA : 00000000;
    76EB : 00000000;
    76EC : 00000000;
    76ED : 00000000;
    76EE : 00000000;
    76EF : 00000000;
    76F0 : 00000000;
    76F1 : 00000000;
    76F2 : 00000000;
    76F3 : 00000000;
    76F4 : 00000000;
    76F5 : 00000000;
    76F6 : 00000000;
    76F7 : 00000000;
    76F8 : 00000000;
    76F9 : 00000000;
    76FA : 00000000;
    76FB : 00000000;
    76FC : 00000000;
    76FD : 00000000;
    76FE : 00000000;
    76FF : 00000000;
    7700 : 00000000;
    7701 : 00000000;
    7702 : 00000000;
    7703 : 00000000;
    7704 : 00000000;
    7705 : 00000000;
    7706 : 00000000;
    7707 : 00000000;
    7708 : 00000000;
    7709 : 00000000;
    770A : 00000000;
    770B : 00000000;
    770C : 00000000;
    770D : 00000000;
    770E : 00000000;
    770F : 00000000;
    7710 : 00000000;
    7711 : 00000000;
    7712 : 00000000;
    7713 : 00000000;
    7714 : 00000000;
    7715 : 00000000;
    7716 : 00000000;
    7717 : 00000000;
    7718 : 00000000;
    7719 : 00000000;
    771A : 00000000;
    771B : 00000000;
    771C : 00000000;
    771D : 00000000;
    771E : 00000000;
    771F : 00000000;
    7720 : 00000000;
    7721 : 00000000;
    7722 : 00000000;
    7723 : 00000000;
    7724 : 00000000;
    7725 : 00000000;
    7726 : 00000000;
    7727 : 00000000;
    7728 : 00000000;
    7729 : 00000000;
    772A : 00000000;
    772B : 00000000;
    772C : 00000000;
    772D : 00000000;
    772E : 00000000;
    772F : 00000000;
    7730 : 00000000;
    7731 : 00000000;
    7732 : 00000000;
    7733 : 00000000;
    7734 : 00000000;
    7735 : 00000000;
    7736 : 00000000;
    7737 : 00000000;
    7738 : 00000000;
    7739 : 00000000;
    773A : 00000000;
    773B : 00000000;
    773C : 00000000;
    773D : 00000000;
    773E : 00000000;
    773F : 00000000;
    7740 : 00000000;
    7741 : 00000000;
    7742 : 00000000;
    7743 : 00000000;
    7744 : 00000000;
    7745 : 00000000;
    7746 : 00000000;
    7747 : 00000000;
    7748 : 00000000;
    7749 : 00000000;
    774A : 00000000;
    774B : 00000000;
    774C : 00000000;
    774D : 00000000;
    774E : 00000000;
    774F : 00000000;
    7750 : 00000000;
    7751 : 00000000;
    7752 : 00000000;
    7753 : 00000000;
    7754 : 00000000;
    7755 : 00000000;
    7756 : 00000000;
    7757 : 00000000;
    7758 : 00000000;
    7759 : 00000000;
    775A : 00000000;
    775B : 00000000;
    775C : 00000000;
    775D : 00000000;
    775E : 00000000;
    775F : 00000000;
    7760 : 00000000;
    7761 : 00000000;
    7762 : 00000000;
    7763 : 00000000;
    7764 : 00000000;
    7765 : 00000000;
    7766 : 00000000;
    7767 : 00000000;
    7768 : 00000000;
    7769 : 00000000;
    776A : 00000000;
    776B : 00000000;
    776C : 00000000;
    776D : 00000000;
    776E : 00000000;
    776F : 00000000;
    7770 : 00000000;
    7771 : 00000000;
    7772 : 00000000;
    7773 : 00000000;
    7774 : 00000000;
    7775 : 00000000;
    7776 : 00000000;
    7777 : 00000000;
    7778 : 00000000;
    7779 : 00000000;
    777A : 00000000;
    777B : 00000000;
    777C : 00000000;
    777D : 00000000;
    777E : 00000000;
    777F : 00000000;
    7780 : 00000000;
    7781 : 00000000;
    7782 : 00000000;
    7783 : 00000000;
    7784 : 00000000;
    7785 : 00000000;
    7786 : 00000000;
    7787 : 00000000;
    7788 : 00000000;
    7789 : 00000000;
    778A : 00000000;
    778B : 00000000;
    778C : 00000000;
    778D : 00000000;
    778E : 00000000;
    778F : 00000000;
    7790 : 00000000;
    7791 : 00000000;
    7792 : 00000000;
    7793 : 00000000;
    7794 : 00000000;
    7795 : 00000000;
    7796 : 00000000;
    7797 : 00000000;
    7798 : 00000000;
    7799 : 00000000;
    779A : 00000000;
    779B : 00000000;
    779C : 00000000;
    779D : 00000000;
    779E : 00000000;
    779F : 00000000;
    77A0 : 00000000;
    77A1 : 00000000;
    77A2 : 00000000;
    77A3 : 00000000;
    77A4 : 00000000;
    77A5 : 00000000;
    77A6 : 00000000;
    77A7 : 00000000;
    77A8 : 00000000;
    77A9 : 00000000;
    77AA : 00000000;
    77AB : 00000000;
    77AC : 00000000;
    77AD : 00000000;
    77AE : 00000000;
    77AF : 00000000;
    77B0 : 00000000;
    77B1 : 00000000;
    77B2 : 00000000;
    77B3 : 00000000;
    77B4 : 00000000;
    77B5 : 00000000;
    77B6 : 00000000;
    77B7 : 00000000;
    77B8 : 00000000;
    77B9 : 00000000;
    77BA : 00000000;
    77BB : 00000000;
    77BC : 00000000;
    77BD : 00000000;
    77BE : 00000000;
    77BF : 00000000;
    77C0 : 00000000;
    77C1 : 00000000;
    77C2 : 00000000;
    77C3 : 00000000;
    77C4 : 00000000;
    77C5 : 00000000;
    77C6 : 00000000;
    77C7 : 00000000;
    77C8 : 00000000;
    77C9 : 00000000;
    77CA : 00000000;
    77CB : 00000000;
    77CC : 00000000;
    77CD : 00000000;
    77CE : 00000000;
    77CF : 00000000;
    77D0 : 00000000;
    77D1 : 00000000;
    77D2 : 00000000;
    77D3 : 00000000;
    77D4 : 00000000;
    77D5 : 00000000;
    77D6 : 00000000;
    77D7 : 00000000;
    77D8 : 00000000;
    77D9 : 00000000;
    77DA : 00000000;
    77DB : 00000000;
    77DC : 00000000;
    77DD : 00000000;
    77DE : 00000000;
    77DF : 00000000;
    77E0 : 00000000;
    77E1 : 00000000;
    77E2 : 00000000;
    77E3 : 00000000;
    77E4 : 00000000;
    77E5 : 00000000;
    77E6 : 00000000;
    77E7 : 00000000;
    77E8 : 00000000;
    77E9 : 00000000;
    77EA : 00000000;
    77EB : 00000000;
    77EC : 00000000;
    77ED : 00000000;
    77EE : 00000000;
    77EF : 00000000;
    77F0 : 00000000;
    77F1 : 00000000;
    77F2 : 00000000;
    77F3 : 00000000;
    77F4 : 00000000;
    77F5 : 00000000;
    77F6 : 00000000;
    77F7 : 00000000;
    77F8 : 00000000;
    77F9 : 00000000;
    77FA : 00000000;
    77FB : 00000000;
    77FC : 00000000;
    77FD : 00000000;
    77FE : 00000000;
    77FF : 00000000;
    7800 : 00000000;
    7801 : 00000000;
    7802 : 00000000;
    7803 : 00000000;
    7804 : 00000000;
    7805 : 00000000;
    7806 : 00000000;
    7807 : 00000000;
    7808 : 00000000;
    7809 : 00000000;
    780A : 00000000;
    780B : 00000000;
    780C : 00000000;
    780D : 00000000;
    780E : 00000000;
    780F : 00000000;
    7810 : 00000000;
    7811 : 00000000;
    7812 : 00000000;
    7813 : 00000000;
    7814 : 00000000;
    7815 : 00000000;
    7816 : 00000000;
    7817 : 00000000;
    7818 : 00000000;
    7819 : 00000000;
    781A : 00000000;
    781B : 00000000;
    781C : 00000000;
    781D : 00000000;
    781E : 00000000;
    781F : 00000000;
    7820 : 00000000;
    7821 : 00000000;
    7822 : 00000000;
    7823 : 00000000;
    7824 : 00000000;
    7825 : 00000000;
    7826 : 00000000;
    7827 : 00000000;
    7828 : 00000000;
    7829 : 00000000;
    782A : 00000000;
    782B : 00000000;
    782C : 00000000;
    782D : 00000000;
    782E : 00000000;
    782F : 00000000;
    7830 : 00000000;
    7831 : 00000000;
    7832 : 00000000;
    7833 : 00000000;
    7834 : 00000000;
    7835 : 00000000;
    7836 : 00000000;
    7837 : 00000000;
    7838 : 00000000;
    7839 : 00000000;
    783A : 00000000;
    783B : 00000000;
    783C : 00000000;
    783D : 00000000;
    783E : 00000000;
    783F : 00000000;
    7840 : 00000000;
    7841 : 00000000;
    7842 : 00000000;
    7843 : 00000000;
    7844 : 00000000;
    7845 : 00000000;
    7846 : 00000000;
    7847 : 00000000;
    7848 : 00000000;
    7849 : 00000000;
    784A : 00000000;
    784B : 00000000;
    784C : 00000000;
    784D : 00000000;
    784E : 00000000;
    784F : 00000000;
    7850 : 00000000;
    7851 : 00000000;
    7852 : 00000000;
    7853 : 00000000;
    7854 : 00000000;
    7855 : 00000000;
    7856 : 00000000;
    7857 : 00000000;
    7858 : 00000000;
    7859 : 00000000;
    785A : 00000000;
    785B : 00000000;
    785C : 00000000;
    785D : 00000000;
    785E : 00000000;
    785F : 00000000;
    7860 : 00000000;
    7861 : 00000000;
    7862 : 00000000;
    7863 : 00000000;
    7864 : 00000000;
    7865 : 00000000;
    7866 : 00000000;
    7867 : 00000000;
    7868 : 00000000;
    7869 : 00000000;
    786A : 00000000;
    786B : 00000000;
    786C : 00000000;
    786D : 00000000;
    786E : 00000000;
    786F : 00000000;
    7870 : 00000000;
    7871 : 00000000;
    7872 : 00000000;
    7873 : 00000000;
    7874 : 00000000;
    7875 : 00000000;
    7876 : 00000000;
    7877 : 00000000;
    7878 : 00000000;
    7879 : 00000000;
    787A : 00000000;
    787B : 00000000;
    787C : 00000000;
    787D : 00000000;
    787E : 00000000;
    787F : 00000000;
    7880 : 00000000;
    7881 : 00000000;
    7882 : 00000000;
    7883 : 00000000;
    7884 : 00000000;
    7885 : 00000000;
    7886 : 00000000;
    7887 : 00000000;
    7888 : 00000000;
    7889 : 00000000;
    788A : 00000000;
    788B : 00000000;
    788C : 00000000;
    788D : 00000000;
    788E : 00000000;
    788F : 00000000;
    7890 : 00000000;
    7891 : 00000000;
    7892 : 00000000;
    7893 : 00000000;
    7894 : 00000000;
    7895 : 00000000;
    7896 : 00000000;
    7897 : 00000000;
    7898 : 00000000;
    7899 : 00000000;
    789A : 00000000;
    789B : 00000000;
    789C : 00000000;
    789D : 00000000;
    789E : 00000000;
    789F : 00000000;
    78A0 : 00000000;
    78A1 : 00000000;
    78A2 : 00000000;
    78A3 : 00000000;
    78A4 : 00000000;
    78A5 : 00000000;
    78A6 : 00000000;
    78A7 : 00000000;
    78A8 : 00000000;
    78A9 : 00000000;
    78AA : 00000000;
    78AB : 00000000;
    78AC : 00000000;
    78AD : 00000000;
    78AE : 00000000;
    78AF : 00000000;
    78B0 : 00000000;
    78B1 : 00000000;
    78B2 : 00000000;
    78B3 : 00000000;
    78B4 : 00000000;
    78B5 : 00000000;
    78B6 : 00000000;
    78B7 : 00000000;
    78B8 : 00000000;
    78B9 : 00000000;
    78BA : 00000000;
    78BB : 00000000;
    78BC : 00000000;
    78BD : 00000000;
    78BE : 00000000;
    78BF : 00000000;
    78C0 : 00000000;
    78C1 : 00000000;
    78C2 : 00000000;
    78C3 : 00000000;
    78C4 : 00000000;
    78C5 : 00000000;
    78C6 : 00000000;
    78C7 : 00000000;
    78C8 : 00000000;
    78C9 : 00000000;
    78CA : 00000000;
    78CB : 00000000;
    78CC : 00000000;
    78CD : 00000000;
    78CE : 00000000;
    78CF : 00000000;
    78D0 : 00000000;
    78D1 : 00000000;
    78D2 : 00000000;
    78D3 : 00000000;
    78D4 : 00000000;
    78D5 : 00000000;
    78D6 : 00000000;
    78D7 : 00000000;
    78D8 : 00000000;
    78D9 : 00000000;
    78DA : 00000000;
    78DB : 00000000;
    78DC : 00000000;
    78DD : 00000000;
    78DE : 00000000;
    78DF : 00000000;
    78E0 : 00000000;
    78E1 : 00000000;
    78E2 : 00000000;
    78E3 : 00000000;
    78E4 : 00000000;
    78E5 : 00000000;
    78E6 : 00000000;
    78E7 : 00000000;
    78E8 : 00000000;
    78E9 : 00000000;
    78EA : 00000000;
    78EB : 00000000;
    78EC : 00000000;
    78ED : 00000000;
    78EE : 00000000;
    78EF : 00000000;
    78F0 : 00000000;
    78F1 : 00000000;
    78F2 : 00000000;
    78F3 : 00000000;
    78F4 : 00000000;
    78F5 : 00000000;
    78F6 : 00000000;
    78F7 : 00000000;
    78F8 : 00000000;
    78F9 : 00000000;
    78FA : 00000000;
    78FB : 00000000;
    78FC : 00000000;
    78FD : 00000000;
    78FE : 00000000;
    78FF : 00000000;
    7900 : 00000000;
    7901 : 00000000;
    7902 : 00000000;
    7903 : 00000000;
    7904 : 00000000;
    7905 : 00000000;
    7906 : 00000000;
    7907 : 00000000;
    7908 : 00000000;
    7909 : 00000000;
    790A : 00000000;
    790B : 00000000;
    790C : 00000000;
    790D : 00000000;
    790E : 00000000;
    790F : 00000000;
    7910 : 00000000;
    7911 : 00000000;
    7912 : 00000000;
    7913 : 00000000;
    7914 : 00000000;
    7915 : 00000000;
    7916 : 00000000;
    7917 : 00000000;
    7918 : 00000000;
    7919 : 00000000;
    791A : 00000000;
    791B : 00000000;
    791C : 00000000;
    791D : 00000000;
    791E : 00000000;
    791F : 00000000;
    7920 : 00000000;
    7921 : 00000000;
    7922 : 00000000;
    7923 : 00000000;
    7924 : 00000000;
    7925 : 00000000;
    7926 : 00000000;
    7927 : 00000000;
    7928 : 00000000;
    7929 : 00000000;
    792A : 00000000;
    792B : 00000000;
    792C : 00000000;
    792D : 00000000;
    792E : 00000000;
    792F : 00000000;
    7930 : 00000000;
    7931 : 00000000;
    7932 : 00000000;
    7933 : 00000000;
    7934 : 00000000;
    7935 : 00000000;
    7936 : 00000000;
    7937 : 00000000;
    7938 : 00000000;
    7939 : 00000000;
    793A : 00000000;
    793B : 00000000;
    793C : 00000000;
    793D : 00000000;
    793E : 00000000;
    793F : 00000000;
    7940 : 00000000;
    7941 : 00000000;
    7942 : 00000000;
    7943 : 00000000;
    7944 : 00000000;
    7945 : 00000000;
    7946 : 00000000;
    7947 : 00000000;
    7948 : 00000000;
    7949 : 00000000;
    794A : 00000000;
    794B : 00000000;
    794C : 00000000;
    794D : 00000000;
    794E : 00000000;
    794F : 00000000;
    7950 : 00000000;
    7951 : 00000000;
    7952 : 00000000;
    7953 : 00000000;
    7954 : 00000000;
    7955 : 00000000;
    7956 : 00000000;
    7957 : 00000000;
    7958 : 00000000;
    7959 : 00000000;
    795A : 00000000;
    795B : 00000000;
    795C : 00000000;
    795D : 00000000;
    795E : 00000000;
    795F : 00000000;
    7960 : 00000000;
    7961 : 00000000;
    7962 : 00000000;
    7963 : 00000000;
    7964 : 00000000;
    7965 : 00000000;
    7966 : 00000000;
    7967 : 00000000;
    7968 : 00000000;
    7969 : 00000000;
    796A : 00000000;
    796B : 00000000;
    796C : 00000000;
    796D : 00000000;
    796E : 00000000;
    796F : 00000000;
    7970 : 00000000;
    7971 : 00000000;
    7972 : 00000000;
    7973 : 00000000;
    7974 : 00000000;
    7975 : 00000000;
    7976 : 00000000;
    7977 : 00000000;
    7978 : 00000000;
    7979 : 00000000;
    797A : 00000000;
    797B : 00000000;
    797C : 00000000;
    797D : 00000000;
    797E : 00000000;
    797F : 00000000;
    7980 : 00000000;
    7981 : 00000000;
    7982 : 00000000;
    7983 : 00000000;
    7984 : 00000000;
    7985 : 00000000;
    7986 : 00000000;
    7987 : 00000000;
    7988 : 00000000;
    7989 : 00000000;
    798A : 00000000;
    798B : 00000000;
    798C : 00000000;
    798D : 00000000;
    798E : 00000000;
    798F : 00000000;
    7990 : 00000000;
    7991 : 00000000;
    7992 : 00000000;
    7993 : 00000000;
    7994 : 00000000;
    7995 : 00000000;
    7996 : 00000000;
    7997 : 00000000;
    7998 : 00000000;
    7999 : 00000000;
    799A : 00000000;
    799B : 00000000;
    799C : 00000000;
    799D : 00000000;
    799E : 00000000;
    799F : 00000000;
    79A0 : 00000000;
    79A1 : 00000000;
    79A2 : 00000000;
    79A3 : 00000000;
    79A4 : 00000000;
    79A5 : 00000000;
    79A6 : 00000000;
    79A7 : 00000000;
    79A8 : 00000000;
    79A9 : 00000000;
    79AA : 00000000;
    79AB : 00000000;
    79AC : 00000000;
    79AD : 00000000;
    79AE : 00000000;
    79AF : 00000000;
    79B0 : 00000000;
    79B1 : 00000000;
    79B2 : 00000000;
    79B3 : 00000000;
    79B4 : 00000000;
    79B5 : 00000000;
    79B6 : 00000000;
    79B7 : 00000000;
    79B8 : 00000000;
    79B9 : 00000000;
    79BA : 00000000;
    79BB : 00000000;
    79BC : 00000000;
    79BD : 00000000;
    79BE : 00000000;
    79BF : 00000000;
    79C0 : 00000000;
    79C1 : 00000000;
    79C2 : 00000000;
    79C3 : 00000000;
    79C4 : 00000000;
    79C5 : 00000000;
    79C6 : 00000000;
    79C7 : 00000000;
    79C8 : 00000000;
    79C9 : 00000000;
    79CA : 00000000;
    79CB : 00000000;
    79CC : 00000000;
    79CD : 00000000;
    79CE : 00000000;
    79CF : 00000000;
    79D0 : 00000000;
    79D1 : 00000000;
    79D2 : 00000000;
    79D3 : 00000000;
    79D4 : 00000000;
    79D5 : 00000000;
    79D6 : 00000000;
    79D7 : 00000000;
    79D8 : 00000000;
    79D9 : 00000000;
    79DA : 00000000;
    79DB : 00000000;
    79DC : 00000000;
    79DD : 00000000;
    79DE : 00000000;
    79DF : 00000000;
    79E0 : 00000000;
    79E1 : 00000000;
    79E2 : 00000000;
    79E3 : 00000000;
    79E4 : 00000000;
    79E5 : 00000000;
    79E6 : 00000000;
    79E7 : 00000000;
    79E8 : 00000000;
    79E9 : 00000000;
    79EA : 00000000;
    79EB : 00000000;
    79EC : 00000000;
    79ED : 00000000;
    79EE : 00000000;
    79EF : 00000000;
    79F0 : 00000000;
    79F1 : 00000000;
    79F2 : 00000000;
    79F3 : 00000000;
    79F4 : 00000000;
    79F5 : 00000000;
    79F6 : 00000000;
    79F7 : 00000000;
    79F8 : 00000000;
    79F9 : 00000000;
    79FA : 00000000;
    79FB : 00000000;
    79FC : 00000000;
    79FD : 00000000;
    79FE : 00000000;
    79FF : 00000000;
    7A00 : 00000000;
    7A01 : 00000000;
    7A02 : 00000000;
    7A03 : 00000000;
    7A04 : 00000000;
    7A05 : 00000000;
    7A06 : 00000000;
    7A07 : 00000000;
    7A08 : 00000000;
    7A09 : 00000000;
    7A0A : 00000000;
    7A0B : 00000000;
    7A0C : 00000000;
    7A0D : 00000000;
    7A0E : 00000000;
    7A0F : 00000000;
    7A10 : 00000000;
    7A11 : 00000000;
    7A12 : 00000000;
    7A13 : 00000000;
    7A14 : 00000000;
    7A15 : 00000000;
    7A16 : 00000000;
    7A17 : 00000000;
    7A18 : 00000000;
    7A19 : 00000000;
    7A1A : 00000000;
    7A1B : 00000000;
    7A1C : 00000000;
    7A1D : 00000000;
    7A1E : 00000000;
    7A1F : 00000000;
    7A20 : 00000000;
    7A21 : 00000000;
    7A22 : 00000000;
    7A23 : 00000000;
    7A24 : 00000000;
    7A25 : 00000000;
    7A26 : 00000000;
    7A27 : 00000000;
    7A28 : 00000000;
    7A29 : 00000000;
    7A2A : 00000000;
    7A2B : 00000000;
    7A2C : 00000000;
    7A2D : 00000000;
    7A2E : 00000000;
    7A2F : 00000000;
    7A30 : 00000000;
    7A31 : 00000000;
    7A32 : 00000000;
    7A33 : 00000000;
    7A34 : 00000000;
    7A35 : 00000000;
    7A36 : 00000000;
    7A37 : 00000000;
    7A38 : 00000000;
    7A39 : 00000000;
    7A3A : 00000000;
    7A3B : 00000000;
    7A3C : 00000000;
    7A3D : 00000000;
    7A3E : 00000000;
    7A3F : 00000000;
    7A40 : 00000000;
    7A41 : 00000000;
    7A42 : 00000000;
    7A43 : 00000000;
    7A44 : 00000000;
    7A45 : 00000000;
    7A46 : 00000000;
    7A47 : 00000000;
    7A48 : 00000000;
    7A49 : 00000000;
    7A4A : 00000000;
    7A4B : 00000000;
    7A4C : 00000000;
    7A4D : 00000000;
    7A4E : 00000000;
    7A4F : 00000000;
    7A50 : 00000000;
    7A51 : 00000000;
    7A52 : 00000000;
    7A53 : 00000000;
    7A54 : 00000000;
    7A55 : 00000000;
    7A56 : 00000000;
    7A57 : 00000000;
    7A58 : 00000000;
    7A59 : 00000000;
    7A5A : 00000000;
    7A5B : 00000000;
    7A5C : 00000000;
    7A5D : 00000000;
    7A5E : 00000000;
    7A5F : 00000000;
    7A60 : 00000000;
    7A61 : 00000000;
    7A62 : 00000000;
    7A63 : 00000000;
    7A64 : 00000000;
    7A65 : 00000000;
    7A66 : 00000000;
    7A67 : 00000000;
    7A68 : 00000000;
    7A69 : 00000000;
    7A6A : 00000000;
    7A6B : 00000000;
    7A6C : 00000000;
    7A6D : 00000000;
    7A6E : 00000000;
    7A6F : 00000000;
    7A70 : 00000000;
    7A71 : 00000000;
    7A72 : 00000000;
    7A73 : 00000000;
    7A74 : 00000000;
    7A75 : 00000000;
    7A76 : 00000000;
    7A77 : 00000000;
    7A78 : 00000000;
    7A79 : 00000000;
    7A7A : 00000000;
    7A7B : 00000000;
    7A7C : 00000000;
    7A7D : 00000000;
    7A7E : 00000000;
    7A7F : 00000000;
    7A80 : 00000000;
    7A81 : 00000000;
    7A82 : 00000000;
    7A83 : 00000000;
    7A84 : 00000000;
    7A85 : 00000000;
    7A86 : 00000000;
    7A87 : 00000000;
    7A88 : 00000000;
    7A89 : 00000000;
    7A8A : 00000000;
    7A8B : 00000000;
    7A8C : 00000000;
    7A8D : 00000000;
    7A8E : 00000000;
    7A8F : 00000000;
    7A90 : 00000000;
    7A91 : 00000000;
    7A92 : 00000000;
    7A93 : 00000000;
    7A94 : 00000000;
    7A95 : 00000000;
    7A96 : 00000000;
    7A97 : 00000000;
    7A98 : 00000000;
    7A99 : 00000000;
    7A9A : 00000000;
    7A9B : 00000000;
    7A9C : 00000000;
    7A9D : 00000000;
    7A9E : 00000000;
    7A9F : 00000000;
    7AA0 : 00000000;
    7AA1 : 00000000;
    7AA2 : 00000000;
    7AA3 : 00000000;
    7AA4 : 00000000;
    7AA5 : 00000000;
    7AA6 : 00000000;
    7AA7 : 00000000;
    7AA8 : 00000000;
    7AA9 : 00000000;
    7AAA : 00000000;
    7AAB : 00000000;
    7AAC : 00000000;
    7AAD : 00000000;
    7AAE : 00000000;
    7AAF : 00000000;
    7AB0 : 00000000;
    7AB1 : 00000000;
    7AB2 : 00000000;
    7AB3 : 00000000;
    7AB4 : 00000000;
    7AB5 : 00000000;
    7AB6 : 00000000;
    7AB7 : 00000000;
    7AB8 : 00000000;
    7AB9 : 00000000;
    7ABA : 00000000;
    7ABB : 00000000;
    7ABC : 00000000;
    7ABD : 00000000;
    7ABE : 00000000;
    7ABF : 00000000;
    7AC0 : 00000000;
    7AC1 : 00000000;
    7AC2 : 00000000;
    7AC3 : 00000000;
    7AC4 : 00000000;
    7AC5 : 00000000;
    7AC6 : 00000000;
    7AC7 : 00000000;
    7AC8 : 00000000;
    7AC9 : 00000000;
    7ACA : 00000000;
    7ACB : 00000000;
    7ACC : 00000000;
    7ACD : 00000000;
    7ACE : 00000000;
    7ACF : 00000000;
    7AD0 : 00000000;
    7AD1 : 00000000;
    7AD2 : 00000000;
    7AD3 : 00000000;
    7AD4 : 00000000;
    7AD5 : 00000000;
    7AD6 : 00000000;
    7AD7 : 00000000;
    7AD8 : 00000000;
    7AD9 : 00000000;
    7ADA : 00000000;
    7ADB : 00000000;
    7ADC : 00000000;
    7ADD : 00000000;
    7ADE : 00000000;
    7ADF : 00000000;
    7AE0 : 00000000;
    7AE1 : 00000000;
    7AE2 : 00000000;
    7AE3 : 00000000;
    7AE4 : 00000000;
    7AE5 : 00000000;
    7AE6 : 00000000;
    7AE7 : 00000000;
    7AE8 : 00000000;
    7AE9 : 00000000;
    7AEA : 00000000;
    7AEB : 00000000;
    7AEC : 00000000;
    7AED : 00000000;
    7AEE : 00000000;
    7AEF : 00000000;
    7AF0 : 00000000;
    7AF1 : 00000000;
    7AF2 : 00000000;
    7AF3 : 00000000;
    7AF4 : 00000000;
    7AF5 : 00000000;
    7AF6 : 00000000;
    7AF7 : 00000000;
    7AF8 : 00000000;
    7AF9 : 00000000;
    7AFA : 00000000;
    7AFB : 00000000;
    7AFC : 00000000;
    7AFD : 00000000;
    7AFE : 00000000;
    7AFF : 00000000;
    7B00 : 00000000;
    7B01 : 00000000;
    7B02 : 00000000;
    7B03 : 00000000;
    7B04 : 00000000;
    7B05 : 00000000;
    7B06 : 00000000;
    7B07 : 00000000;
    7B08 : 00000000;
    7B09 : 00000000;
    7B0A : 00000000;
    7B0B : 00000000;
    7B0C : 00000000;
    7B0D : 00000000;
    7B0E : 00000000;
    7B0F : 00000000;
    7B10 : 00000000;
    7B11 : 00000000;
    7B12 : 00000000;
    7B13 : 00000000;
    7B14 : 00000000;
    7B15 : 00000000;
    7B16 : 00000000;
    7B17 : 00000000;
    7B18 : 00000000;
    7B19 : 00000000;
    7B1A : 00000000;
    7B1B : 00000000;
    7B1C : 00000000;
    7B1D : 00000000;
    7B1E : 00000000;
    7B1F : 00000000;
    7B20 : 00000000;
    7B21 : 00000000;
    7B22 : 00000000;
    7B23 : 00000000;
    7B24 : 00000000;
    7B25 : 00000000;
    7B26 : 00000000;
    7B27 : 00000000;
    7B28 : 00000000;
    7B29 : 00000000;
    7B2A : 00000000;
    7B2B : 00000000;
    7B2C : 00000000;
    7B2D : 00000000;
    7B2E : 00000000;
    7B2F : 00000000;
    7B30 : 00000000;
    7B31 : 00000000;
    7B32 : 00000000;
    7B33 : 00000000;
    7B34 : 00000000;
    7B35 : 00000000;
    7B36 : 00000000;
    7B37 : 00000000;
    7B38 : 00000000;
    7B39 : 00000000;
    7B3A : 00000000;
    7B3B : 00000000;
    7B3C : 00000000;
    7B3D : 00000000;
    7B3E : 00000000;
    7B3F : 00000000;
    7B40 : 00000000;
    7B41 : 00000000;
    7B42 : 00000000;
    7B43 : 00000000;
    7B44 : 00000000;
    7B45 : 00000000;
    7B46 : 00000000;
    7B47 : 00000000;
    7B48 : 00000000;
    7B49 : 00000000;
    7B4A : 00000000;
    7B4B : 00000000;
    7B4C : 00000000;
    7B4D : 00000000;
    7B4E : 00000000;
    7B4F : 00000000;
    7B50 : 00000000;
    7B51 : 00000000;
    7B52 : 00000000;
    7B53 : 00000000;
    7B54 : 00000000;
    7B55 : 00000000;
    7B56 : 00000000;
    7B57 : 00000000;
    7B58 : 00000000;
    7B59 : 00000000;
    7B5A : 00000000;
    7B5B : 00000000;
    7B5C : 00000000;
    7B5D : 00000000;
    7B5E : 00000000;
    7B5F : 00000000;
    7B60 : 00000000;
    7B61 : 00000000;
    7B62 : 00000000;
    7B63 : 00000000;
    7B64 : 00000000;
    7B65 : 00000000;
    7B66 : 00000000;
    7B67 : 00000000;
    7B68 : 00000000;
    7B69 : 00000000;
    7B6A : 00000000;
    7B6B : 00000000;
    7B6C : 00000000;
    7B6D : 00000000;
    7B6E : 00000000;
    7B6F : 00000000;
    7B70 : 00000000;
    7B71 : 00000000;
    7B72 : 00000000;
    7B73 : 00000000;
    7B74 : 00000000;
    7B75 : 00000000;
    7B76 : 00000000;
    7B77 : 00000000;
    7B78 : 00000000;
    7B79 : 00000000;
    7B7A : 00000000;
    7B7B : 00000000;
    7B7C : 00000000;
    7B7D : 00000000;
    7B7E : 00000000;
    7B7F : 00000000;
    7B80 : 00000000;
    7B81 : 00000000;
    7B82 : 00000000;
    7B83 : 00000000;
    7B84 : 00000000;
    7B85 : 00000000;
    7B86 : 00000000;
    7B87 : 00000000;
    7B88 : 00000000;
    7B89 : 00000000;
    7B8A : 00000000;
    7B8B : 00000000;
    7B8C : 00000000;
    7B8D : 00000000;
    7B8E : 00000000;
    7B8F : 00000000;
    7B90 : 00000000;
    7B91 : 00000000;
    7B92 : 00000000;
    7B93 : 00000000;
    7B94 : 00000000;
    7B95 : 00000000;
    7B96 : 00000000;
    7B97 : 00000000;
    7B98 : 00000000;
    7B99 : 00000000;
    7B9A : 00000000;
    7B9B : 00000000;
    7B9C : 00000000;
    7B9D : 00000000;
    7B9E : 00000000;
    7B9F : 00000000;
    7BA0 : 00000000;
    7BA1 : 00000000;
    7BA2 : 00000000;
    7BA3 : 00000000;
    7BA4 : 00000000;
    7BA5 : 00000000;
    7BA6 : 00000000;
    7BA7 : 00000000;
    7BA8 : 00000000;
    7BA9 : 00000000;
    7BAA : 00000000;
    7BAB : 00000000;
    7BAC : 00000000;
    7BAD : 00000000;
    7BAE : 00000000;
    7BAF : 00000000;
    7BB0 : 00000000;
    7BB1 : 00000000;
    7BB2 : 00000000;
    7BB3 : 00000000;
    7BB4 : 00000000;
    7BB5 : 00000000;
    7BB6 : 00000000;
    7BB7 : 00000000;
    7BB8 : 00000000;
    7BB9 : 00000000;
    7BBA : 00000000;
    7BBB : 00000000;
    7BBC : 00000000;
    7BBD : 00000000;
    7BBE : 00000000;
    7BBF : 00000000;
    7BC0 : 00000000;
    7BC1 : 00000000;
    7BC2 : 00000000;
    7BC3 : 00000000;
    7BC4 : 00000000;
    7BC5 : 00000000;
    7BC6 : 00000000;
    7BC7 : 00000000;
    7BC8 : 00000000;
    7BC9 : 00000000;
    7BCA : 00000000;
    7BCB : 00000000;
    7BCC : 00000000;
    7BCD : 00000000;
    7BCE : 00000000;
    7BCF : 00000000;
    7BD0 : 00000000;
    7BD1 : 00000000;
    7BD2 : 00000000;
    7BD3 : 00000000;
    7BD4 : 00000000;
    7BD5 : 00000000;
    7BD6 : 00000000;
    7BD7 : 00000000;
    7BD8 : 00000000;
    7BD9 : 00000000;
    7BDA : 00000000;
    7BDB : 00000000;
    7BDC : 00000000;
    7BDD : 00000000;
    7BDE : 00000000;
    7BDF : 00000000;
    7BE0 : 00000000;
    7BE1 : 00000000;
    7BE2 : 00000000;
    7BE3 : 00000000;
    7BE4 : 00000000;
    7BE5 : 00000000;
    7BE6 : 00000000;
    7BE7 : 00000000;
    7BE8 : 00000000;
    7BE9 : 00000000;
    7BEA : 00000000;
    7BEB : 00000000;
    7BEC : 00000000;
    7BED : 00000000;
    7BEE : 00000000;
    7BEF : 00000000;
    7BF0 : 00000000;
    7BF1 : 00000000;
    7BF2 : 00000000;
    7BF3 : 00000000;
    7BF4 : 00000000;
    7BF5 : 00000000;
    7BF6 : 00000000;
    7BF7 : 00000000;
    7BF8 : 00000000;
    7BF9 : 00000000;
    7BFA : 00000000;
    7BFB : 00000000;
    7BFC : 00000000;
    7BFD : 00000000;
    7BFE : 00000000;
    7BFF : 00000000;
    7C00 : 00000000;
    7C01 : 00000000;
    7C02 : 00000000;
    7C03 : 00000000;
    7C04 : 00000000;
    7C05 : 00000000;
    7C06 : 00000000;
    7C07 : 00000000;
    7C08 : 00000000;
    7C09 : 00000000;
    7C0A : 00000000;
    7C0B : 00000000;
    7C0C : 00000000;
    7C0D : 00000000;
    7C0E : 00000000;
    7C0F : 00000000;
    7C10 : 00000000;
    7C11 : 00000000;
    7C12 : 00000000;
    7C13 : 00000000;
    7C14 : 00000000;
    7C15 : 00000000;
    7C16 : 00000000;
    7C17 : 00000000;
    7C18 : 00000000;
    7C19 : 00000000;
    7C1A : 00000000;
    7C1B : 00000000;
    7C1C : 00000000;
    7C1D : 00000000;
    7C1E : 00000000;
    7C1F : 00000000;
    7C20 : 00000000;
    7C21 : 00000000;
    7C22 : 00000000;
    7C23 : 00000000;
    7C24 : 00000000;
    7C25 : 00000000;
    7C26 : 00000000;
    7C27 : 00000000;
    7C28 : 00000000;
    7C29 : 00000000;
    7C2A : 00000000;
    7C2B : 00000000;
    7C2C : 00000000;
    7C2D : 00000000;
    7C2E : 00000000;
    7C2F : 00000000;
    7C30 : 00000000;
    7C31 : 00000000;
    7C32 : 00000000;
    7C33 : 00000000;
    7C34 : 00000000;
    7C35 : 00000000;
    7C36 : 00000000;
    7C37 : 00000000;
    7C38 : 00000000;
    7C39 : 00000000;
    7C3A : 00000000;
    7C3B : 00000000;
    7C3C : 00000000;
    7C3D : 00000000;
    7C3E : 00000000;
    7C3F : 00000000;
    7C40 : 00000000;
    7C41 : 00000000;
    7C42 : 00000000;
    7C43 : 00000000;
    7C44 : 00000000;
    7C45 : 00000000;
    7C46 : 00000000;
    7C47 : 00000000;
    7C48 : 00000000;
    7C49 : 00000000;
    7C4A : 00000000;
    7C4B : 00000000;
    7C4C : 00000000;
    7C4D : 00000000;
    7C4E : 00000000;
    7C4F : 00000000;
    7C50 : 00000000;
    7C51 : 00000000;
    7C52 : 00000000;
    7C53 : 00000000;
    7C54 : 00000000;
    7C55 : 00000000;
    7C56 : 00000000;
    7C57 : 00000000;
    7C58 : 00000000;
    7C59 : 00000000;
    7C5A : 00000000;
    7C5B : 00000000;
    7C5C : 00000000;
    7C5D : 00000000;
    7C5E : 00000000;
    7C5F : 00000000;
    7C60 : 00000000;
    7C61 : 00000000;
    7C62 : 00000000;
    7C63 : 00000000;
    7C64 : 00000000;
    7C65 : 00000000;
    7C66 : 00000000;
    7C67 : 00000000;
    7C68 : 00000000;
    7C69 : 00000000;
    7C6A : 00000000;
    7C6B : 00000000;
    7C6C : 00000000;
    7C6D : 00000000;
    7C6E : 00000000;
    7C6F : 00000000;
    7C70 : 00000000;
    7C71 : 00000000;
    7C72 : 00000000;
    7C73 : 00000000;
    7C74 : 00000000;
    7C75 : 00000000;
    7C76 : 00000000;
    7C77 : 00000000;
    7C78 : 00000000;
    7C79 : 00000000;
    7C7A : 00000000;
    7C7B : 00000000;
    7C7C : 00000000;
    7C7D : 00000000;
    7C7E : 00000000;
    7C7F : 00000000;
    7C80 : 00000000;
    7C81 : 00000000;
    7C82 : 00000000;
    7C83 : 00000000;
    7C84 : 00000000;
    7C85 : 00000000;
    7C86 : 00000000;
    7C87 : 00000000;
    7C88 : 00000000;
    7C89 : 00000000;
    7C8A : 00000000;
    7C8B : 00000000;
    7C8C : 00000000;
    7C8D : 00000000;
    7C8E : 00000000;
    7C8F : 00000000;
    7C90 : 00000000;
    7C91 : 00000000;
    7C92 : 00000000;
    7C93 : 00000000;
    7C94 : 00000000;
    7C95 : 00000000;
    7C96 : 00000000;
    7C97 : 00000000;
    7C98 : 00000000;
    7C99 : 00000000;
    7C9A : 00000000;
    7C9B : 00000000;
    7C9C : 00000000;
    7C9D : 00000000;
    7C9E : 00000000;
    7C9F : 00000000;
    7CA0 : 00000000;
    7CA1 : 00000000;
    7CA2 : 00000000;
    7CA3 : 00000000;
    7CA4 : 00000000;
    7CA5 : 00000000;
    7CA6 : 00000000;
    7CA7 : 00000000;
    7CA8 : 00000000;
    7CA9 : 00000000;
    7CAA : 00000000;
    7CAB : 00000000;
    7CAC : 00000000;
    7CAD : 00000000;
    7CAE : 00000000;
    7CAF : 00000000;
    7CB0 : 00000000;
    7CB1 : 00000000;
    7CB2 : 00000000;
    7CB3 : 00000000;
    7CB4 : 00000000;
    7CB5 : 00000000;
    7CB6 : 00000000;
    7CB7 : 00000000;
    7CB8 : 00000000;
    7CB9 : 00000000;
    7CBA : 00000000;
    7CBB : 00000000;
    7CBC : 00000000;
    7CBD : 00000000;
    7CBE : 00000000;
    7CBF : 00000000;
    7CC0 : 00000000;
    7CC1 : 00000000;
    7CC2 : 00000000;
    7CC3 : 00000000;
    7CC4 : 00000000;
    7CC5 : 00000000;
    7CC6 : 00000000;
    7CC7 : 00000000;
    7CC8 : 00000000;
    7CC9 : 00000000;
    7CCA : 00000000;
    7CCB : 00000000;
    7CCC : 00000000;
    7CCD : 00000000;
    7CCE : 00000000;
    7CCF : 00000000;
    7CD0 : 00000000;
    7CD1 : 00000000;
    7CD2 : 00000000;
    7CD3 : 00000000;
    7CD4 : 00000000;
    7CD5 : 00000000;
    7CD6 : 00000000;
    7CD7 : 00000000;
    7CD8 : 00000000;
    7CD9 : 00000000;
    7CDA : 00000000;
    7CDB : 00000000;
    7CDC : 00000000;
    7CDD : 00000000;
    7CDE : 00000000;
    7CDF : 00000000;
    7CE0 : 00000000;
    7CE1 : 00000000;
    7CE2 : 00000000;
    7CE3 : 00000000;
    7CE4 : 00000000;
    7CE5 : 00000000;
    7CE6 : 00000000;
    7CE7 : 00000000;
    7CE8 : 00000000;
    7CE9 : 00000000;
    7CEA : 00000000;
    7CEB : 00000000;
    7CEC : 00000000;
    7CED : 00000000;
    7CEE : 00000000;
    7CEF : 00000000;
    7CF0 : 00000000;
    7CF1 : 00000000;
    7CF2 : 00000000;
    7CF3 : 00000000;
    7CF4 : 00000000;
    7CF5 : 00000000;
    7CF6 : 00000000;
    7CF7 : 00000000;
    7CF8 : 00000000;
    7CF9 : 00000000;
    7CFA : 00000000;
    7CFB : 00000000;
    7CFC : 00000000;
    7CFD : 00000000;
    7CFE : 00000000;
    7CFF : 00000000;
    7D00 : 00000000;
    7D01 : 00000000;
    7D02 : 00000000;
    7D03 : 00000000;
    7D04 : 00000000;
    7D05 : 00000000;
    7D06 : 00000000;
    7D07 : 00000000;
    7D08 : 00000000;
    7D09 : 00000000;
    7D0A : 00000000;
    7D0B : 00000000;
    7D0C : 00000000;
    7D0D : 00000000;
    7D0E : 00000000;
    7D0F : 00000000;
    7D10 : 00000000;
    7D11 : 00000000;
    7D12 : 00000000;
    7D13 : 00000000;
    7D14 : 00000000;
    7D15 : 00000000;
    7D16 : 00000000;
    7D17 : 00000000;
    7D18 : 00000000;
    7D19 : 00000000;
    7D1A : 00000000;
    7D1B : 00000000;
    7D1C : 00000000;
    7D1D : 00000000;
    7D1E : 00000000;
    7D1F : 00000000;
    7D20 : 00000000;
    7D21 : 00000000;
    7D22 : 00000000;
    7D23 : 00000000;
    7D24 : 00000000;
    7D25 : 00000000;
    7D26 : 00000000;
    7D27 : 00000000;
    7D28 : 00000000;
    7D29 : 00000000;
    7D2A : 00000000;
    7D2B : 00000000;
    7D2C : 00000000;
    7D2D : 00000000;
    7D2E : 00000000;
    7D2F : 00000000;
    7D30 : 00000000;
    7D31 : 00000000;
    7D32 : 00000000;
    7D33 : 00000000;
    7D34 : 00000000;
    7D35 : 00000000;
    7D36 : 00000000;
    7D37 : 00000000;
    7D38 : 00000000;
    7D39 : 00000000;
    7D3A : 00000000;
    7D3B : 00000000;
    7D3C : 00000000;
    7D3D : 00000000;
    7D3E : 00000000;
    7D3F : 00000000;
    7D40 : 00000000;
    7D41 : 00000000;
    7D42 : 00000000;
    7D43 : 00000000;
    7D44 : 00000000;
    7D45 : 00000000;
    7D46 : 00000000;
    7D47 : 00000000;
    7D48 : 00000000;
    7D49 : 00000000;
    7D4A : 00000000;
    7D4B : 00000000;
    7D4C : 00000000;
    7D4D : 00000000;
    7D4E : 00000000;
    7D4F : 00000000;
    7D50 : 00000000;
    7D51 : 00000000;
    7D52 : 00000000;
    7D53 : 00000000;
    7D54 : 00000000;
    7D55 : 00000000;
    7D56 : 00000000;
    7D57 : 00000000;
    7D58 : 00000000;
    7D59 : 00000000;
    7D5A : 00000000;
    7D5B : 00000000;
    7D5C : 00000000;
    7D5D : 00000000;
    7D5E : 00000000;
    7D5F : 00000000;
    7D60 : 00000000;
    7D61 : 00000000;
    7D62 : 00000000;
    7D63 : 00000000;
    7D64 : 00000000;
    7D65 : 00000000;
    7D66 : 00000000;
    7D67 : 00000000;
    7D68 : 00000000;
    7D69 : 00000000;
    7D6A : 00000000;
    7D6B : 00000000;
    7D6C : 00000000;
    7D6D : 00000000;
    7D6E : 00000000;
    7D6F : 00000000;
    7D70 : 00000000;
    7D71 : 00000000;
    7D72 : 00000000;
    7D73 : 00000000;
    7D74 : 00000000;
    7D75 : 00000000;
    7D76 : 00000000;
    7D77 : 00000000;
    7D78 : 00000000;
    7D79 : 00000000;
    7D7A : 00000000;
    7D7B : 00000000;
    7D7C : 00000000;
    7D7D : 00000000;
    7D7E : 00000000;
    7D7F : 00000000;
    7D80 : 00000000;
    7D81 : 00000000;
    7D82 : 00000000;
    7D83 : 00000000;
    7D84 : 00000000;
    7D85 : 00000000;
    7D86 : 00000000;
    7D87 : 00000000;
    7D88 : 00000000;
    7D89 : 00000000;
    7D8A : 00000000;
    7D8B : 00000000;
    7D8C : 00000000;
    7D8D : 00000000;
    7D8E : 00000000;
    7D8F : 00000000;
    7D90 : 00000000;
    7D91 : 00000000;
    7D92 : 00000000;
    7D93 : 00000000;
    7D94 : 00000000;
    7D95 : 00000000;
    7D96 : 00000000;
    7D97 : 00000000;
    7D98 : 00000000;
    7D99 : 00000000;
    7D9A : 00000000;
    7D9B : 00000000;
    7D9C : 00000000;
    7D9D : 00000000;
    7D9E : 00000000;
    7D9F : 00000000;
    7DA0 : 00000000;
    7DA1 : 00000000;
    7DA2 : 00000000;
    7DA3 : 00000000;
    7DA4 : 00000000;
    7DA5 : 00000000;
    7DA6 : 00000000;
    7DA7 : 00000000;
    7DA8 : 00000000;
    7DA9 : 00000000;
    7DAA : 00000000;
    7DAB : 00000000;
    7DAC : 00000000;
    7DAD : 00000000;
    7DAE : 00000000;
    7DAF : 00000000;
    7DB0 : 00000000;
    7DB1 : 00000000;
    7DB2 : 00000000;
    7DB3 : 00000000;
    7DB4 : 00000000;
    7DB5 : 00000000;
    7DB6 : 00000000;
    7DB7 : 00000000;
    7DB8 : 00000000;
    7DB9 : 00000000;
    7DBA : 00000000;
    7DBB : 00000000;
    7DBC : 00000000;
    7DBD : 00000000;
    7DBE : 00000000;
    7DBF : 00000000;
    7DC0 : 00000000;
    7DC1 : 00000000;
    7DC2 : 00000000;
    7DC3 : 00000000;
    7DC4 : 00000000;
    7DC5 : 00000000;
    7DC6 : 00000000;
    7DC7 : 00000000;
    7DC8 : 00000000;
    7DC9 : 00000000;
    7DCA : 00000000;
    7DCB : 00000000;
    7DCC : 00000000;
    7DCD : 00000000;
    7DCE : 00000000;
    7DCF : 00000000;
    7DD0 : 00000000;
    7DD1 : 00000000;
    7DD2 : 00000000;
    7DD3 : 00000000;
    7DD4 : 00000000;
    7DD5 : 00000000;
    7DD6 : 00000000;
    7DD7 : 00000000;
    7DD8 : 00000000;
    7DD9 : 00000000;
    7DDA : 00000000;
    7DDB : 00000000;
    7DDC : 00000000;
    7DDD : 00000000;
    7DDE : 00000000;
    7DDF : 00000000;
    7DE0 : 00000000;
    7DE1 : 00000000;
    7DE2 : 00000000;
    7DE3 : 00000000;
    7DE4 : 00000000;
    7DE5 : 00000000;
    7DE6 : 00000000;
    7DE7 : 00000000;
    7DE8 : 00000000;
    7DE9 : 00000000;
    7DEA : 00000000;
    7DEB : 00000000;
    7DEC : 00000000;
    7DED : 00000000;
    7DEE : 00000000;
    7DEF : 00000000;
    7DF0 : 00000000;
    7DF1 : 00000000;
    7DF2 : 00000000;
    7DF3 : 00000000;
    7DF4 : 00000000;
    7DF5 : 00000000;
    7DF6 : 00000000;
    7DF7 : 00000000;
    7DF8 : 00000000;
    7DF9 : 00000000;
    7DFA : 00000000;
    7DFB : 00000000;
    7DFC : 00000000;
    7DFD : 00000000;
    7DFE : 00000000;
    7DFF : 00000000;
    7E00 : 00000000;
    7E01 : 00000000;
    7E02 : 00000000;
    7E03 : 00000000;
    7E04 : 00000000;
    7E05 : 00000000;
    7E06 : 00000000;
    7E07 : 00000000;
    7E08 : 00000000;
    7E09 : 00000000;
    7E0A : 00000000;
    7E0B : 00000000;
    7E0C : 00000000;
    7E0D : 00000000;
    7E0E : 00000000;
    7E0F : 00000000;
    7E10 : 00000000;
    7E11 : 00000000;
    7E12 : 00000000;
    7E13 : 00000000;
    7E14 : 00000000;
    7E15 : 00000000;
    7E16 : 00000000;
    7E17 : 00000000;
    7E18 : 00000000;
    7E19 : 00000000;
    7E1A : 00000000;
    7E1B : 00000000;
    7E1C : 00000000;
    7E1D : 00000000;
    7E1E : 00000000;
    7E1F : 00000000;
    7E20 : 00000000;
    7E21 : 00000000;
    7E22 : 00000000;
    7E23 : 00000000;
    7E24 : 00000000;
    7E25 : 00000000;
    7E26 : 00000000;
    7E27 : 00000000;
    7E28 : 00000000;
    7E29 : 00000000;
    7E2A : 00000000;
    7E2B : 00000000;
    7E2C : 00000000;
    7E2D : 00000000;
    7E2E : 00000000;
    7E2F : 00000000;
    7E30 : 00000000;
    7E31 : 00000000;
    7E32 : 00000000;
    7E33 : 00000000;
    7E34 : 00000000;
    7E35 : 00000000;
    7E36 : 00000000;
    7E37 : 00000000;
    7E38 : 00000000;
    7E39 : 00000000;
    7E3A : 00000000;
    7E3B : 00000000;
    7E3C : 00000000;
    7E3D : 00000000;
    7E3E : 00000000;
    7E3F : 00000000;
    7E40 : 00000000;
    7E41 : 00000000;
    7E42 : 00000000;
    7E43 : 00000000;
    7E44 : 00000000;
    7E45 : 00000000;
    7E46 : 00000000;
    7E47 : 00000000;
    7E48 : 00000000;
    7E49 : 00000000;
    7E4A : 00000000;
    7E4B : 00000000;
    7E4C : 00000000;
    7E4D : 00000000;
    7E4E : 00000000;
    7E4F : 00000000;
    7E50 : 00000000;
    7E51 : 00000000;
    7E52 : 00000000;
    7E53 : 00000000;
    7E54 : 00000000;
    7E55 : 00000000;
    7E56 : 00000000;
    7E57 : 00000000;
    7E58 : 00000000;
    7E59 : 00000000;
    7E5A : 00000000;
    7E5B : 00000000;
    7E5C : 00000000;
    7E5D : 00000000;
    7E5E : 00000000;
    7E5F : 00000000;
    7E60 : 00000000;
    7E61 : 00000000;
    7E62 : 00000000;
    7E63 : 00000000;
    7E64 : 00000000;
    7E65 : 00000000;
    7E66 : 00000000;
    7E67 : 00000000;
    7E68 : 00000000;
    7E69 : 00000000;
    7E6A : 00000000;
    7E6B : 00000000;
    7E6C : 00000000;
    7E6D : 00000000;
    7E6E : 00000000;
    7E6F : 00000000;
    7E70 : 00000000;
    7E71 : 00000000;
    7E72 : 00000000;
    7E73 : 00000000;
    7E74 : 00000000;
    7E75 : 00000000;
    7E76 : 00000000;
    7E77 : 00000000;
    7E78 : 00000000;
    7E79 : 00000000;
    7E7A : 00000000;
    7E7B : 00000000;
    7E7C : 00000000;
    7E7D : 00000000;
    7E7E : 00000000;
    7E7F : 00000000;
    7E80 : 00000000;
    7E81 : 00000000;
    7E82 : 00000000;
    7E83 : 00000000;
    7E84 : 00000000;
    7E85 : 00000000;
    7E86 : 00000000;
    7E87 : 00000000;
    7E88 : 00000000;
    7E89 : 00000000;
    7E8A : 00000000;
    7E8B : 00000000;
    7E8C : 00000000;
    7E8D : 00000000;
    7E8E : 00000000;
    7E8F : 00000000;
    7E90 : 00000000;
    7E91 : 00000000;
    7E92 : 00000000;
    7E93 : 00000000;
    7E94 : 00000000;
    7E95 : 00000000;
    7E96 : 00000000;
    7E97 : 00000000;
    7E98 : 00000000;
    7E99 : 00000000;
    7E9A : 00000000;
    7E9B : 00000000;
    7E9C : 00000000;
    7E9D : 00000000;
    7E9E : 00000000;
    7E9F : 00000000;
    7EA0 : 00000000;
    7EA1 : 00000000;
    7EA2 : 00000000;
    7EA3 : 00000000;
    7EA4 : 00000000;
    7EA5 : 00000000;
    7EA6 : 00000000;
    7EA7 : 00000000;
    7EA8 : 00000000;
    7EA9 : 00000000;
    7EAA : 00000000;
    7EAB : 00000000;
    7EAC : 00000000;
    7EAD : 00000000;
    7EAE : 00000000;
    7EAF : 00000000;
    7EB0 : 00000000;
    7EB1 : 00000000;
    7EB2 : 00000000;
    7EB3 : 00000000;
    7EB4 : 00000000;
    7EB5 : 00000000;
    7EB6 : 00000000;
    7EB7 : 00000000;
    7EB8 : 00000000;
    7EB9 : 00000000;
    7EBA : 00000000;
    7EBB : 00000000;
    7EBC : 00000000;
    7EBD : 00000000;
    7EBE : 00000000;
    7EBF : 00000000;
    7EC0 : 00000000;
    7EC1 : 00000000;
    7EC2 : 00000000;
    7EC3 : 00000000;
    7EC4 : 00000000;
    7EC5 : 00000000;
    7EC6 : 00000000;
    7EC7 : 00000000;
    7EC8 : 00000000;
    7EC9 : 00000000;
    7ECA : 00000000;
    7ECB : 00000000;
    7ECC : 00000000;
    7ECD : 00000000;
    7ECE : 00000000;
    7ECF : 00000000;
    7ED0 : 00000000;
    7ED1 : 00000000;
    7ED2 : 00000000;
    7ED3 : 00000000;
    7ED4 : 00000000;
    7ED5 : 00000000;
    7ED6 : 00000000;
    7ED7 : 00000000;
    7ED8 : 00000000;
    7ED9 : 00000000;
    7EDA : 00000000;
    7EDB : 00000000;
    7EDC : 00000000;
    7EDD : 00000000;
    7EDE : 00000000;
    7EDF : 00000000;
    7EE0 : 00000000;
    7EE1 : 00000000;
    7EE2 : 00000000;
    7EE3 : 00000000;
    7EE4 : 00000000;
    7EE5 : 00000000;
    7EE6 : 00000000;
    7EE7 : 00000000;
    7EE8 : 00000000;
    7EE9 : 00000000;
    7EEA : 00000000;
    7EEB : 00000000;
    7EEC : 00000000;
    7EED : 00000000;
    7EEE : 00000000;
    7EEF : 00000000;
    7EF0 : 00000000;
    7EF1 : 00000000;
    7EF2 : 00000000;
    7EF3 : 00000000;
    7EF4 : 00000000;
    7EF5 : 00000000;
    7EF6 : 00000000;
    7EF7 : 00000000;
    7EF8 : 00000000;
    7EF9 : 00000000;
    7EFA : 00000000;
    7EFB : 00000000;
    7EFC : 00000000;
    7EFD : 00000000;
    7EFE : 00000000;
    7EFF : 00000000;
    7F00 : 00000000;
    7F01 : 00000000;
    7F02 : 00000000;
    7F03 : 00000000;
    7F04 : 00000000;
    7F05 : 00000000;
    7F06 : 00000000;
    7F07 : 00000000;
    7F08 : 00000000;
    7F09 : 00000000;
    7F0A : 00000000;
    7F0B : 00000000;
    7F0C : 00000000;
    7F0D : 00000000;
    7F0E : 00000000;
    7F0F : 00000000;
    7F10 : 00000000;
    7F11 : 00000000;
    7F12 : 00000000;
    7F13 : 00000000;
    7F14 : 00000000;
    7F15 : 00000000;
    7F16 : 00000000;
    7F17 : 00000000;
    7F18 : 00000000;
    7F19 : 00000000;
    7F1A : 00000000;
    7F1B : 00000000;
    7F1C : 00000000;
    7F1D : 00000000;
    7F1E : 00000000;
    7F1F : 00000000;
    7F20 : 00000000;
    7F21 : 00000000;
    7F22 : 00000000;
    7F23 : 00000000;
    7F24 : 00000000;
    7F25 : 00000000;
    7F26 : 00000000;
    7F27 : 00000000;
    7F28 : 00000000;
    7F29 : 00000000;
    7F2A : 00000000;
    7F2B : 00000000;
    7F2C : 00000000;
    7F2D : 00000000;
    7F2E : 00000000;
    7F2F : 00000000;
    7F30 : 00000000;
    7F31 : 00000000;
    7F32 : 00000000;
    7F33 : 00000000;
    7F34 : 00000000;
    7F35 : 00000000;
    7F36 : 00000000;
    7F37 : 00000000;
    7F38 : 00000000;
    7F39 : 00000000;
    7F3A : 00000000;
    7F3B : 00000000;
    7F3C : 00000000;
    7F3D : 00000000;
    7F3E : 00000000;
    7F3F : 00000000;
    7F40 : 00000000;
    7F41 : 00000000;
    7F42 : 00000000;
    7F43 : 00000000;
    7F44 : 00000000;
    7F45 : 00000000;
    7F46 : 00000000;
    7F47 : 00000000;
    7F48 : 00000000;
    7F49 : 00000000;
    7F4A : 00000000;
    7F4B : 00000000;
    7F4C : 00000000;
    7F4D : 00000000;
    7F4E : 00000000;
    7F4F : 00000000;
    7F50 : 00000000;
    7F51 : 00000000;
    7F52 : 00000000;
    7F53 : 00000000;
    7F54 : 00000000;
    7F55 : 00000000;
    7F56 : 00000000;
    7F57 : 00000000;
    7F58 : 00000000;
    7F59 : 00000000;
    7F5A : 00000000;
    7F5B : 00000000;
    7F5C : 00000000;
    7F5D : 00000000;
    7F5E : 00000000;
    7F5F : 00000000;
    7F60 : 00000000;
    7F61 : 00000000;
    7F62 : 00000000;
    7F63 : 00000000;
    7F64 : 00000000;
    7F65 : 00000000;
    7F66 : 00000000;
    7F67 : 00000000;
    7F68 : 00000000;
    7F69 : 00000000;
    7F6A : 00000000;
    7F6B : 00000000;
    7F6C : 00000000;
    7F6D : 00000000;
    7F6E : 00000000;
    7F6F : 00000000;
    7F70 : 00000000;
    7F71 : 00000000;
    7F72 : 00000000;
    7F73 : 00000000;
    7F74 : 00000000;
    7F75 : 00000000;
    7F76 : 00000000;
    7F77 : 00000000;
    7F78 : 00000000;
    7F79 : 00000000;
    7F7A : 00000000;
    7F7B : 00000000;
    7F7C : 00000000;
    7F7D : 00000000;
    7F7E : 00000000;
    7F7F : 00000000;
    7F80 : 00000000;
    7F81 : 00000000;
    7F82 : 00000000;
    7F83 : 00000000;
    7F84 : 00000000;
    7F85 : 00000000;
    7F86 : 00000000;
    7F87 : 00000000;
    7F88 : 00000000;
    7F89 : 00000000;
    7F8A : 00000000;
    7F8B : 00000000;
    7F8C : 00000000;
    7F8D : 00000000;
    7F8E : 00000000;
    7F8F : 00000000;
    7F90 : 00000000;
    7F91 : 00000000;
    7F92 : 00000000;
    7F93 : 00000000;
    7F94 : 00000000;
    7F95 : 00000000;
    7F96 : 00000000;
    7F97 : 00000000;
    7F98 : 00000000;
    7F99 : 00000000;
    7F9A : 00000000;
    7F9B : 00000000;
    7F9C : 00000000;
    7F9D : 00000000;
    7F9E : 00000000;
    7F9F : 00000000;
    7FA0 : 00000000;
    7FA1 : 00000000;
    7FA2 : 00000000;
    7FA3 : 00000000;
    7FA4 : 00000000;
    7FA5 : 00000000;
    7FA6 : 00000000;
    7FA7 : 00000000;
    7FA8 : 00000000;
    7FA9 : 00000000;
    7FAA : 00000000;
    7FAB : 00000000;
    7FAC : 00000000;
    7FAD : 00000000;
    7FAE : 00000000;
    7FAF : 00000000;
    7FB0 : 00000000;
    7FB1 : 00000000;
    7FB2 : 00000000;
    7FB3 : 00000000;
    7FB4 : 00000000;
    7FB5 : 00000000;
    7FB6 : 00000000;
    7FB7 : 00000000;
    7FB8 : 00000000;
    7FB9 : 00000000;
    7FBA : 00000000;
    7FBB : 00000000;
    7FBC : 00000000;
    7FBD : 00000000;
    7FBE : 00000000;
    7FBF : 00000000;
    7FC0 : 00000000;
    7FC1 : 00000000;
    7FC2 : 00000000;
    7FC3 : 00000000;
    7FC4 : 00000000;
    7FC5 : 00000000;
    7FC6 : 00000000;
    7FC7 : 00000000;
    7FC8 : 00000000;
    7FC9 : 00000000;
    7FCA : 00000000;
    7FCB : 00000000;
    7FCC : 00000000;
    7FCD : 00000000;
    7FCE : 00000000;
    7FCF : 00000000;
    7FD0 : 00000000;
    7FD1 : 00000000;
    7FD2 : 00000000;
    7FD3 : 00000000;
    7FD4 : 00000000;
    7FD5 : 00000000;
    7FD6 : 00000000;
    7FD7 : 00000000;
    7FD8 : 00000000;
    7FD9 : 00000000;
    7FDA : 00000000;
    7FDB : 00000000;
    7FDC : 00000000;
    7FDD : 00000000;
    7FDE : 00000000;
    7FDF : 00000000;
    7FE0 : 00000000;
    7FE1 : 00000000;
    7FE2 : 00000000;
    7FE3 : 00000000;
    7FE4 : 00000000;
    7FE5 : 00000000;
    7FE6 : 00000000;
    7FE7 : 00000000;
    7FE8 : 00000000;
    7FE9 : 00000000;
    7FEA : 00000000;
    7FEB : 00000000;
    7FEC : 00000000;
    7FED : 00000000;
    7FEE : 00000000;
    7FEF : 00000000;
    7FF0 : 00000000;
    7FF1 : 00000000;
    7FF2 : 00000000;
    7FF3 : 00000000;
    7FF4 : 00000000;
    7FF5 : 00000000;
    7FF6 : 00000000;
    7FF7 : 00000000;
    7FF8 : 00000000;
    7FF9 : 00000000;
    7FFA : 00000000;
    7FFB : 00000000;
    7FFC : 00000000;
    7FFD : 00000000;
    7FFE : 00000000;
    7FFF : 00000000;
END;
